symbol,date,open,high,low,close,change,change_percent,volume_traded,value_traded_sar,no_of_trades
4090,2026-09-14,18.66,18.67,18.48,18.56,-0.1,-0.54,106967.0,1984839.8,391.0
4090,2026-09-13,18.8,18.85,18.56,18.66,-0.29,-1.53,64406.0,1202817.41,339.0
4090,2026-09-10,18.73,18.99,18.73,18.95,0.15,0.8,56263.0,1061365.01,318.0
4090,2026-09-09,18.85,19.18,18.75,18.8,-0.15,-0.79,127665.0,2410451.18,433.0
4090,2026-09-08,18.99,19.06,18.74,18.95,-0.05,-0.26,243309.0,4587577.2,608.0
4090,2026-09-07,19.0,19.06,18.89,19.0,0.0,0.0,52598.0,996448.33,381.0
4090,2026-09-06,19.18,19.45,18.91,19.0,-0.17,-0.89,81497.0,1554106.24,528.0
4090,2026-09-03,19.5,19.5,18.89,19.17,-0.49,-2.49,205845.0,3960722.88,961.0
4090,2026-09-02,18.8,19.66,18.62,19.66,0.74,3.91,138344.0,2654788.6,494.0
4090,2026-09-01,18.89,19.45,18.61,18.92,0.03,0.16,353469.0,6732641.13,1679.0
4090,2026-08-31,18.89,18.89,18.65,18.89,0.17,0.91,86300.0,1621004.23,468.0
4090,2026-08-30,18.62,18.94,18.62,18.72,-0.02,-0.11,33631.0,630731.39,296.0
4090,2026-08-27,18.8,18.98,18.72,18.74,-0.06,-0.32,111908.0,2103104.8,466.0
4090,2026-08-26,18.58,18.9,18.58,18.8,0.22,1.18,172528.0,3242692.69,735.0
4090,2026-08-25,18.42,18.6,18.35,18.58,0.16,0.87,122867.0,2269944.67,604.0
4090,2026-08-24,18.32,18.46,18.3,18.42,0.07,0.38,76222.0,1402043.34,509.0
4090,2026-08-23,18.28,18.5,18.28,18.35,0.07,0.38,58840.0,1081422.83,313.0
4090,2026-08-20,18.34,18.42,18.25,18.28,-0.06,-0.33,63929.0,1171843.83,436.0
4090,2026-08-19,18.04,18.64,18.04,18.34,0.3,1.66,191432.0,3527509.61,864.0
4090,2026-08-18,18.22,18.4,18.04,18.04,-0.18,-0.99,57490.0,1045741.68,492.0
4090,2026-08-17,17.98,18.33,17.96,18.22,0.24,1.33,180177.0,3274189.78,702.0
4090,2026-08-16,18.04,18.15,17.97,17.98,0.01,0.06,95126.0,1717275.03,360.0
4090,2026-08-13,18.02,18.08,17.88,17.97,-0.05,-0.28,80648.0,1447947.27,435.0
4090,2026-08-12,17.66,18.02,17.6,18.02,0.32,1.81,367749.0,6541953.73,921.0
4090,2026-08-11,18.0,18.0,17.7,17.7,-0.2,-1.12,131603.0,2337685.16,730.0
4090,2026-08-10,17.89,18.06,17.7,17.9,-0.08,-0.44,130695.0,2340657.59,702.0
4090,2026-08-09,17.98,18.0,17.89,17.98,0.05,0.28,318942.0,5732289.45,255.0
4090,2026-08-06,18.1,18.12,17.92,17.93,-0.2,-1.1,75385.0,1356820.04,466.0
4090,2026-08-05,18.38,18.38,17.86,18.13,-0.52,-2.79,328038.0,5914014.52,1446.0
4090,2026-08-04,18.55,18.78,18.38,18.65,0.1,0.54,165779.0,3084530.13,884.0
4090,2026-08-03,18.0,18.66,17.9,18.55,0.55,3.06,179492.0,3292458.05,912.0
4090,2026-08-02,17.83,18.09,17.8,18.0,0.17,0.95,62467.0,1123068.27,371.0
4090,2026-07-30,17.65,17.87,17.6,17.83,0.18,1.02,112939.0,2006501.89,793.0
4090,2026-07-29,17.94,17.94,17.54,17.65,-0.27,-1.51,133319.0,2355389.15,892.0
4090,2026-07-28,18.21,18.21,17.77,17.92,-0.29,-1.59,124065.0,2224555.62,797.0
4090,2026-07-27,18.11,18.52,18.11,18.21,0.0,0.0,164142.0,3006519.58,532.0
4090,2026-07-26,18.25,18.3,18.15,18.21,0.01,0.05,84445.0,1538692.88,253.0
4090,2026-07-23,18.3,18.36,18.2,18.2,-0.1,-0.55,433822.0,7941142.62,485.0
4090,2026-07-22,18.31,18.4,18.16,18.3,-0.16,-0.87,502595.0,9183351.4,632.0
4090,2026-07-21,18.33,18.72,18.24,18.46,0.13,0.71,523789.0,9705635.1,840.0
4090,2026-07-20,18.15,18.4,18.12,18.33,0.16,0.88,133864.0,2448797.0,605.0
4090,2026-07-19,18.23,18.3,18.06,18.17,-0.14,-0.76,590471.0,10738842.45,508.0
4090,2026-07-16,18.23,18.52,18.23,18.31,-0.18,-0.97,100285.0,1842867.65,504.0
4090,2026-07-15,18.14,18.6,18.01,18.49,0.35,1.93,115878.0,2137268.43,631.0
4090,2026-07-14,18.4,18.5,18.05,18.14,-0.45,-2.42,633312.0,11502006.61,1020.0
4090,2026-07-13,18.5,18.63,18.38,18.59,0.09,0.49,108957.0,2020679.98,523.0
4090,2026-07-12,18.43,18.57,18.43,18.5,0.06,0.33,19002.0,351300.48,224.0
4090,2026-07-09,18.6,18.61,18.32,18.44,-0.33,-1.76,77541.0,1432844.42,495.0
4090,2026-07-08,18.7,18.78,18.53,18.77,0.05,0.27,104284.0,1944711.45,566.0
4090,2026-07-07,18.61,18.81,18.61,18.72,-0.02,-0.11,59878.0,1119700.9,449.0
4090,2026-07-06,18.86,18.98,18.57,18.74,-0.12,-0.64,115738.0,2173641.11,713.0
4090,2026-07-05,18.36,18.96,18.36,18.86,0.22,1.18,72693.0,1362773.12,491.0
4090,2026-07-02,18.63,18.74,18.58,18.64,-0.13,-0.69,92691.0,1727488.99,574.0
4090,2026-07-01,18.31,18.9,18.31,18.77,0.33,1.79,214662.0,4009400.07,1040.0
4090,2026-06-30,18.54,18.56,18.27,18.44,-0.07,-0.38,180823.0,3321166.19,1173.0
4090,2026-06-29,18.96,19.0,18.42,18.51,-0.46,-2.42,220495.0,4101420.02,1440.0
4090,2026-06-28,19.53,19.53,18.97,18.97,-0.56,-2.87,230138.0,4389744.29,1061.0
4090,2026-06-25,19.5,19.68,19.28,19.53,0.0,0.0,156152.0,3045284.31,957.0
4090,2026-06-24,19.7,19.84,19.31,19.53,0.2,1.03,458117.0,8989844.69,1494.0
4090,2026-06-23,19.75,19.75,19.17,19.33,-0.42,-2.13,209715.0,4050987.37,972.0
4090,2026-06-22,19.52,19.79,19.45,19.75,0.17,0.87,111345.0,2190455.95,495.0
4090,2026-06-21,19.53,19.58,19.38,19.58,0.05,0.26,102509.0,1996325.5,476.0
4090,2026-06-18,20.27,20.27,19.23,19.53,-0.56,-2.79,604716.0,11806801.13,2251.0
4090,2026-06-17,20.22,20.27,19.92,20.09,-0.29,-1.42,127484.0,2559588.0,810.0
4090,2026-06-16,20.37,20.45,20.28,20.38,0.01,0.05,74433.0,1515445.36,597.0
4090,2026-06-15,20.45,20.58,20.3,20.37,-0.11,-0.54,146014.0,2985310.44,476.0
4090,2026-06-14,20.43,20.57,20.3,20.48,0.07,0.34,98766.0,2016506.02,323.0
4090,2026-06-11,20.3,20.66,20.21,20.41,0.09,0.44,274409.0,5611723.04,747.0
4090,2026-06-10,20.23,20.37,20.16,20.32,-0.08,-0.39,96577.0,1955337.77,490.0
4090,2026-06-09,20.3,20.48,20.2,20.4,0.06,0.29,159988.0,3257044.17,713.0
4090,2026-06-08,20.08,20.4,20.05,20.34,0.21,1.04,168584.0,3407363.13,611.0
4090,2026-06-07,20.23,20.28,19.98,20.13,-0.1,-0.49,133324.0,2679635.83,507.0
4090,2026-06-04,20.4,20.48,20.2,20.23,-0.15,-0.74,283608.0,5746312.78,971.0
4090,2026-06-03,20.16,20.44,20.13,20.38,0.23,1.14,231304.0,4687282.23,1175.0
4090,2026-06-02,20.8,20.8,19.96,20.15,-0.5,-2.42,1238085.0,25028731.51,1412.0
4090,2026-06-01,20.36,20.65,20.04,20.65,0.38,1.87,408852.0,8339523.25,1111.0
4090,2026-05-31,19.67,20.3,19.67,20.27,0.61,3.1,295753.0,5924595.87,1272.0
4090,2026-05-21,19.35,19.7,19.24,19.66,0.31,1.6,460575.0,9036287.35,976.0
4090,2026-05-20,19.21,19.75,18.98,19.35,0.15,0.78,528321.0,10226018.44,1912.0
4090,2026-05-19,19.03,19.25,19.02,19.2,0.02,0.1,116999.0,2244461.31,632.0
4090,2026-05-18,19.26,19.47,19.14,19.18,-0.03,-0.16,422322.0,8153775.64,953.0
4090,2026-05-17,19.2,19.5,19.12,19.21,-0.16,-0.83,151973.0,2928906.29,836.0
4090,2026-05-14,19.29,19.53,18.89,19.37,0.17,0.89,498380.0,9533849.8,1662.0
4090,2026-05-13,19.66,19.69,18.99,19.2,-0.51,-2.59,391752.0,7556353.38,1989.0
4090,2026-05-12,19.96,19.97,19.7,19.71,-0.25,-1.25,116380.0,2300169.41,819.0
4090,2026-05-11,20.0,20.2,19.68,19.96,-0.46,-2.25,230032.0,4588622.85,1373.0
4090,2026-05-10,19.96,20.72,19.96,20.42,0.47,2.36,393275.0,8038184.32,1275.0
4090,2026-05-07,20.32,20.32,19.83,19.95,-0.11,-0.55,174651.0,3499722.38,698.0
4090,2026-05-06,19.76,20.27,19.76,20.06,0.3,1.52,140452.0,2820439.52,635.0
4090,2026-05-05,19.95,19.95,19.63,19.76,-0.21,-1.05,132309.0,2612116.78,639.0
4090,2026-05-04,20.57,20.57,19.95,19.97,-0.35,-1.72,190074.0,3809102.3,816.0
4090,2026-05-03,20.28,20.83,20.28,20.32,0.09,0.44,326715.0,6694314.32,790.0
4090,2026-04-30,20.31,20.32,20.0,20.23,0.0,0.0,230000.0,4628018.56,849.0
4090,2026-04-29,20.47,20.49,20.23,20.23,-0.24,-1.17,93944.0,1912938.92,602.0
4090,2026-04-28,20.33,20.67,20.19,20.47,0.15,0.74,238442.0,4874715.52,780.0
4090,2026-04-27,19.86,20.48,19.72,20.32,0.46,2.32,490739.0,9840039.42,1539.0
4090,2026-04-26,20.26,20.26,19.56,19.86,-0.4,-1.97,201682.0,4019023.56,872.0
4090,2026-04-23,20.66,20.66,20.21,20.26,-0.24,-1.17,215825.0,4383346.8,845.0
4090,2026-04-22,20.75,20.84,20.43,20.5,-0.26,-1.25,211770.0,4352401.88,846.0
4090,2026-04-21,20.99,21.06,20.61,20.76,-0.23,-1.1,268084.0,5577702.94,1139.0
4090,2026-04-20,21.36,21.36,20.84,20.99,-0.37,-1.73,336579.0,7078405.6,1124.0
4090,2026-04-19,21.41,21.78,21.31,21.36,0.05,0.23,344008.0,7412796.1,894.0
4090,2026-04-16,21.58,21.65,21.22,21.31,-0.27,-1.25,356159.0,7609404.92,1443.0
4090,2026-04-15,22.02,22.07,21.58,21.58,-0.44,-2.0,1121460.0,24398945.62,1680.0
4090,2026-04-14,22.35,22.37,21.95,22.02,-0.28,-1.26,406238.0,9003542.4,915.0
4090,2026-04-13,22.14,22.39,22.12,22.3,0.05,0.22,353284.0,7881232.0,922.0
4090,2026-04-12,21.93,22.66,21.93,22.25,0.32,1.46,404820.0,9066798.8,1163.0
4090,2026-04-09,21.88,21.98,21.37,21.93,0.57,2.67,613566.0,13317279.76,1512.0
4090,2026-04-08,20.88,21.45,20.88,21.36,0.63,3.04,335755.0,7129964.76,1180.0
4090,2026-04-07,20.92,20.96,20.61,20.73,-0.19,-0.91,229212.0,4763492.84,715.0
4090,2026-04-06,20.77,20.94,20.57,20.92,0.33,1.6,492108.0,10223393.98,1036.0
4090,2026-04-05,20.16,20.75,20.16,20.59,0.48,2.39,415080.0,8515022.72,796.0
4090,2026-04-02,19.59,20.14,19.59,20.11,0.61,3.13,1058250.0,21180150.34,1835.0
4090,2026-04-01,19.19,19.5,19.12,19.5,0.24,1.25,588048.0,11437298.82,703.0
4090,2026-03-31,19.13,19.38,19.13,19.26,0.05,0.26,458928.0,8834225.88,744.0
4090,2026-03-30,19.4,19.58,19.16,19.21,-0.07,-0.36,143003.0,2762535.78,633.0
4090,2026-03-29,18.83,19.43,18.83,19.28,0.45,2.39,243554.0,4676227.42,619.0
4090,2026-03-26,18.72,19.01,18.72,18.83,-0.01,-0.05,170439.0,3214275.88,697.0
4090,2026-03-25,18.54,18.85,18.47,18.84,0.16,0.86,213961.0,4003555.72,863.0
4090,2026-03-24,19.38,19.53,18.4,18.68,-0.64,-3.31,530626.0,9958889.42,1245.0
4090,2026-03-16,18.75,19.58,18.75,19.32,0.53,2.82,498832.0,9558463.94,1298.0
4090,2026-03-15,18.75,18.87,18.6,18.79,-0.03,-0.16,95856.0,1795529.82,474.0
4090,2026-03-12,18.9,18.93,18.66,18.82,-0.08,-0.42,129531.0,2432555.14,547.0
4090,2026-03-11,18.75,19.0,18.67,18.9,0.16,0.85,161138.0,3042435.66,546.0
4090,2026-03-10,18.27,18.83,18.27,18.74,0.4,2.18,240201.0,4482379.62,736.0
4090,2026-03-09,18.45,18.56,18.21,18.34,-0.13,-0.7,215464.0,3959799.26,884.0
4090,2026-03-08,18.49,18.61,18.35,18.47,0.07,0.38,315034.0,5816720.06,606.0
4090,2026-03-05,18.67,18.67,18.33,18.4,-0.27,-1.45,404006.0,7458491.22,1053.0
4090,2026-03-04,18.19,18.67,18.07,18.67,0.79,4.42,648879.0,11848417.3,1143.0
4090,2026-03-03,17.09,18.32,17.0,17.88,0.81,4.75,1684012.0,29839941.48,2843.0
4090,2026-03-02,17.66,17.75,16.99,17.07,-0.12,-0.7,820052.0,14112014.34,2633.0
4090,2026-03-01,16.67,17.39,16.42,17.19,-0.47,-2.66,147996.0,2501518.64,396.0
4090,2026-02-26,16.99,17.66,16.8,17.66,0.68,4.0,181727.0,3125719.96,831.0
4090,2026-02-25,16.82,17.14,16.82,16.98,-0.07,-0.41,92345.0,1574013.88,631.0
4090,2026-02-24,17.24,17.35,15.89,17.05,-0.19,-1.1,549581.0,9099492.82,1005.0
4090,2026-02-23,17.66,17.69,16.68,17.24,-0.56,-3.15,154516.0,2661121.06,800.0
4090,2026-02-19,18.16,18.16,17.67,17.8,-0.36,-1.98,148303.0,2643249.44,577.0
4090,2026-02-18,17.8,18.32,17.8,18.16,-0.06,-0.33,59996.0,1090124.34,394.0
4090,2026-02-17,18.44,18.45,18.09,18.22,-0.42,-2.25,106932.0,1951115.3,555.0
4090,2026-02-16,18.79,18.79,18.44,18.64,-0.15,-0.8,127757.0,2371408.78,449.0
4090,2026-02-15,18.08,19.1,17.96,18.79,0.87,4.85,318257.0,5929899.1,839.0
4090,2026-02-12,17.75,18.04,17.66,17.92,0.17,0.96,121825.0,2174556.3,537.0
4090,2026-02-11,17.89,17.95,17.71,17.75,-0.24,-1.33,261594.0,4645533.16,901.0
4090,2026-02-10,18.83,18.83,17.82,17.99,-0.76,-4.05,583877.0,10558127.34,1488.0
4090,2026-02-09,18.9,19.01,18.56,18.75,-0.15,-0.79,184403.0,3462120.6,577.0
4090,2026-02-08,18.26,18.96,18.26,18.9,0.63,3.45,200795.0,3767582.54,554.0
4090,2026-02-05,18.68,18.68,18.23,18.27,-0.43,-2.3,55838.0,1023925.98,476.0
4090,2026-02-04,18.82,18.82,18.65,18.7,-0.2,-1.06,61463.0,1150582.52,369.0
4090,2026-02-03,18.75,19.11,18.75,18.9,-0.09,-0.47,152268.0,2881150.62,481.0
4090,2026-02-02,18.24,18.99,18.24,18.99,0.24,1.28,115991.0,2174117.98,550.0
4090,2026-02-01,18.86,19.09,18.4,18.75,-0.37,-1.94,129784.0,2415334.2,568.0
4090,2026-01-29,19.27,19.28,18.99,19.12,-0.16,-0.83,175864.0,3364855.74,753.0
4090,2026-01-28,19.26,19.36,19.07,19.28,0.21,1.1,168009.0,3228509.44,668.0
4090,2026-01-27,18.91,19.38,18.89,19.07,0.16,0.85,437677.0,8364751.84,975.0
4090,2026-01-26,19.02,19.2,18.63,18.91,-0.1,-0.53,518767.0,9806503.22,1252.0
4090,2026-01-25,18.18,19.38,18.03,19.01,0.83,4.57,781437.0,14811646.58,1718.0
4090,2026-01-22,17.71,18.18,17.7,18.18,0.36,2.02,189030.0,3407431.9,656.0
4090,2026-01-21,17.25,17.88,17.25,17.82,0.36,2.06,248676.0,4411415.96,767.0
4090,2026-01-20,17.5,17.51,17.32,17.46,-0.01,-0.06,128078.0,2234444.0,443.0
4090,2026-01-19,17.4,17.58,17.4,17.47,-0.14,-0.8,99670.0,1742052.6,380.0
4090,2026-01-18,17.5,17.7,17.36,17.61,0.31,1.79,68519.0,1204444.54,269.0
4090,2026-01-15,17.45,17.47,17.18,17.3,-0.18,-1.03,194631.0,3369223.84,991.0
4090,2026-01-14,17.55,17.75,17.45,17.48,-0.23,-1.3,221509.0,3896634.66,1016.0
4090,2026-01-13,17.14,17.84,17.07,17.71,0.57,3.33,404770.0,7120209.22,1002.0
4090,2026-01-12,16.43,17.14,16.43,17.14,0.78,4.77,273026.0,4617644.56,648.0
4090,2026-01-11,16.04,16.43,16.03,16.36,0.36,2.25,142237.0,2311245.88,593.0
4090,2026-01-08,16.04,16.08,15.84,16.0,-0.11,-0.68,410932.0,6553655.68,734.0
4090,2026-01-07,17.13,17.13,16.04,16.11,-0.26,-1.59,608203.0,9874832.62,1351.0
4090,2026-01-06,16.42,16.51,16.25,16.37,-0.05,-0.3,215663.0,3527441.96,581.0
4090,2026-01-05,16.73,16.87,16.33,16.42,-0.35,-2.09,284793.0,4739579.04,1149.0
4090,2026-01-04,16.97,16.97,16.64,16.77,-0.2,-1.18,215957.0,3618653.98,332.0
4090,2026-01-01,16.68,16.97,16.68,16.97,0.25,1.5,57771.0,976342.6,204.0
4090,2025-12-31,16.39,16.92,16.39,16.72,0.26,1.58,182472.0,3035214.26,614.0
4090,2025-12-30,16.62,16.69,16.19,16.46,-0.25,-1.5,298367.0,4897711.08,818.0
4090,2025-12-29,16.51,16.71,16.41,16.71,0.2,1.21,161611.0,2688382.06,532.0
4090,2025-12-28,16.62,16.62,16.34,16.51,-0.11,-0.66,122263.0,2009350.72,392.0
4090,2025-12-25,16.47,16.69,16.42,16.62,0.0,0.0,79479.0,1319913.92,203.0
4090,2025-12-24,16.46,16.72,16.3,16.62,0.27,1.65,224922.0,3719178.38,653.0
4090,2025-12-23,16.33,16.51,16.2,16.35,-0.01,-0.06,353915.0,5768447.52,973.0
4090,2025-12-22,16.92,16.93,16.2,16.36,-0.63,-3.71,824254.0,13579060.04,1508.0
4090,2025-12-21,17.13,17.28,16.8,16.99,-0.14,-0.82,171445.0,2922014.32,655.0
4090,2025-12-18,17.18,17.18,16.75,17.13,0.15,0.88,276775.0,4696964.6,841.0
4090,2025-12-17,16.88,17.19,16.67,16.98,0.15,0.89,232353.0,3949732.9,665.0
4090,2025-12-16,16.93,17.05,16.8,16.83,-0.19,-1.12,230268.0,3896934.36,934.0
4090,2025-12-15,17.0,17.12,16.68,17.02,0.02,0.12,182015.0,3080797.78,944.0
4090,2025-12-14,17.61,17.61,16.89,17.0,-0.61,-3.46,424015.0,7236173.7,806.0
4090,2025-12-11,17.55,17.63,17.4,17.61,0.06,0.34,117684.0,2057685.72,519.0
4090,2025-12-10,17.48,17.63,17.25,17.55,0.05,0.29,136755.0,2395266.72,477.0
4090,2025-12-09,17.5,17.65,17.14,17.5,0.05,0.29,302475.0,5244955.3,1027.0
4090,2025-12-08,17.91,18.01,17.34,17.45,-0.57,-3.16,319290.0,5602489.74,1106.0
4090,2025-12-07,18.01,18.08,17.9,18.02,0.01,0.06,198534.0,3576225.2,349.0
4090,2025-12-04,17.73,18.2,17.73,18.01,0.14,0.78,120798.0,2177306.24,451.0
4090,2025-12-03,18.0,18.23,17.72,17.87,-0.26,-1.43,222355.0,3972927.12,846.0
4090,2025-12-02,18.5,18.67,18.09,18.13,-0.51,-2.74,215807.0,3945434.2,840.0
4090,2025-12-01,18.08,18.64,18.0,18.64,0.07,0.38,119765.0,2193584.4,477.0
4090,2025-11-30,18.49,18.59,18.38,18.57,0.19,1.03,115724.0,2136503.84,399.0
4090,2025-11-27,18.9,18.9,18.1,18.38,-0.24,-1.29,204683.0,3745908.08,897.0
4090,2025-11-26,18.7,18.77,18.34,18.62,-0.24,-1.27,167825.0,3117878.9,679.0
4090,2025-11-25,18.44,18.86,18.16,18.86,0.42,2.28,233509.0,4340588.38,625.0
4090,2025-11-24,18.23,18.67,18.07,18.44,0.16,0.88,502981.0,9241530.16,1385.0
4090,2025-11-23,18.13,18.28,18.08,18.28,0.05,0.27,266063.0,4839829.64,535.0
4090,2025-11-20,17.82,18.34,17.58,18.23,0.41,2.3,597389.0,10757452.24,1738.0
4090,2025-11-19,18.9,18.9,17.78,17.82,-0.97,-5.16,623610.0,11292734.98,1738.0
4090,2025-11-18,18.41,18.82,18.39,18.79,0.38,2.06,261820.0,4886075.78,1086.0
4090,2025-11-17,19.0,19.0,18.23,18.41,-0.4,-2.13,354532.0,6551160.44,765.0
4090,2025-11-16,18.76,18.96,18.69,18.81,-0.18,-0.95,39373.0,739788.9,255.0
4090,2025-11-13,19.33,19.42,18.99,18.99,-0.34,-1.76,250281.0,4826609.38,650.0
4090,2025-11-12,19.33,19.48,19.27,19.33,0.0,0.0,131368.0,2544934.78,426.0
4090,2025-11-11,19.74,19.74,19.17,19.33,-0.2,-1.02,58856.0,1137464.0,442.0
4090,2025-11-10,19.34,19.59,18.66,19.53,0.16,0.83,561552.0,10802267.34,1024.0
4090,2025-11-09,19.79,20.07,19.03,19.37,-0.81,-4.01,148697.0,2889891.92,523.0
4090,2025-11-06,20.38,20.38,20.02,20.18,-0.24,-1.18,175081.0,3531943.94,967.0
4090,2025-11-05,20.33,20.73,20.07,20.42,-0.07,-0.34,346160.0,7032733.78,1464.0
4090,2025-11-04,20.42,20.81,20.26,20.49,0.02,0.1,141172.0,2884206.16,740.0
4090,2025-11-03,20.6,20.64,20.18,20.47,-0.11,-0.53,1510062.0,30843919.16,1610.0
4090,2025-11-02,20.9,21.13,20.58,20.58,-0.47,-2.23,83026.0,1734007.84,705.0
4090,2025-10-30,21.24,21.24,20.88,21.05,-0.19,-0.89,776751.0,16358808.88,1691.0
4090,2025-10-29,21.15,21.4,21.1,21.24,0.04,0.19,233689.0,4974211.0,785.0
4090,2025-10-28,21.22,21.27,21.09,21.2,-0.02,-0.09,594174.0,12596058.64,1398.0
4090,2025-10-27,21.48,21.48,21.14,21.22,-0.26,-1.21,253441.0,5386480.38,750.0
4090,2025-10-26,21.49,21.57,21.39,21.48,-0.1,-0.46,64407.0,1381564.74,314.0
4090,2025-10-23,21.64,21.67,21.46,21.58,-0.06,-0.28,85582.0,1843376.04,521.0
4090,2025-10-22,21.62,21.69,21.42,21.64,0.02,0.09,303742.0,6555987.1,846.0
4090,2025-10-21,21.36,21.62,21.31,21.62,0.11,0.51,103022.0,2215676.72,506.0
4090,2025-10-20,21.77,21.92,21.46,21.51,-0.45,-2.05,126876.0,2736026.3,938.0
4090,2025-10-19,21.89,22.12,21.82,21.96,0.08,0.37,101486.0,2224033.62,409.0
4090,2025-10-16,22.4,22.4,21.64,21.88,-0.52,-2.32,259052.0,5683055.7,1124.0
4090,2025-10-15,21.46,22.4,21.31,22.4,0.94,4.38,613989.0,13652395.36,522.0
4090,2025-10-14,21.37,21.47,21.16,21.46,0.1,0.47,118253.0,2522946.8,519.0
4090,2025-10-13,21.32,21.47,21.13,21.36,0.11,0.52,747889.0,15970730.86,1015.0
4090,2025-10-12,20.96,21.35,20.96,21.25,0.12,0.57,155009.0,3285923.2,360.0
4090,2025-10-09,21.11,21.18,20.95,21.13,-0.19,-0.89,315907.0,6656450.4,1170.0
4090,2025-10-08,21.51,21.55,21.1,21.32,-0.31,-1.43,220576.0,4690474.36,1127.0
4090,2025-10-07,21.75,21.78,21.52,21.63,-0.12,-0.55,238698.0,5162343.08,1145.0
4090,2025-10-06,21.59,21.83,21.56,21.75,0.16,0.74,221305.0,4803322.06,1264.0
4090,2025-10-05,21.62,21.62,21.47,21.59,0.04,0.19,80446.0,1733513.44,343.0
4090,2025-10-02,21.87,21.87,21.41,21.55,-0.09,-0.42,512151.0,11025388.56,1155.0
4090,2025-10-01,21.61,21.67,21.36,21.64,0.03,0.14,479881.0,10376599.56,1430.0
4090,2025-09-30,21.17,21.61,21.17,21.61,0.35,1.65,647270.0,13876070.26,2561.0
4090,2025-09-29,21.07,21.34,20.99,21.26,0.08,0.38,214894.0,4548168.6,700.0
4090,2025-09-28,21.55,21.56,21.15,21.18,-0.37,-1.72,197653.0,4208946.98,486.0
4090,2025-09-25,21.39,21.55,21.13,21.55,0.12,0.56,712766.0,15207254.0,1506.0
4090,2025-09-24,20.58,21.52,20.58,21.43,0.91,4.43,701676.0,14928882.0,2236.0
4090,2025-09-22,20.37,20.58,20.37,20.52,0.0,0.0,188699.0,3860920.66,1038.0
4090,2025-09-21,20.37,20.58,20.28,20.52,0.23,1.13,189147.0,3853154.96,624.0
4090,2025-09-18,20.14,20.29,19.74,20.29,0.14,0.69,10446036.0,211778312.78,3005.0
4090,2025-09-17,20.31,20.43,19.9,20.15,0.25,1.26,307760.0,6210643.84,1796.0
4090,2025-09-16,19.77,20.26,19.65,19.9,0.12,0.61,439787.0,8821578.52,1870.0
4090,2025-09-15,19.51,19.89,19.46,19.78,0.27,1.38,633076.0,12443485.16,2027.0
4090,2025-09-14,19.26,20.26,19.26,19.51,0.38,1.99,843015.0,16600631.86,2172.0
4090,2025-09-11,18.84,19.79,18.66,19.13,0.48,2.57,923540.0,17890534.4,3896.0
4090,2025-09-10,18.67,18.86,18.32,18.65,0.05,0.27,329587.0,6139276.66,1776.0
4090,2025-09-09,18.72,18.87,18.53,18.6,0.04,0.22,379186.0,7072828.86,2141.0
4090,2025-09-08,18.5,18.75,18.47,18.56,0.05,0.27,431615.0,8016441.34,1921.0
4090,2025-09-07,18.54,18.83,18.51,18.51,0.04,0.22,212210.0,3955791.92,864.0
4090,2025-09-04,19.27,19.27,18.47,18.47,-0.85,-4.4,726181.0,13646865.88,2486.0
4090,2025-09-03,19.64,19.64,19.11,19.32,-0.32,-1.63,538917.0,10395264.44,1863.0
4090,2025-09-02,19.38,19.69,19.38,19.64,0.23,1.18,464134.0,9098680.12,1824.0
4090,2025-09-01,19.59,19.78,19.39,19.41,-0.37,-1.87,258902.0,5056212.72,1572.0
4090,2025-08-31,19.59,19.78,19.46,19.78,0.16,0.82,295545.0,5820992.54,552.0
4090,2025-08-28,19.78,19.82,19.54,19.62,-0.15,-0.76,391896.0,7702776.86,1293.0
4090,2025-08-27,19.42,19.9,19.42,19.77,0.37,1.91,595375.0,11764442.2,2492.0
4090,2025-08-26,19.54,19.54,19.17,19.4,-0.19,-0.97,6801355.0,131876073.2,2510.0
4090,2025-08-25,19.52,19.79,19.43,19.59,0.18,0.93,996171.0,19542950.46,2880.0
4090,2025-08-24,19.47,19.61,19.4,19.41,-0.06,-0.31,260759.0,5080148.52,736.0
4090,2025-08-21,19.48,19.71,19.34,19.47,0.13,0.67,1190939.0,23202010.46,2250.0
4090,2025-08-20,18.96,19.5,18.96,19.34,0.38,2.0,1776478.0,34347666.12,4565.0
4090,2025-08-19,19.28,19.42,18.94,18.96,-0.33,-1.71,335724.0,6414139.24,1480.0
4090,2025-08-18,19.2,19.41,19.12,19.29,0.01,0.05,411222.0,7914669.52,1958.0
4090,2025-08-17,19.13,19.56,19.13,19.28,-0.04,-0.21,187928.0,3631555.1,553.0
4090,2025-08-14,19.27,19.41,19.17,19.32,0.05,0.26,229533.0,4419246.76,1325.0
4090,2025-08-13,19.27,19.53,19.13,19.27,0.14,0.73,392676.0,7566610.94,2120.0
4090,2025-08-12,19.27,19.4,19.07,19.13,-0.14,-0.73,335268.0,6431179.74,1866.0
4090,2025-08-11,19.77,19.77,18.81,19.27,-0.39,-1.98,473758.0,9152938.28,2166.0
4090,2025-08-10,20.45,20.55,19.66,19.66,-0.79,-3.86,341662.0,6826189.64,1134.0
4090,2025-08-07,20.24,20.52,20.07,20.45,0.21,1.04,1019895.0,20689702.68,2867.0
4090,2025-08-06,20.32,20.32,20.0,20.24,-0.13,-0.64,2034589.0,40949016.32,2634.0
4090,2025-08-05,20.84,20.84,20.27,20.37,-0.32,-1.55,321620.0,6608551.8,1525.0
4090,2025-08-04,20.65,20.93,20.48,20.69,0.01,0.05,208399.0,4307314.48,1097.0
4090,2025-08-03,20.73,20.75,20.49,20.68,-0.13,-0.62,48343.0,998067.82,285.0
4090,2025-07-31,20.63,20.98,20.63,20.81,-0.17,-0.81,100373.0,2086574.06,918.0
4090,2025-07-30,20.9,20.98,20.62,20.98,0.08,0.38,280301.0,5818546.86,1986.0
4090,2025-07-29,21.05,21.05,20.62,20.9,-0.11,-0.52,1169822.0,24279676.2,1272.0
4090,2025-07-28,21.05,21.23,20.87,21.01,0.02,0.1,362794.0,7637818.28,1576.0
4090,2025-07-27,20.93,21.19,20.59,20.99,0.06,0.29,110885.0,2327382.72,365.0
4090,2025-07-24,20.86,20.95,20.47,20.93,0.07,0.34,443507.0,9153973.26,1176.0
4090,2025-07-23,20.43,20.94,20.43,20.86,0.24,1.16,477825.0,9865867.24,1581.0
4090,2025-07-22,21.1,21.19,20.26,20.62,-0.65,-3.06,574940.0,11787007.76,1750.0
4090,2025-07-21,20.99,21.5,20.77,21.27,0.35,1.67,360893.0,7661113.1,2036.0
4090,2025-07-20,20.84,21.24,20.84,20.92,-0.02,-0.1,46808.0,980530.5,287.0
4090,2025-07-17,20.8,20.94,20.63,20.94,0.03,0.14,297434.0,6182805.72,1381.0
4090,2025-07-16,20.84,21.1,20.66,20.91,0.05,0.24,181867.0,3803028.16,1103.0
4090,2025-07-15,20.88,21.1,20.73,20.86,0.02,0.1,1225196.0,25542548.44,1329.0
4090,2025-07-14,21.31,21.38,20.81,20.84,-0.47,-2.21,422072.0,8866283.1,1429.0
4090,2025-07-13,21.59,21.75,21.25,21.31,-0.31,-1.43,150014.0,3219930.56,716.0
4090,2025-07-10,21.88,22.02,21.57,21.62,-0.19,-0.87,381891.0,8277003.42,1276.0
4090,2025-07-09,21.71,22.08,21.57,21.81,0.24,1.11,2030923.0,44413590.78,2851.0
4090,2025-07-08,21.23,21.66,21.23,21.57,0.16,0.75,353389.0,7555844.62,1702.0
4090,2025-07-07,21.55,21.68,21.36,21.41,-0.21,-0.97,303867.0,6519168.82,1591.0
4090,2025-07-06,21.16,21.74,21.16,21.62,0.32,1.5,184497.0,3978461.54,662.0
4090,2025-07-03,21.1,21.36,21.02,21.3,0.21,1.0,237901.0,5052508.64,1292.0
4090,2025-07-02,20.59,21.53,20.45,21.09,0.5,2.43,1880590.0,39192251.1,2522.0
4090,2025-07-01,20.72,20.73,20.45,20.59,-0.13,-0.63,672126.0,13832422.16,1526.0
4090,2025-06-30,20.58,20.78,20.45,20.72,0.14,0.68,744086.0,15310032.68,2402.0
4090,2025-06-29,20.63,20.77,20.43,20.58,-0.05,-0.24,178540.0,3677296.2,582.0
4090,2025-06-26,20.16,20.63,20.16,20.63,0.24,1.18,432277.0,8833515.2,1073.0
4090,2025-06-25,20.29,20.6,20.11,20.39,0.1,0.49,434897.0,8867997.6,1010.0
4090,2025-06-24,19.56,20.37,19.56,20.29,0.99,5.13,477309.0,9550691.75,1218.0
4090,2025-06-23,19.12,19.38,19.04,19.3,0.23,1.21,340706.0,6563221.55,846.0
4090,2025-06-22,18.83,19.25,18.83,19.07,0.0,0.0,190483.0,3636659.1,291.0
4090,2025-06-19,19.01,19.17,18.78,19.07,0.0,0.0,348548.0,6641253.15,946.0
4090,2025-06-18,18.62,19.07,18.62,19.07,-0.18,-0.94,498416.0,9419153.9,944.0
4090,2025-06-17,19.04,19.25,18.91,19.25,0.13,0.68,642759.0,12295966.45,1020.0
4090,2025-06-16,18.6,19.14,18.52,19.12,0.84,4.6,781097.0,14817950.4,1259.0
4090,2025-06-15,17.11,18.73,17.11,18.28,-0.71,-3.74,701788.0,12578255.5,991.0
4090,2025-06-12,19.66,19.66,18.88,18.99,-0.73,-3.7,507974.0,9734397.6,1178.0
4090,2025-06-11,19.33,19.9,19.33,19.72,0.26,1.34,1236395.0,24416280.7,1794.0
4090,2025-06-04,18.99,19.53,18.99,19.46,0.45,2.37,568801.0,11020916.85,1292.0
4090,2025-06-03,19.07,19.27,18.86,19.01,-0.03,-0.16,189803.0,3607871.0,869.0
4090,2025-06-02,18.78,19.27,18.78,19.04,0.26,1.38,308782.0,5896259.45,876.0
4090,2025-06-01,18.94,18.96,18.65,18.78,0.13,0.7,364575.0,6843025.55,559.0
4090,2025-05-29,19.12,19.35,18.65,18.65,-0.44,-2.3,1450408.0,27436832.65,1968.0
4090,2025-05-28,18.62,19.27,18.62,19.09,0.47,2.52,534865.0,10176066.15,1193.0
4090,2025-05-27,19.4,19.51,18.49,18.62,-0.78,-4.02,1133669.0,21360387.45,2945.0
4090,2025-05-26,19.59,19.74,19.3,19.4,-0.32,-1.62,773388.0,15058252.85,1626.0
4090,2025-05-25,20.0,20.11,19.56,19.72,-0.39,-1.94,209184.0,4121400.3,735.0
4090,2025-05-22,19.69,20.32,19.61,20.11,0.26,1.31,621984.0,12491261.9,2087.0
4090,2025-05-21,20.11,20.11,19.69,19.85,-0.36,-1.78,613129.0,12183333.7,1316.0
4090,2025-05-20,20.13,20.26,20.0,20.21,0.08,0.4,662722.0,13348342.35,1716.0
4090,2025-05-19,20.13,20.6,19.85,20.13,-0.19,-0.94,715383.0,14433337.05,1968.0
4090,2025-05-18,20.76,20.78,20.32,20.32,-0.41,-1.98,527052.0,10772803.0,1144.0
4090,2025-05-15,21.12,21.18,20.71,20.73,-0.34,-1.61,1077159.0,22470169.6,2279.0
4090,2025-05-14,21.77,21.77,21.05,21.07,-1.2,-5.39,1860956.0,39621277.6,3731.0
4090,2025-05-13,22.87,22.87,22.22,22.27,-0.57,-2.5,1039178.0,23301293.95,1771.0
4090,2025-05-12,22.87,23.02,22.66,22.84,-0.03,-0.13,793583.0,18144847.95,1706.0
4090,2025-05-11,22.53,23.0,22.53,22.87,0.34,1.51,519308.0,11863680.55,2018.0
4090,2025-05-08,22.37,22.56,22.19,22.53,0.18,0.81,774985.0,17393211.0,1578.0
4090,2025-05-07,22.24,22.35,22.06,22.35,0.11,0.49,602378.0,13372718.8,1361.0
4090,2025-05-06,22.19,22.24,21.75,22.24,0.1,0.45,473243.0,10404960.5,1579.0
4090,2025-05-05,22.01,22.3,21.98,22.14,-0.05,-0.23,1139985.0,25236641.6,1833.0
4090,2025-05-04,22.19,22.24,21.98,22.19,0.02,0.09,177362.0,3930810.15,479.0
4090,2025-05-01,22.53,22.58,22.09,22.17,-0.46,-2.03,443428.0,9888080.65,1009.0
4090,2025-04-30,22.95,22.95,22.43,22.63,-0.29,-1.27,501844.0,11355502.0,1244.0
4090,2025-04-29,22.74,23.26,22.61,22.92,0.31,1.37,1157026.0,26544029.0,1789.0
4090,2025-04-28,22.35,22.74,22.11,22.61,0.31,1.39,567120.0,12787643.3,1746.0
4090,2025-04-27,22.27,22.37,22.01,22.3,-0.1,-0.45,228752.0,5093840.6,794.0
4090,2025-04-24,22.37,22.56,22.32,22.4,0.18,0.81,269058.0,6030887.9,818.0
4090,2025-04-23,22.35,22.58,22.03,22.22,-0.02,-0.09,460857.0,10245600.5,1355.0
4090,2025-04-22,22.66,22.66,22.11,22.24,-0.55,-2.41,638545.0,14250649.7,1520.0
4090,2025-04-21,22.97,22.97,22.61,22.79,-0.13,-0.57,265986.0,6056018.15,877.0
4090,2025-04-20,22.61,22.97,22.53,22.92,0.34,1.51,1138203.0,25985993.3,2066.0
4090,2025-04-17,23.13,23.13,22.4,22.58,-0.6,-2.59,440992.0,9982482.0,1523.0
4090,2025-04-16,23.96,23.96,23.1,23.18,-0.83,-3.46,474468.0,11080744.6,1450.0
4090,2025-04-15,23.86,24.35,23.73,24.01,0.26,1.09,684048.0,16466469.75,1872.0
4090,2025-04-14,22.95,23.86,22.95,23.75,0.83,3.62,440426.0,10373022.0,1589.0
4090,2025-04-13,22.4,23.08,22.4,22.92,0.78,3.52,514201.0,11782988.1,794.0
4090,2025-04-10,22.48,22.74,22.14,22.14,0.65,3.02,477261.0,10695512.0,1315.0
4090,2025-04-09,22.14,22.4,21.49,21.49,-0.65,-2.94,334100.0,7344847.75,1196.0
4090,2025-04-08,22.14,22.82,22.03,22.14,0.34,1.56,474489.0,10633552.65,1690.0
4090,2025-04-07,20.84,22.06,20.63,21.8,-0.23,-1.04,1106665.0,23749805.05,2578.0
4090,2025-04-06,23.44,23.44,21.9,22.03,-2.27,-9.34,459769.0,10482370.05,1000.0
4090,2025-04-03,24.48,24.93,24.17,24.3,-0.7,-2.8,483391.0,11840775.25,1809.0
4090,2025-03-27,25.19,25.52,24.95,25.0,-0.03,-0.12,317702.0,8003409.8,1530.0
4090,2025-03-26,24.56,25.19,24.56,25.03,0.29,1.17,378303.0,9437998.6,1070.0
4090,2025-03-25,25.0,25.0,24.61,24.74,-0.26,-1.04,523499.0,12972077.25,1824.0
4090,2025-03-24,24.74,25.16,24.38,25.0,0.15,0.6,499132.0,12407250.5,1326.0
4090,2025-03-23,25.21,25.52,24.48,24.85,-0.39,-1.55,300085.0,7477871.85,749.0
4090,2025-03-20,25.73,25.73,25.16,25.24,-0.55,-2.13,429772.0,10910700.4,1322.0
4090,2025-03-19,25.76,26.05,25.52,25.79,0.03,0.12,573965.0,14842445.6,1468.0
4090,2025-03-18,25.52,25.76,25.16,25.76,0.18,0.7,336811.0,8595028.8,1112.0
4090,2025-03-17,25.63,26.02,25.58,25.58,-0.18,-0.7,249035.0,6422115.4,886.0
4090,2025-03-16,25.89,26.05,25.76,25.76,-0.1,-0.39,162290.0,4210835.05,363.0
4090,2025-03-13,25.52,25.94,25.42,25.86,0.36,1.41,412742.0,10628250.85,1174.0
4090,2025-03-12,24.69,25.52,24.51,25.5,0.81,3.28,582084.0,14601296.85,1367.0
4090,2025-03-11,24.61,24.9,23.86,24.69,-0.29,-1.16,540017.0,13198321.05,1534.0
4090,2025-03-10,25.26,25.26,24.61,24.98,-0.31,-1.23,358402.0,8942791.3,1297.0
4090,2025-03-09,25.66,25.94,25.24,25.29,-0.6,-2.32,249001.0,6353763.45,558.0
4090,2025-03-06,26.51,26.62,25.58,25.89,-0.62,-2.34,697476.0,18095690.7,2245.0
4090,2025-03-05,26.05,26.57,25.58,26.51,0.41,1.57,494619.0,12926333.4,1379.0
4090,2025-03-04,26.46,26.62,25.79,26.1,-0.21,-0.8,1066829.0,28178851.25,2419.0
4090,2025-03-03,25.37,26.41,25.37,26.31,0.86,3.38,1332692.0,34852771.3,3363.0
4090,2025-03-02,25.11,25.73,25.11,25.45,0.08,0.32,136161.0,3455010.65,384.0
4090,2025-02-27,25.39,25.39,25.03,25.37,0.05,0.2,561910.0,14151024.1,686.0
4090,2025-02-26,25.47,25.47,24.93,25.32,0.16,0.64,255451.0,6431496.55,986.0
4090,2025-02-25,24.98,25.21,24.72,25.16,0.29,1.17,229236.0,5714917.2,982.0
4090,2025-02-24,25.47,25.68,24.87,24.87,-0.84,-3.27,616876.0,15504681.4,1467.0
4090,2025-02-20,25.84,25.86,25.52,25.71,-0.23,-0.89,268543.0,6909426.9,659.0
4090,2025-02-19,26.02,26.1,25.52,25.94,-0.11,-0.42,393217.0,10171926.45,881.0
4090,2025-02-18,25.92,26.05,25.76,26.05,0.13,0.5,1009866.0,26274104.7,1945.0
4090,2025-02-17,25.55,25.97,25.37,25.92,0.37,1.45,893359.0,23066708.45,2188.0
4090,2025-02-16,25.89,25.97,25.45,25.55,-0.24,-0.93,221810.0,5717791.6,584.0
4090,2025-02-13,25.29,25.84,25.29,25.79,0.55,2.18,622873.0,15946098.9,1484.0
4090,2025-02-12,25.63,25.66,25.0,25.24,-0.42,-1.64,399218.0,10109180.5,1127.0
4090,2025-02-11,25.66,25.79,25.47,25.66,-0.02,-0.08,498285.0,12790325.7,1161.0
4090,2025-02-10,25.86,25.97,25.45,25.68,0.05,0.2,722004.0,18562448.4,1694.0
4090,2025-02-09,25.89,25.97,25.63,25.63,-0.23,-0.89,255005.0,6583989.1,695.0
4090,2025-02-06,25.29,25.86,25.16,25.86,0.65,2.58,1213764.0,30918860.75,1955.0
4090,2025-02-05,25.0,25.26,24.98,25.21,0.26,1.04,363725.0,9146140.85,1100.0
4090,2025-02-04,25.42,25.42,24.9,24.95,-0.31,-1.23,472980.0,11857679.7,1285.0
4090,2025-02-03,25.73,25.73,25.16,25.26,-0.32,-1.25,499892.0,12644056.1,1308.0
4090,2025-02-02,26.1,26.1,25.58,25.58,-0.36,-1.39,449865.0,11592561.35,724.0
4090,2025-01-30,25.79,26.2,25.63,25.94,-0.08,-0.31,832599.0,21576289.75,1925.0
4090,2025-01-29,26.46,26.46,25.5,26.02,-0.49,-1.85,1482205.0,38278559.55,3566.0
4090,2025-01-28,26.88,28.03,24.93,26.51,-0.32,-1.19,8240143.0,217672761.55,11672.0
4090,2025-01-27,25.89,26.83,25.84,26.83,2.4,9.82,10857640.0,288799300.3,5825.0
4090,2025-01-26,23.94,24.43,23.94,24.43,0.36,1.5,408601.0,9877177.95,361.0
4090,2025-01-23,23.96,24.07,23.91,24.07,0.08,0.33,231885.0,5556065.25,248.0
4090,2025-01-22,23.6,24.17,23.6,23.99,0.08,0.33,180408.0,4322012.35,310.0
4090,2025-01-21,23.88,24.41,23.29,23.91,0.05,0.21,664091.0,15976751.35,832.0
4090,2025-01-20,22.76,23.88,22.76,23.86,0.94,4.1,720155.0,17008688.9,1118.0
4090,2025-01-19,22.53,22.92,22.5,22.92,0.16,0.7,301187.0,6828384.6,329.0
4090,2025-01-16,23.0,23.08,22.71,22.76,-0.24,-1.04,123192.0,2817326.5,937.0
4090,2025-01-15,23.34,23.39,23.0,23.0,-0.34,-1.46,511781.0,11857462.9,1218.0
4090,2025-01-14,23.02,23.44,22.89,23.34,0.21,0.91,415132.0,9644376.7,1754.0
4090,2025-01-13,22.48,23.15,22.11,23.13,0.65,2.89,376596.0,8573226.95,1816.0
4090,2025-01-12,22.11,22.74,22.06,22.48,0.42,1.9,302343.0,6766297.2,735.0
4090,2025-01-09,21.33,22.11,20.86,22.06,0.75,3.52,331868.0,7187784.3,854.0
4090,2025-01-08,21.38,21.38,20.58,21.31,-0.15,-0.7,1461584.0,30469430.7,2279.0
4090,2025-01-07,21.36,21.49,21.28,21.46,0.02,0.09,118243.0,2529582.75,267.0
4090,2025-01-06,21.57,21.57,21.25,21.44,-0.13,-0.6,826277.0,17704614.65,804.0
4090,2025-01-05,21.38,21.62,21.31,21.57,0.19,0.89,300661.0,6465765.2,497.0
4090,2025-01-02,21.62,21.64,21.18,21.38,-0.24,-1.11,200049.0,4294466.95,1177.0
4090,2025-01-01,21.38,21.67,21.18,21.62,0.21,0.98,176133.0,3772212.05,994.0
4090,2024-12-31,21.02,21.64,20.84,21.41,0.26,1.23,175820.0,3726398.85,1273.0
4090,2024-12-30,20.78,21.41,20.78,21.15,0.24,1.15,187206.0,3964043.45,955.0
4090,2024-12-29,20.89,21.02,20.78,20.91,0.02,0.1,58938.0,1228076.2,220.0
4090,2024-12-26,20.99,20.99,20.71,20.89,0.0,0.0,131143.0,2737695.35,877.0
4090,2024-12-25,20.32,20.97,20.32,20.89,0.57,2.81,582266.0,12118988.4,1671.0
4090,2024-12-24,20.11,20.45,20.11,20.32,0.13,0.64,178993.0,3630376.4,673.0
4090,2024-12-23,20.37,20.52,19.82,20.19,-0.15,-0.74,257547.0,5217669.0,4214.0
4090,2024-12-22,19.38,20.5,19.38,20.34,0.96,4.95,787976.0,15915919.7,1308.0
4090,2024-12-19,19.64,19.64,19.35,19.38,-0.26,-1.32,265639.0,5164337.2,342.0
4090,2024-12-18,19.46,19.64,19.33,19.64,-0.02,-0.1,135918.0,2647514.75,282.0
4090,2024-12-17,19.59,19.77,19.46,19.66,-0.06,-0.3,129016.0,2523445.1,457.0
4090,2024-12-16,19.79,19.79,19.56,19.72,-0.07,-0.35,107865.0,2123491.25,463.0
4090,2024-12-15,19.69,19.9,19.66,19.79,0.1,0.51,79229.0,1565137.75,274.0
4090,2024-12-12,19.9,19.9,19.66,19.69,-0.1,-0.51,212991.0,4204253.4,368.0
4090,2024-12-11,19.87,19.9,19.72,19.79,-0.08,-0.4,134102.0,2656220.85,342.0
4090,2024-12-10,19.98,20.06,19.85,19.87,-0.11,-0.55,548957.0,10961724.05,1075.0
4090,2024-12-09,19.9,20.08,19.82,19.98,0.0,0.0,167491.0,3338194.1,393.0
4090,2024-12-08,19.9,20.11,19.85,19.98,0.19,0.96,194410.0,3887642.7,471.0
4090,2024-12-05,20.06,20.11,19.74,19.79,-0.21,-1.05,137935.0,2740179.3,2104.0
4090,2024-12-04,19.82,20.03,19.69,20.0,0.18,0.91,142343.0,2836977.2,427.0
4090,2024-12-03,19.79,20.11,19.64,19.82,0.03,0.15,164961.0,3276481.25,2213.0
4090,2024-12-02,19.95,19.95,19.64,19.79,0.02,0.1,161236.0,3187690.6,1852.0
4090,2024-12-01,19.64,19.9,19.64,19.77,0.13,0.66,187703.0,3704210.65,347.0
4090,2024-11-28,19.43,19.72,19.17,19.64,0.21,1.08,252775.0,4912386.8,517.0
4090,2024-11-27,19.79,19.9,19.27,19.43,-0.36,-1.82,399481.0,7816182.45,821.0
4090,2024-11-26,20.11,20.19,19.72,19.79,-0.32,-1.59,244413.0,4864198.4,582.0
4090,2024-11-25,20.42,20.45,20.0,20.11,-0.36,-1.76,287385.0,5778989.45,571.0
4090,2024-11-24,20.42,20.71,20.32,20.47,-0.11,-0.53,207501.0,4240521.75,572.0
4090,2024-11-21,20.58,20.65,20.37,20.58,-0.07,-0.34,104387.0,2139192.7,337.0
4090,2024-11-20,20.73,20.78,20.34,20.65,-0.08,-0.39,151598.0,3121589.45,818.0
4090,2024-11-19,20.84,21.05,20.65,20.73,-0.08,-0.38,222975.0,4632964.45,1057.0
4090,2024-11-18,20.86,21.18,20.68,20.81,-0.05,-0.24,257893.0,5394148.85,1012.0
4090,2024-11-17,20.71,20.97,20.65,20.86,0.08,0.38,114521.0,2384070.8,278.0
4090,2024-11-14,21.23,21.23,20.63,20.78,-0.4,-1.89,196802.0,4098720.65,992.0
4090,2024-11-13,20.73,21.36,20.71,21.18,0.37,1.78,433507.0,9093821.7,1500.0
4090,2024-11-12,21.23,21.31,20.58,20.81,-0.5,-2.35,378491.0,7907797.95,1260.0
4090,2024-11-11,21.75,21.75,21.1,21.31,-0.46,-2.11,832858.0,17808864.3,1456.0
4090,2024-11-10,22.37,22.5,21.75,21.77,-0.63,-2.81,576372.0,12707275.25,754.0
4090,2024-11-07,22.5,22.61,22.32,22.4,-0.1,-0.44,220453.0,4938962.3,578.0
4090,2024-11-06,22.56,22.89,22.45,22.5,-0.06,-0.27,120050.0,2714961.1,479.0
4090,2024-11-05,22.87,22.87,22.5,22.56,-0.31,-1.36,104322.0,2357550.1,403.0
4090,2024-11-04,23.13,23.13,22.63,22.87,-0.31,-1.34,111872.0,2551345.8,404.0
4090,2024-11-03,23.49,23.65,22.97,23.18,-0.31,-1.32,147516.0,3443693.1,519.0
4090,2024-10-31,23.44,23.73,23.36,23.49,-0.06,-0.25,71441.0,1678059.65,320.0
4090,2024-10-30,23.44,23.65,23.26,23.55,0.11,0.47,152673.0,3573043.35,476.0
4090,2024-10-29,23.99,24.04,23.44,23.44,-0.73,-3.02,154621.0,3657594.6,665.0
4090,2024-10-28,24.12,24.17,23.96,24.17,0.0,0.0,279963.0,6735887.15,588.0
4090,2024-10-27,24.17,24.43,24.14,24.17,-0.16,-0.66,240587.0,5823803.6,451.0
4090,2024-10-24,24.35,24.38,24.12,24.33,-0.1,-0.41,81546.0,1976786.45,273.0
4090,2024-10-23,24.33,24.43,24.2,24.43,0.21,0.87,65189.0,1580951.15,203.0
4090,2024-10-22,24.51,24.54,24.22,24.22,-0.29,-1.18,195777.0,4787597.95,364.0
4090,2024-10-21,24.27,24.59,24.22,24.51,0.16,0.66,314303.0,7701914.7,390.0
4090,2024-10-20,24.41,24.46,24.09,24.35,-0.06,-0.25,108470.0,2631477.35,348.0
4090,2024-10-17,24.56,24.59,24.33,24.41,-0.07,-0.29,356891.0,8751555.8,473.0
4090,2024-10-16,24.14,24.61,24.14,24.48,0.02,0.08,254543.0,6221399.65,596.0
4090,2024-10-15,23.91,24.48,23.86,24.46,0.5,2.09,359920.0,8741373.6,696.0
4090,2024-10-14,24.09,24.09,23.75,23.96,-0.08,-0.33,78066.0,1869188.6,309.0
4090,2024-10-13,23.99,24.2,23.57,24.04,0.0,0.0,137523.0,3294209.4,313.0
4090,2024-10-10,23.91,24.3,23.91,24.04,0.13,0.54,165293.0,3972937.1,259.0
4090,2024-10-09,23.81,24.35,23.7,23.91,0.1,0.42,372609.0,8976082.9,609.0
4090,2024-10-08,23.42,23.96,23.39,23.81,0.34,1.45,270956.0,6444886.9,279.0
4090,2024-10-07,22.87,23.47,22.87,23.47,0.45,1.95,148136.0,3434745.1,306.0
4090,2024-10-06,23.47,23.78,22.53,23.02,-0.68,-2.87,202905.0,4729027.85,346.0
4090,2024-10-03,23.47,23.78,23.44,23.7,-0.16,-0.67,314132.0,7424056.1,422.0
4090,2024-10-02,24.22,24.41,23.78,23.86,-0.55,-2.25,229882.0,5538353.1,395.0
4090,2024-10-01,23.96,24.74,23.86,24.41,0.45,1.88,421170.0,10231325.4,709.0
4090,2024-09-30,23.81,23.96,23.78,23.96,0.05,0.21,175089.0,4173349.8,236.0
4090,2024-09-29,23.88,23.91,23.44,23.91,0.03,0.13,132767.0,3160785.55,324.0
4090,2024-09-26,23.96,24.07,23.81,23.88,-0.13,-0.54,234609.0,5620709.6,318.0
4090,2024-09-25,23.96,24.17,23.73,24.01,0.05,0.21,269146.0,6444965.95,381.0
4090,2024-09-24,23.73,23.96,23.62,23.96,0.15,0.63,177010.0,4214570.65,387.0
4090,2024-09-22,23.23,23.81,23.18,23.81,0.42,1.8,211014.0,4975419.35,418.0
4090,2024-09-19,23.34,23.39,23.02,23.39,0.18,0.78,234388.0,5464865.25,281.0
4090,2024-09-18,22.74,23.26,22.71,23.21,0.21,0.91,173340.0,3990563.95,361.0
4090,2024-09-17,22.61,23.02,22.61,23.0,0.08,0.35,283889.0,6506711.35,393.0
4090,2024-09-16,22.97,23.08,22.76,22.92,-0.18,-0.78,1698291.0,38919912.6,530.0
4090,2024-09-15,23.13,23.13,23.05,23.1,-0.03,-0.13,167665.0,3871165.6,208.0
4090,2024-09-12,22.97,23.39,22.92,23.13,0.16,0.7,710411.0,16429524.3,654.0
4090,2024-09-11,23.49,23.49,22.95,22.97,-0.45,-1.92,112046.0,2596576.3,365.0
4090,2024-09-10,23.55,23.57,23.13,23.42,0.0,0.0,147962.0,3449263.9,396.0
4090,2024-09-09,23.31,23.49,23.26,23.42,0.06,0.26,583448.0,13664469.8,610.0
4090,2024-09-08,23.1,23.39,23.08,23.36,0.02,0.09,431469.0,10015777.1,449.0
4090,2024-09-05,23.31,23.42,23.26,23.34,0.05,0.21,438207.0,10206154.0,324.0
4090,2024-09-04,23.42,23.42,23.15,23.29,-0.13,-0.56,188076.0,4377336.25,346.0
4090,2024-09-03,23.42,23.49,23.29,23.42,0.0,0.0,278593.0,6524287.35,439.0
4090,2024-09-02,23.26,23.44,23.15,23.42,0.11,0.47,245931.0,5731154.2,357.0
4090,2024-09-01,23.21,23.34,23.18,23.31,0.08,0.34,156216.0,3634504.25,317.0
4090,2024-08-29,23.31,23.31,23.1,23.23,-0.11,-0.47,198190.0,4600490.6,386.0
4090,2024-08-28,23.21,23.42,23.13,23.34,0.05,0.21,179665.0,4177749.45,376.0
4090,2024-08-27,23.47,23.47,23.26,23.29,-0.02,-0.09,199425.0,4652296.5,367.0
4090,2024-08-26,23.52,23.55,23.23,23.31,-0.21,-0.89,321872.0,7515515.1,442.0
4090,2024-08-25,23.47,23.57,23.36,23.52,0.0,0.0,544786.0,12779550.3,597.0
4090,2024-08-22,23.47,23.57,23.42,23.52,-0.05,-0.21,302815.0,7104226.5,441.0
4090,2024-08-21,23.44,23.68,23.31,23.57,0.13,0.55,422922.0,9939041.65,597.0
4090,2024-08-20,23.44,23.6,23.42,23.44,-0.11,-0.47,240949.0,5667650.65,440.0
4090,2024-08-19,23.57,23.65,23.44,23.55,-0.02,-0.08,179585.0,4220202.15,418.0
4090,2024-08-18,23.52,23.68,23.44,23.57,0.08,0.34,266332.0,6269743.35,520.0
4090,2024-08-15,22.89,23.6,22.89,23.49,0.57,2.49,874448.0,20483131.1,824.0
4090,2024-08-14,22.87,23.23,22.87,22.92,-0.1,-0.43,496005.0,11395633.95,665.0
4090,2024-08-13,23.02,23.42,22.89,23.02,-0.03,-0.13,175999.0,4068664.3,442.0
4090,2024-08-12,22.92,23.88,22.84,23.05,0.21,0.92,242533.0,5651844.0,695.0
4090,2024-08-11,22.61,23.08,22.61,22.84,-0.47,-2.02,417632.0,9553512.45,781.0
4090,2024-08-08,24.01,24.48,23.02,23.31,-0.81,-3.36,456139.0,10777691.8,995.0
4090,2024-08-07,23.75,24.17,23.7,24.12,0.39,1.64,243881.0,5835911.65,569.0
4090,2024-08-06,22.45,23.94,22.45,23.73,0.29,1.24,503989.0,11757602.15,778.0
4090,2024-08-05,23.42,23.94,21.25,23.44,-0.03,-0.13,684061.0,15734998.75,1341.0
4090,2024-08-04,24.07,24.67,23.31,23.47,-1.43,-5.74,375548.0,9027408.05,760.0
4090,2024-08-01,24.93,25.26,24.64,24.9,-0.05,-0.2,289842.0,7240403.5,678.0
4090,2024-07-31,24.59,25.0,24.54,24.95,0.26,1.05,308434.0,7660135.45,587.0
4090,2024-07-30,24.72,24.8,24.54,24.69,-0.08,-0.32,202621.0,4993490.65,417.0
4090,2024-07-29,24.87,24.87,24.38,24.77,-0.18,-0.72,284102.0,7007468.35,628.0
4090,2024-07-28,24.77,25.0,24.69,24.95,0.18,0.73,195823.0,4876452.3,527.0
4090,2024-07-25,24.9,25.11,24.69,24.77,-0.34,-1.35,180470.0,4473121.25,533.0
4090,2024-07-24,24.95,25.24,24.74,25.11,0.05,0.2,353255.0,8829716.8,699.0
4090,2024-07-23,24.69,25.47,24.46,25.06,0.32,1.29,602392.0,15179768.3,1745.0
4090,2024-07-22,24.56,25.0,24.04,24.74,0.02,0.08,367463.0,9042059.0,1075.0
4090,2024-07-21,24.9,24.9,24.43,24.72,-0.18,-0.72,185298.0,4568498.3,544.0
4090,2024-07-18,24.9,25.0,24.48,24.9,-0.1,-0.4,245774.0,6079213.2,734.0
4090,2024-07-17,24.38,25.0,23.96,25.0,0.62,2.54,656675.0,16107496.75,1311.0
4090,2024-07-16,23.02,24.74,22.97,24.38,1.46,6.37,1528886.0,36965354.7,3308.0
4090,2024-07-15,22.71,23.13,22.35,22.92,0.26,1.15,213588.0,4849316.05,861.0
4090,2024-07-14,22.43,22.66,22.32,22.66,0.31,1.39,141302.0,3191681.05,350.0
4090,2024-07-11,22.4,22.43,22.3,22.35,-0.05,-0.22,105796.0,2365706.95,302.0
4090,2024-07-10,22.5,22.61,22.32,22.4,-0.1,-0.44,130765.0,2935899.35,337.0
4090,2024-07-09,22.4,22.61,22.37,22.5,0.1,0.45,247822.0,5577081.35,782.0
4090,2024-07-08,22.53,22.53,22.22,22.4,-0.13,-0.58,98612.0,2211724.5,285.0
4090,2024-07-07,22.66,22.71,22.43,22.53,-0.21,-0.92,122564.0,2764403.85,311.0
4090,2024-07-04,22.92,22.92,22.69,22.74,-0.34,-1.47,144577.0,3292087.7,306.0
4090,2024-07-03,23.08,23.15,22.82,23.08,-0.1,-0.43,81329.0,1870501.95,306.0
4090,2024-07-02,23.26,23.42,22.95,23.18,-0.08,-0.34,242303.0,5617513.5,638.0
4090,2024-07-01,23.36,23.42,23.15,23.26,-0.13,-0.56,145174.0,3378233.9,447.0
4090,2024-06-30,23.39,23.7,23.34,23.39,0.0,0.0,233868.0,5505682.15,470.0
4090,2024-06-27,23.29,23.44,23.23,23.39,0.1,0.43,86587.0,2020706.05,278.0
4090,2024-06-26,23.26,23.49,23.05,23.29,-0.15,-0.64,106228.0,2470745.5,314.0
4090,2024-06-25,22.95,23.52,22.95,23.44,0.21,0.9,219311.0,5135109.4,391.0
4090,2024-06-24,22.95,23.26,22.95,23.23,0.28,1.22,154625.0,3582281.55,349.0
4090,2024-06-23,22.92,23.42,21.67,22.95,-0.15,-0.65,483807.0,11093416.2,745.0
4090,2024-06-13,23.15,23.44,22.95,23.1,0.02,0.09,256336.0,5947567.4,485.0
4090,2024-06-12,23.05,23.13,22.95,23.08,0.16,0.7,189122.0,4363504.25,391.0
4090,2024-06-11,22.84,23.44,22.84,22.92,0.13,0.57,508615.0,11736556.65,1036.0
4090,2024-06-10,22.14,23.1,22.14,22.79,0.65,2.94,444231.0,10073931.4,1153.0
4090,2024-06-09,21.57,22.24,20.91,22.14,0.44,2.03,418348.0,9166692.9,787.0
4090,2024-06-06,21.12,22.14,20.91,21.7,0.58,2.75,530976.0,11543612.55,1047.0
4090,2024-06-05,20.81,21.31,20.32,21.12,-0.08,-0.38,128201.0,2695327.25,424.0
4090,2024-06-04,21.36,21.44,20.99,21.2,-0.31,-1.44,298204.0,6339404.7,722.0
4090,2024-06-03,20.16,21.67,20.16,21.51,1.3,6.43,535904.0,11104895.75,1086.0
4090,2024-06-02,19.95,20.26,19.69,20.21,-0.05,-0.25,645032.0,12914339.65,663.0
4090,2024-05-30,20.84,20.84,20.26,20.26,-0.5,-2.41,617053.0,12700223.4,845.0
4090,2024-05-29,20.65,20.84,20.32,20.76,0.11,0.53,231397.0,4785669.0,492.0
4090,2024-05-28,20.5,20.99,20.32,20.65,0.0,0.0,543989.0,11230726.65,875.0
4090,2024-05-27,20.99,21.59,20.5,20.65,-0.34,-1.62,416382.0,8629382.25,589.0
4090,2024-05-26,21.25,21.72,20.89,20.99,-0.37,-1.73,227558.0,4840295.75,606.0
4090,2024-05-23,20.97,21.57,20.68,21.36,0.47,2.25,380440.0,8038457.4,1166.0
4090,2024-05-22,21.28,21.62,20.42,20.89,-0.73,-3.38,744927.0,15581924.7,1262.0
4090,2024-05-21,21.9,22.11,21.31,21.62,-0.68,-3.05,433461.0,9396968.2,885.0
4090,2024-05-20,22.32,22.43,21.98,22.3,-0.1,-0.45,642629.0,14308342.25,719.0
4090,2024-05-19,22.37,22.61,21.98,22.4,-0.44,-1.93,711708.0,15880084.35,773.0
4090,2024-05-16,23.88,23.96,22.76,22.84,-1.07,-4.48,284213.0,6647167.35,563.0
4090,2024-05-15,23.47,24.07,23.47,23.91,-0.03,-0.13,402240.0,9623347.1,570.0
4090,2024-05-14,23.94,24.85,23.86,23.94,0.24,1.01,1362693.0,32905152.35,1831.0
4090,2024-05-13,23.96,23.96,23.0,23.7,-0.24,-1.0,484884.0,11384513.15,782.0
4090,2024-05-12,24.33,24.43,23.65,23.94,-0.83,-3.35,331493.0,7934462.2,559.0
4090,2024-05-09,25.0,25.0,24.64,24.77,-0.23,-0.92,335542.0,8328446.05,1485.0
4090,2024-05-08,23.42,25.0,23.42,25.0,1.45,6.16,1916210.0,46516776.55,2936.0
4090,2024-05-07,23.44,23.6,23.42,23.55,0.0,0.0,488721.0,11490689.05,1598.0
4090,2024-05-06,23.0,23.6,22.87,23.55,0.55,2.39,1133364.0,26468431.5,2107.0
4090,2024-05-05,22.3,23.02,22.24,23.0,0.78,3.51,1389970.0,31562027.05,1430.0
4090,2024-05-02,22.19,22.48,21.93,22.22,0.32,1.46,1147775.0,25509056.6,1455.0
4090,2024-05-01,22.19,22.22,21.59,21.9,-0.19,-0.86,513403.0,11291290.2,785.0
4090,2024-04-30,21.36,22.19,21.18,22.09,0.84,3.95,1747224.0,38217985.3,1543.0
4090,2024-04-29,21.15,21.36,21.12,21.25,0.07,0.33,260294.0,5530256.4,432.0
4090,2024-04-28,21.88,21.96,21.18,21.18,-0.65,-2.98,623388.0,13332156.0,693.0
4090,2024-04-25,21.67,21.93,21.46,21.83,0.21,0.97,505300.0,10984113.0,777.0
4090,2024-04-24,22.17,22.17,21.46,21.62,-0.55,-2.48,688780.0,15048403.55,1313.0
4090,2024-04-23,22.03,22.27,21.85,22.17,0.14,0.64,695598.0,15407582.7,1512.0
4090,2024-04-22,21.88,22.11,21.75,22.03,0.13,0.59,788075.0,17295374.5,1296.0
4090,2024-04-21,21.31,21.9,21.31,21.9,0.57,2.67,821939.0,17849594.3,1498.0
4090,2024-04-18,21.18,21.49,21.15,21.33,0.15,0.71,417002.0,8909902.25,904.0
4090,2024-04-17,21.1,21.7,21.1,21.18,0.08,0.38,605723.0,12932238.65,802.0
4090,2024-04-16,21.46,21.59,21.07,21.1,-0.36,-1.68,1406506.0,29907651.65,1945.0
4090,2024-04-15,20.52,21.75,20.52,21.46,1.01,4.94,2850201.0,60258773.5,2615.0
4090,2024-04-14,19.79,20.52,19.77,20.45,0.29,1.44,796299.0,16109856.85,1017.0
4090,2024-04-04,19.9,20.24,19.79,20.16,0.31,1.56,1710882.0,34202095.8,1796.0
4090,2024-04-03,19.82,20.06,19.77,19.85,0.03,0.15,1114501.0,22157638.0,1039.0
4090,2024-04-02,19.79,19.87,19.77,19.82,0.03,0.15,639396.0,12655791.7,769.0
4090,2024-04-01,19.56,19.93,19.38,19.79,0.26,1.33,550105.0,10862665.2,871.0
4090,2024-03-31,19.35,19.53,19.09,19.53,0.18,0.93,686146.0,13255457.5,820.0
4090,2024-03-28,19.35,19.43,18.96,19.35,0.05,0.26,469790.0,9059701.65,863.0
4090,2024-03-27,19.53,19.69,18.94,19.3,-0.39,-1.98,1572354.0,30204252.25,1337.0
4090,2024-03-26,19.25,20.13,19.07,19.69,0.44,2.29,1108625.0,21839890.3,1275.0
4090,2024-03-25,19.33,19.59,19.04,19.25,-0.26,-1.33,675914.0,13069489.75,820.0
4090,2024-03-24,19.48,19.85,19.33,19.51,0.11,0.57,495694.0,9722335.65,771.0
4090,2024-03-21,19.9,20.06,18.78,19.4,-0.45,-2.27,779566.0,15176751.55,1172.0
4090,2024-03-20,20.6,20.63,19.79,19.85,-0.75,-3.64,1121598.0,22831594.75,1072.0
4090,2024-03-19,20.19,20.86,19.85,20.6,0.41,2.03,4244711.0,87801802.95,1974.0
4090,2024-03-18,19.04,20.21,18.75,20.19,1.12,5.87,3462312.0,68284060.25,2444.0
4090,2024-03-17,18.65,19.12,18.52,19.07,0.34,1.82,1390456.0,26251105.3,1080.0
4090,2024-03-14,18.7,18.83,18.57,18.73,0.06,0.32,1128845.0,21140143.4,1072.0
4090,2024-03-13,18.34,18.73,18.34,18.67,0.31,1.69,1436895.0,26743468.85,1300.0
4090,2024-03-12,18.26,18.47,18.23,18.36,0.08,0.44,760305.0,13961574.7,779.0
4090,2024-03-11,18.15,18.36,17.89,18.28,0.13,0.72,1250910.0,22762136.85,1068.0
4090,2024-03-10,17.29,18.23,17.27,18.15,0.96,5.58,2821634.0,50156366.4,2043.0
4090,2024-03-07,16.98,17.24,16.88,17.19,0.29,1.72,1373879.0,23526822.6,1184.0
4090,2024-03-06,16.59,17.11,16.59,16.9,0.26,1.56,2023325.0,34164888.5,1143.0
4090,2024-03-05,16.41,16.72,16.41,16.64,0.23,1.4,406835.0,6747619.4,391.0
4090,2024-03-04,16.62,16.62,16.38,16.41,-0.21,-1.26,444697.0,7319623.05,509.0
4090,2024-03-03,16.77,16.9,16.54,16.62,-0.1,-0.6,626549.0,10497930.4,549.0
4090,2024-02-29,16.7,17.03,16.64,16.72,0.02,0.12,943203.0,15889439.2,719.0
4090,2024-02-28,16.38,16.7,16.3,16.7,0.32,1.95,618723.0,10231592.85,620.0
4090,2024-02-27,16.33,16.46,16.25,16.38,0.05,0.31,201970.0,3299901.1,341.0
4090,2024-02-26,16.57,16.72,16.25,16.33,-0.24,-1.45,711478.0,11688350.35,601.0
4090,2024-02-25,16.62,16.75,16.57,16.57,-0.18,-1.07,487781.0,8109732.85,547.0
4090,2024-02-21,16.75,16.9,16.72,16.75,-0.02,-0.12,310680.0,5212373.15,343.0
4090,2024-02-20,16.85,16.9,16.72,16.77,-0.16,-0.95,608168.0,10210788.0,512.0
4090,2024-02-19,16.77,16.98,16.67,16.93,0.16,0.95,1081503.0,18247193.1,805.0
4090,2024-02-18,16.51,16.88,16.51,16.77,0.23,1.39,1732684.0,28986260.2,1120.0
4090,2024-02-15,16.57,16.67,16.49,16.54,0.05,0.3,795013.0,13183212.4,755.0
4090,2024-02-14,16.3,16.54,16.25,16.49,0.11,0.67,636797.0,10471066.5,714.0
4090,2024-02-13,16.41,16.41,16.17,16.38,-0.03,-0.18,703062.0,11459246.65,595.0
4090,2024-02-12,16.04,16.57,16.04,16.41,0.11,0.67,1254577.0,20530814.75,941.0
4090,2024-02-11,16.2,16.41,16.1,16.3,0.13,0.8,835200.0,13564471.8,738.0
4090,2024-02-08,16.17,16.41,15.99,16.17,0.02,0.12,1570672.0,25435589.25,1154.0
4090,2024-02-07,15.55,16.3,15.52,16.15,0.55,3.53,2398226.0,38419668.1,1774.0
4090,2024-02-06,15.58,15.65,15.5,15.6,0.02,0.13,797330.0,12440060.25,676.0
4090,2024-02-05,15.18,15.6,15.16,15.58,0.4,2.64,1335670.0,20604079.25,1011.0
4090,2024-02-04,15.08,15.21,15.0,15.18,0.1,0.66,685006.0,10381067.7,418.0
4090,2024-02-01,14.82,15.26,14.74,15.08,0.21,1.41,841301.0,12620255.2,842.0
4090,2024-01-31,14.9,14.92,14.77,14.87,-0.11,-0.73,499725.0,7417770.4,497.0
4090,2024-01-30,15.0,15.03,14.79,14.98,-0.05,-0.33,664976.0,9917057.15,721.0
4090,2024-01-29,15.03,15.24,14.85,15.03,0.03,0.2,879097.0,13231664.3,892.0
4090,2024-01-28,15.24,15.39,15.0,15.0,-0.21,-1.38,890308.0,13513392.1,1079.0
4090,2024-01-25,14.77,15.26,14.69,15.21,0.42,2.84,2295383.0,34430491.15,1871.0
4090,2024-01-24,13.91,14.79,13.91,14.79,0.88,6.33,3156449.0,45659339.5,2236.0
4090,2024-01-23,13.93,13.96,13.86,13.91,-0.02,-0.14,309465.0,4305864.9,376.0
4090,2024-01-22,13.88,13.96,13.83,13.93,0.02,0.14,412957.0,5733779.9,451.0
4090,2024-01-21,13.8,13.99,13.8,13.91,0.13,0.94,634572.0,8808855.1,481.0
4090,2024-01-18,13.91,14.01,13.7,13.78,-0.18,-1.29,769908.0,10634191.65,869.0
4090,2024-01-17,14.2,14.25,13.93,13.96,-0.26,-1.83,1148982.0,16169297.9,883.0
4090,2024-01-16,14.22,14.33,14.06,14.22,0.0,0.0,612040.0,8677137.65,624.0
4090,2024-01-15,14.2,14.22,14.14,14.22,0.02,0.14,375729.0,5327574.65,464.0
4090,2024-01-14,14.25,14.25,14.14,14.2,-0.13,-0.91,530448.0,7534781.35,458.0
4090,2024-01-11,14.25,14.33,14.12,14.33,0.11,0.77,1030945.0,14696334.6,585.0
4090,2024-01-10,14.22,14.27,14.09,14.22,0.0,0.0,691277.0,9801796.45,621.0
4090,2024-01-09,14.3,14.35,14.22,14.22,-0.11,-0.77,533715.0,7610799.85,554.0
4090,2024-01-08,14.33,14.43,14.25,14.33,0.0,0.0,567480.0,8116315.4,581.0
4090,2024-01-07,14.38,14.43,14.27,14.33,-0.05,-0.35,704895.0,10101720.3,765.0
4090,2024-01-04,14.04,14.4,13.99,14.38,0.26,1.84,1643950.0,23492886.75,1528.0
4090,2024-01-03,14.09,14.17,14.04,14.12,0.0,0.0,941840.0,13304708.45,804.0
4090,2024-01-02,14.06,14.12,13.99,14.12,0.06,0.43,546429.0,7680345.25,681.0
4090,2024-01-01,13.88,14.12,13.88,14.06,0.13,0.93,1042359.0,14605627.05,734.0
4090,2023-12-31,13.96,13.99,13.88,13.93,0.05,0.36,363556.0,5065330.5,564.0
4090,2023-12-28,13.62,14.06,13.62,13.88,0.23,1.68,1094730.0,15181839.5,1094.0
4090,2023-12-27,13.65,13.7,13.6,13.65,0.05,0.37,872714.0,11908824.8,800.0
4090,2023-12-26,13.83,13.86,13.6,13.6,-0.18,-1.31,714384.0,9795654.35,718.0
4090,2023-12-25,13.67,13.86,13.67,13.78,0.11,0.8,549526.0,7568423.8,607.0
4090,2023-12-24,13.65,13.7,13.54,13.67,0.07,0.51,316514.0,4307970.4,497.0
4090,2023-12-21,13.62,13.67,13.54,13.6,-0.05,-0.37,585159.0,7964174.9,732.0
4090,2023-12-20,13.86,13.86,13.62,13.65,-0.15,-1.09,1195827.0,16344987.05,993.0
4090,2023-12-19,13.54,13.83,13.54,13.8,0.28,2.07,1375313.0,18847649.85,1370.0
4090,2023-12-18,13.49,13.65,13.44,13.52,0.0,0.0,865892.0,11722409.35,998.0
4090,2023-12-17,13.39,13.52,13.36,13.52,0.16,1.2,535719.0,7219837.15,516.0
4090,2023-12-14,13.54,13.54,13.36,13.36,0.0,0.0,1002017.0,13429312.9,1111.0
4090,2023-12-13,13.49,13.54,13.36,13.36,-0.08,-0.6,795956.0,10718233.25,923.0
4090,2023-12-12,13.62,13.75,13.44,13.44,-0.21,-1.54,2275387.0,30816648.0,1618.0
4090,2023-12-11,13.6,13.73,13.57,13.65,0.08,0.59,750008.0,10239693.6,1035.0
4090,2023-12-10,13.44,13.65,13.41,13.57,0.21,1.57,1199883.0,16237339.55,1219.0
4090,2023-12-07,14.09,14.17,13.36,13.36,-0.76,-5.38,3614810.0,49500637.25,3032.0
4090,2023-12-06,13.88,14.17,13.88,14.12,0.24,1.73,747985.0,10487773.7,709.0
4090,2023-12-05,14.27,14.27,13.88,13.88,-0.39,-2.73,1158848.0,16263493.2,1108.0
4090,2023-12-04,14.3,14.33,14.14,14.27,0.0,0.0,456718.0,6502097.05,422.0
4090,2023-12-03,14.27,14.59,14.2,14.27,0.1,0.71,815216.0,11708141.25,870.0
4090,2023-11-30,14.06,14.2,14.04,14.17,0.11,0.78,214677.0,3035490.7,302.0
4090,2023-11-29,14.14,14.25,14.01,14.06,-0.06,-0.42,361940.0,5097409.35,378.0
4090,2023-11-28,14.2,14.25,14.06,14.12,-0.08,-0.56,263106.0,3720794.4,368.0
4090,2023-11-27,14.43,14.43,14.17,14.2,-0.02,-0.14,329560.0,4698321.35,341.0
4090,2023-11-26,14.25,14.46,14.14,14.22,-0.03,-0.21,447836.0,6402996.05,428.0
4090,2023-11-23,14.25,14.3,14.22,14.25,0.0,0.0,201189.0,2867057.3,242.0
4090,2023-11-22,14.33,14.4,14.2,14.25,-0.1,-0.7,352057.0,5024421.65,451.0
4090,2023-11-21,14.66,14.66,14.35,14.35,-0.31,-2.11,422030.0,6101789.15,536.0
4090,2023-11-20,14.82,14.92,14.61,14.66,-0.11,-0.74,414433.0,6109959.3,555.0
4090,2023-11-19,14.79,15.34,14.74,14.77,-0.02,-0.14,1749992.0,26504702.0,1937.0
4090,2023-11-16,14.51,15.34,14.51,14.79,0.78,5.57,985271.0,14636592.25,1180.0
4090,2023-11-15,13.86,14.06,13.86,14.01,0.1,0.72,142022.0,1985017.05,188.0
4090,2023-11-14,13.83,13.93,13.8,13.91,0.08,0.58,356733.0,4948943.15,208.0
4090,2023-11-13,13.8,13.88,13.78,13.83,0.0,0.0,232441.0,3214450.6,149.0
4090,2023-11-12,13.78,13.91,13.78,13.83,0.05,0.36,481001.0,6655405.85,202.0
4090,2023-11-09,13.65,13.83,13.65,13.78,0.05,0.36,143209.0,1966379.85,195.0
4090,2023-11-08,13.78,13.83,13.73,13.73,-0.05,-0.36,121685.0,1675816.6,200.0
4090,2023-11-07,14.06,14.06,13.7,13.78,-0.21,-1.5,212045.0,2922271.75,394.0
4090,2023-11-06,14.27,14.27,13.91,13.99,0.19,1.38,146939.0,2065377.35,352.0
4090,2023-11-05,13.8,13.91,13.7,13.8,0.07,0.51,208862.0,2876833.45,385.0
4090,2023-11-02,13.65,13.91,13.6,13.73,0.11,0.81,123985.0,1703880.35,289.0
4090,2023-11-01,13.54,13.62,13.49,13.62,0.05,0.37,83854.0,1138530.95,187.0
4090,2023-10-31,13.49,13.7,13.39,13.57,0.08,0.59,92375.0,1253152.5,192.0
4090,2023-10-30,13.34,13.52,13.34,13.49,0.08,0.6,55425.0,744271.0,253.0
4090,2023-10-29,13.39,13.44,13.34,13.41,0.0,0.0,35507.0,475628.05,161.0
4090,2023-10-26,13.39,13.47,13.28,13.41,0.02,0.15,59698.0,798584.0,276.0
4090,2023-10-25,13.26,13.39,13.26,13.39,0.16,1.21,64390.0,857761.75,179.0
4090,2023-10-24,13.31,13.47,13.1,13.23,-0.08,-0.6,69487.0,919834.1,285.0
4090,2023-10-23,13.18,13.47,13.08,13.31,0.0,0.0,96144.0,1277004.4,354.0
4090,2023-10-22,13.7,13.7,13.18,13.31,-0.39,-2.85,161661.0,2176477.95,477.0
4090,2023-10-19,13.7,13.73,13.65,13.7,0.0,0.0,52227.0,714761.4,152.0
4090,2023-10-18,13.73,13.75,13.67,13.7,-0.03,-0.22,67803.0,930133.8,170.0
4090,2023-10-17,13.54,13.88,13.54,13.73,0.16,1.18,191128.0,2618363.35,315.0
4090,2023-10-16,13.62,13.62,13.52,13.57,0.0,0.0,70481.0,956512.05,228.0
4090,2023-10-15,13.62,13.67,13.08,13.57,-0.05,-0.37,160645.0,2173779.35,402.0
4090,2023-10-12,13.62,13.67,13.49,13.62,-0.03,-0.22,162555.0,2201915.45,281.0
4090,2023-10-11,13.65,13.91,13.49,13.65,-0.1,-0.73,205178.0,2787050.7,348.0
4090,2023-10-10,13.83,14.01,13.7,13.75,-0.16,-1.15,55298.0,764098.75,243.0
4090,2023-10-09,13.62,14.38,13.57,13.91,0.29,2.13,197795.0,2744040.0,478.0
4090,2023-10-08,13.88,13.93,13.62,13.62,-0.26,-1.87,229038.0,3142198.05,448.0
4090,2023-10-05,13.91,13.96,13.86,13.88,-0.05,-0.36,147639.0,2052988.45,343.0
4090,2023-10-04,13.99,14.01,13.91,13.93,-0.08,-0.57,58259.0,812214.35,293.0
4090,2023-10-03,14.09,14.12,14.01,14.01,-0.11,-0.78,139820.0,1965585.2,405.0
4090,2023-10-02,14.17,14.27,14.09,14.12,-0.05,-0.35,159324.0,2258001.6,286.0
4090,2023-10-01,14.22,14.3,14.09,14.17,-0.1,-0.7,85294.0,1208499.25,276.0
4090,2023-09-28,14.33,14.43,14.22,14.27,-0.06,-0.42,63148.0,903461.0,252.0
4090,2023-09-27,14.27,14.53,14.2,14.33,0.11,0.77,257856.0,3704485.8,336.0
4090,2023-09-26,14.3,14.35,14.06,14.22,-0.11,-0.77,138127.0,1958768.15,379.0
4090,2023-09-25,14.4,14.4,14.27,14.33,-0.02,-0.14,81990.0,1175661.2,224.0
4090,2023-09-21,14.38,14.38,14.22,14.35,0.0,0.0,109090.0,1561236.3,334.0
4090,2023-09-20,14.35,14.35,14.27,14.35,0.08,0.56,54275.0,776896.0,196.0
4090,2023-09-19,14.17,14.38,14.12,14.27,0.13,0.92,106950.0,1524510.1,309.0
4090,2023-09-18,14.17,14.27,14.04,14.14,-0.06,-0.42,187194.0,2650170.5,383.0
4090,2023-09-17,14.38,14.38,14.2,14.2,-0.07,-0.49,259507.0,3694642.35,281.0
4090,2023-09-14,14.35,14.43,14.22,14.27,-0.08,-0.56,122058.0,1742833.2,202.0
4090,2023-09-13,14.51,14.51,14.33,14.35,-0.08,-0.55,100774.0,1448367.4,162.0
4090,2023-09-12,14.51,14.53,14.38,14.43,-0.05,-0.35,175227.0,2530478.3,255.0
4090,2023-09-11,14.25,14.48,14.22,14.48,0.23,1.61,317856.0,4561200.2,384.0
4090,2023-09-10,14.22,14.27,14.17,14.25,0.05,0.35,362731.0,5156051.9,320.0
4090,2023-09-07,14.17,14.3,14.14,14.2,0.03,0.21,241875.0,3433579.05,331.0
4090,2023-09-06,14.3,14.43,14.12,14.17,-0.16,-1.12,517736.0,7387476.85,492.0
4090,2023-09-05,14.56,14.56,14.22,14.33,-0.15,-1.04,522462.0,7485741.7,507.0
4090,2023-09-04,14.61,14.64,14.46,14.48,-0.16,-1.09,282232.0,4103064.35,624.0
4090,2023-09-03,14.79,14.85,14.59,14.64,-0.15,-1.01,422262.0,6199356.4,593.0
4090,2023-08-31,14.72,14.85,14.72,14.79,0.0,0.0,160770.0,2379832.35,251.0
4090,2023-08-30,14.69,14.79,14.69,14.79,0.1,0.68,185741.0,2737667.95,225.0
4090,2023-08-29,14.82,14.85,14.66,14.69,-0.05,-0.34,279898.0,4127061.6,344.0
4090,2023-08-28,14.79,14.85,14.72,14.74,-0.08,-0.54,258067.0,3808423.9,327.0
4090,2023-08-27,14.87,14.92,14.72,14.82,-0.05,-0.34,239360.0,3550196.1,365.0
4090,2023-08-24,14.92,14.95,14.74,14.87,-0.05,-0.34,200995.0,2981890.25,372.0
4090,2023-08-23,14.95,15.03,14.92,14.92,-0.03,-0.2,150154.0,2245318.0,211.0
4090,2023-08-22,15.0,15.03,14.9,14.95,-0.08,-0.53,97176.0,1452513.05,261.0
4090,2023-08-21,15.13,15.13,15.0,15.03,-0.1,-0.66,153170.0,2305314.35,336.0
4090,2023-08-20,15.13,15.18,15.13,15.13,-0.03,-0.2,102815.0,1558419.45,229.0
4090,2023-08-17,15.37,15.37,15.13,15.16,-0.15,-0.98,154101.0,2340648.1,292.0
4090,2023-08-16,15.37,15.45,15.29,15.31,-0.08,-0.52,69817.0,1072176.15,175.0
4090,2023-08-15,15.37,15.6,15.31,15.39,0.02,0.13,154711.0,2386766.35,257.0
4090,2023-08-14,15.47,15.55,15.34,15.37,-0.15,-0.97,246438.0,3799590.55,393.0
4090,2023-08-13,15.6,15.63,15.13,15.52,-0.42,-2.63,786872.0,12191253.35,740.0
4090,2023-08-10,15.68,15.97,15.65,15.94,0.21,1.34,177773.0,2816739.1,250.0
4090,2023-08-09,15.52,15.78,15.45,15.73,0.21,1.35,169334.0,2643843.85,341.0
4090,2023-08-08,15.39,15.55,15.39,15.52,0.02,0.13,112883.0,1749438.95,210.0
4090,2023-08-07,15.78,15.91,15.37,15.5,-0.39,-2.45,188369.0,2943342.9,485.0
4090,2023-08-06,16.02,16.12,15.86,15.89,-0.15,-0.94,104179.0,1664443.95,282.0
4090,2023-08-03,16.07,16.15,16.02,16.04,-0.06,-0.37,211187.0,3395346.7,220.0
4090,2023-08-02,16.04,16.15,16.04,16.1,0.03,0.19,209714.0,3378012.5,290.0
4090,2023-08-01,16.17,16.23,16.07,16.07,-0.08,-0.5,226030.0,3649952.25,376.0
4090,2023-07-31,15.91,16.15,15.91,16.15,0.08,0.5,227717.0,3654040.95,359.0
4090,2023-07-30,16.04,16.2,16.02,16.07,0.03,0.19,157670.0,2534099.4,307.0
4090,2023-07-27,16.07,16.15,15.99,16.04,-0.06,-0.37,180867.0,2900378.2,353.0
4090,2023-07-26,16.12,16.15,16.04,16.1,-0.02,-0.12,177606.0,2857480.0,243.0
4090,2023-07-25,16.23,16.25,16.02,16.12,0.02,0.12,238273.0,3838662.95,283.0
4090,2023-07-24,16.07,16.2,16.07,16.1,0.0,0.0,132151.0,2132406.05,240.0
4090,2023-07-23,16.15,16.28,16.1,16.1,-0.05,-0.31,216777.0,3507897.05,368.0
4090,2023-07-20,16.25,16.25,16.15,16.15,-0.1,-0.62,200108.0,3241557.15,297.0
4090,2023-07-19,16.38,16.38,16.15,16.25,0.0,0.0,383993.0,6241923.95,400.0
4090,2023-07-18,16.51,16.57,16.25,16.25,-0.26,-1.57,335141.0,5487306.7,490.0
4090,2023-07-17,16.41,16.59,16.33,16.51,0.1,0.61,433461.0,7136884.5,560.0
4090,2023-07-16,16.36,16.43,16.3,16.41,0.08,0.49,242783.0,3975655.55,438.0
4090,2023-07-13,16.3,16.38,16.28,16.33,-0.03,-0.18,204370.0,3335969.5,331.0
4090,2023-07-12,16.3,16.46,16.28,16.36,0.06,0.37,292499.0,4783098.95,380.0
4090,2023-07-11,16.28,16.46,16.25,16.3,-0.03,-0.18,399579.0,6548546.2,446.0
4090,2023-07-10,16.51,16.51,16.3,16.33,-0.08,-0.49,244117.0,3995853.1,474.0
4090,2023-07-09,16.54,16.62,16.36,16.41,-0.13,-0.79,567907.0,9360973.35,906.0
4090,2023-07-06,16.38,16.57,16.38,16.54,0.21,1.29,1741808.0,28767615.3,1608.0
4090,2023-07-05,16.02,16.36,15.99,16.33,0.26,1.62,947139.0,15378901.7,654.0
4090,2023-07-04,16.12,16.15,16.02,16.07,-0.05,-0.31,313640.0,5043984.05,365.0
4090,2023-07-03,15.99,16.17,15.89,16.12,0.23,1.45,1063489.0,17113750.15,672.0
4090,2023-07-02,15.89,16.07,15.89,15.89,0.11,0.7,156107.0,2492380.85,395.0
4090,2023-06-22,15.89,15.97,15.71,15.78,-0.13,-0.82,288585.0,4563653.4,492.0
4090,2023-06-21,15.99,15.99,15.89,15.91,-0.06,-0.38,276498.0,4400235.5,375.0
4090,2023-06-20,15.89,16.1,15.89,15.97,0.06,0.38,291717.0,4652459.8,442.0
4090,2023-06-19,16.04,16.07,15.89,15.91,-0.19,-1.18,325410.0,5193100.5,564.0
4090,2023-06-18,16.3,16.43,15.97,16.1,-0.15,-0.92,793825.0,12893758.35,1161.0
4090,2023-06-15,15.89,16.36,15.89,16.25,0.39,2.46,2250510.0,36184494.85,2103.0
4090,2023-06-14,15.68,15.86,15.68,15.86,0.18,1.15,672247.0,10617822.35,649.0
4090,2023-06-13,15.58,15.73,15.5,15.68,0.08,0.51,865258.0,13554903.1,678.0
4090,2023-06-12,15.63,15.63,15.45,15.6,-0.08,-0.51,428559.0,6669793.9,621.0
4090,2023-06-11,15.37,15.76,15.31,15.68,0.39,2.55,2038984.0,31667569.25,1365.0
4090,2023-06-08,15.26,15.31,15.13,15.29,0.03,0.2,250181.0,3811282.5,328.0
4090,2023-06-07,15.05,15.29,15.05,15.26,0.18,1.19,381330.0,5787392.4,597.0
4090,2023-06-06,15.11,15.18,14.98,15.08,-0.03,-0.2,313869.0,4725591.5,596.0
4090,2023-06-05,15.11,15.18,15.05,15.11,-0.02,-0.13,413873.0,6259612.65,622.0
4090,2023-06-04,15.37,15.42,15.05,15.13,-0.21,-1.37,1201394.0,18230002.2,1016.0
4090,2023-06-01,15.45,15.47,15.34,15.34,-0.13,-0.84,248949.0,3841455.65,310.0
4090,2023-05-31,15.52,15.52,15.45,15.47,-0.11,-0.71,314116.0,4860145.75,266.0
4090,2023-05-30,15.5,15.6,15.45,15.58,0.06,0.39,270263.0,4199204.8,318.0
4090,2023-05-29,15.45,15.55,15.45,15.52,0.07,0.45,309855.0,4801797.6,290.0
4090,2023-05-28,15.5,15.55,15.45,15.45,0.0,0.0,284423.0,4401413.7,321.0
4090,2023-05-25,15.5,15.55,15.45,15.45,-0.05,-0.32,333770.0,5165077.0,237.0
4090,2023-05-24,15.45,15.6,15.45,15.5,0.03,0.19,372999.0,5787716.4,346.0
4090,2023-05-23,15.55,15.6,15.45,15.47,-0.08,-0.51,267407.0,4144799.2,332.0
4090,2023-05-22,15.52,15.58,15.47,15.55,0.03,0.19,242846.0,3770558.6,419.0
4090,2023-05-21,15.58,15.58,15.47,15.52,-0.06,-0.39,269875.0,4191139.5,288.0
4090,2023-05-18,15.55,15.63,15.5,15.58,0.03,0.19,259252.0,4035137.45,336.0
4090,2023-05-17,15.6,15.63,15.47,15.55,0.05,0.32,222693.0,3465393.55,354.0
4090,2023-05-16,15.52,15.78,15.45,15.5,0.05,0.32,818957.0,12772140.7,1015.0
4090,2023-05-15,15.47,15.5,15.45,15.45,0.0,0.0,167218.0,2587638.2,196.0
4090,2023-05-14,15.45,15.47,15.45,15.45,-0.05,-0.32,95478.0,1475838.6,170.0
4090,2023-05-11,15.45,15.52,15.45,15.5,0.03,0.19,205645.0,3183331.6,237.0
4090,2023-05-10,15.47,15.5,15.42,15.47,0.02,0.13,136659.0,2109505.8,159.0
4090,2023-05-09,15.5,15.5,15.37,15.45,-0.05,-0.32,282941.0,4363849.65,216.0
4090,2023-05-08,15.45,15.58,15.45,15.5,0.03,0.19,260617.0,4042896.25,283.0
4090,2023-05-07,15.47,15.5,15.39,15.47,0.0,0.0,170207.0,2630285.25,317.0
4090,2023-05-04,15.37,15.47,15.37,15.47,0.1,0.65,169192.0,2612159.45,223.0
4090,2023-05-03,15.37,15.42,15.37,15.37,0.0,0.0,387840.0,5960867.9,298.0
4090,2023-05-02,15.42,15.42,15.37,15.37,0.0,0.0,368420.0,5663802.05,285.0
4090,2023-05-01,15.37,15.42,15.37,15.37,-0.02,-0.13,350742.0,5391852.9,298.0
4090,2023-04-30,15.55,15.58,15.37,15.39,-0.06,-0.39,463506.0,7149575.7,477.0
4090,2023-04-27,15.45,15.5,15.39,15.45,-0.1,-0.64,196065.0,3030420.65,355.0
4090,2023-04-26,15.26,15.6,15.26,15.55,0.24,1.57,401214.0,6210693.2,530.0
4090,2023-04-25,15.11,15.39,15.11,15.31,0.31,2.07,418098.0,6369073.4,489.0
4090,2023-04-17,15.08,15.11,15.0,15.0,-0.03,-0.2,125428.0,1889926.9,301.0
4090,2023-04-16,15.16,15.18,14.9,15.03,-0.15,-0.99,340405.0,5117606.6,478.0
4090,2023-04-13,14.9,15.29,14.9,15.18,0.2,1.34,543699.0,8233590.6,656.0
4090,2023-04-12,14.82,14.98,14.82,14.98,0.06,0.4,127026.0,1893766.85,310.0
4090,2023-04-11,15.0,15.0,14.69,14.92,-0.03,-0.2,528407.0,7870405.95,469.0
4090,2023-04-10,15.5,15.5,14.69,14.95,-0.55,-3.55,1678943.0,25017692.65,1661.0
4090,2023-04-09,15.26,15.52,15.16,15.5,0.13,0.85,906539.0,13949143.85,716.0
4090,2023-04-06,15.39,15.42,15.37,15.37,0.0,0.0,335928.0,5174538.15,347.0
4090,2023-04-05,15.16,15.45,15.08,15.37,0.21,1.39,979006.0,14944817.8,703.0
4090,2023-04-04,15.26,15.26,14.95,15.16,-0.21,-1.37,1527804.0,23150417.85,879.0
4090,2023-04-03,15.18,15.37,14.95,15.37,0.32,2.13,1502339.0,22848827.4,1110.0
4090,2023-04-02,14.77,15.16,14.74,15.05,0.36,2.45,1564735.0,23490225.25,1029.0
4090,2023-03-30,14.77,14.85,14.64,14.69,-0.1,-0.68,659195.0,9706046.25,861.0
4090,2023-03-29,14.3,14.85,14.2,14.79,0.49,3.43,1656390.0,24353413.35,1327.0
4090,2023-03-28,14.35,14.38,14.17,14.3,-0.08,-0.56,212390.0,3037224.2,380.0
4090,2023-03-27,14.38,14.51,14.33,14.38,0.03,0.21,313652.0,4520393.55,391.0
4090,2023-03-26,14.14,14.4,14.14,14.35,0.23,1.63,268232.0,3842973.55,374.0
4090,2023-03-23,14.06,14.17,14.06,14.12,0.08,0.57,102778.0,1448137.95,222.0
4090,2023-03-22,14.27,14.27,14.01,14.04,-0.31,-2.16,206176.0,2912725.1,437.0
4090,2023-03-21,14.4,14.43,14.22,14.35,0.05,0.35,199223.0,2852572.5,396.0
4090,2023-03-20,14.48,14.48,14.27,14.3,-0.21,-1.45,216372.0,3111871.8,391.0
4090,2023-03-19,14.04,14.53,13.88,14.51,0.52,3.72,594817.0,8483647.15,655.0
4090,2023-03-16,13.83,13.99,13.65,13.99,0.34,2.49,426835.0,5906461.3,564.0
4090,2023-03-15,14.17,14.38,13.65,13.65,-0.68,-4.75,397749.0,5589988.25,745.0
4090,2023-03-14,14.27,14.46,14.17,14.33,0.0,0.0,399832.0,5731446.75,422.0
4090,2023-03-13,14.25,14.53,14.22,14.33,0.08,0.56,650664.0,9373434.25,843.0
4090,2023-03-12,13.99,14.25,13.86,14.25,0.26,1.86,646835.0,9135421.3,831.0
4090,2023-03-09,13.8,14.04,13.8,13.99,0.24,1.75,256831.0,3581631.95,412.0
4090,2023-03-08,13.8,13.86,13.75,13.75,-0.16,-1.15,95765.0,1319381.1,231.0
4090,2023-03-07,13.8,13.96,13.73,13.91,0.11,0.8,235388.0,3265089.25,378.0
4090,2023-03-06,13.7,13.8,13.67,13.8,0.07,0.51,177966.0,2442887.15,263.0
4090,2023-03-05,13.73,13.8,13.7,13.73,0.06,0.44,220015.0,3024697.5,315.0
4090,2023-03-02,14.01,14.01,13.62,13.67,-0.21,-1.51,521468.0,7151279.2,727.0
4090,2023-03-01,13.7,13.91,13.7,13.88,0.15,1.09,242781.0,3357315.15,572.0
4090,2023-02-28,13.36,13.73,13.36,13.73,0.32,2.39,287730.0,3908462.55,670.0
4090,2023-02-27,13.28,13.44,13.28,13.41,0.02,0.15,133814.0,1789978.05,400.0
4090,2023-02-26,13.34,13.41,13.28,13.39,0.05,0.37,185968.0,2483036.55,381.0
4090,2023-02-23,13.47,13.52,13.28,13.34,-0.18,-1.33,180694.0,2412841.9,340.0
4090,2023-02-21,13.67,13.67,13.39,13.52,-0.23,-1.67,243547.0,3297599.7,529.0
4090,2023-02-20,13.7,13.8,13.65,13.75,0.0,0.0,113306.0,1555629.0,283.0
4090,2023-02-19,13.83,13.86,13.7,13.75,-0.03,-0.22,194255.0,2674096.9,342.0
4090,2023-02-16,13.91,13.91,13.75,13.78,-0.13,-0.93,204381.0,2825053.05,337.0
4090,2023-02-15,13.83,14.01,13.8,13.91,-0.05,-0.36,186839.0,2596300.15,238.0
4090,2023-02-14,14.06,14.06,13.93,13.96,-0.03,-0.21,335074.0,4691763.6,310.0
4090,2023-02-13,13.93,14.06,13.91,13.99,0.03,0.21,261955.0,3672961.5,347.0
4090,2023-02-12,13.88,13.99,13.88,13.96,0.03,0.22,172753.0,2406304.7,291.0
4090,2023-02-09,14.01,14.04,13.86,13.93,-0.06,-0.43,202688.0,2823613.6,287.0
4090,2023-02-08,13.73,14.01,13.73,13.99,0.19,1.38,613129.0,8503921.2,558.0
4090,2023-02-07,13.67,13.8,13.65,13.8,0.13,0.95,227327.0,3123725.4,351.0
4090,2023-02-06,13.8,13.88,13.62,13.67,-0.19,-1.37,539459.0,7418547.6,656.0
4090,2023-02-05,13.78,14.06,13.7,13.86,0.11,0.8,1301071.0,18054735.4,1263.0
4090,2023-02-02,13.57,13.78,13.52,13.75,0.21,1.55,510996.0,6979017.35,599.0
4090,2023-02-01,13.57,13.6,13.44,13.54,0.02,0.15,226859.0,3068360.2,355.0
4090,2023-01-31,13.57,13.57,13.44,13.52,-0.08,-0.59,262193.0,3544251.55,403.0
4090,2023-01-30,13.75,13.75,13.47,13.6,-0.15,-1.09,677515.0,9202648.3,725.0
4090,2023-01-29,13.86,13.86,13.67,13.75,-0.05,-0.36,392549.0,5403056.1,494.0
4090,2023-01-26,13.65,13.83,13.62,13.8,0.02,0.15,637459.0,8728394.6,671.0
4090,2023-01-25,13.6,13.8,13.54,13.78,0.21,1.55,1068609.0,14622253.15,1109.0
4090,2023-01-24,13.34,13.62,13.34,13.57,0.26,1.95,2010707.0,27180304.2,1380.0
4090,2023-01-23,13.28,13.36,13.18,13.31,0.05,0.38,831501.0,10983931.7,519.0
4090,2023-01-22,13.15,13.28,13.15,13.26,0.08,0.61,627519.0,8284122.7,438.0
4090,2023-01-19,13.13,13.21,13.13,13.18,0.03,0.23,270605.0,3560571.9,325.0
4090,2023-01-18,13.1,13.39,13.1,13.15,0.05,0.38,521385.0,6901806.2,635.0
4090,2023-01-17,13.1,13.15,13.08,13.1,-0.05,-0.38,147288.0,1931435.15,387.0
4090,2023-01-16,13.08,13.18,13.08,13.15,0.05,0.38,121702.0,1597562.3,329.0
4090,2023-01-15,13.21,13.23,13.1,13.1,-0.11,-0.83,458636.0,6025495.65,746.0
4090,2023-01-12,13.26,13.34,13.1,13.21,-0.02,-0.15,691364.0,9104975.1,926.0
4090,2023-01-11,13.23,13.31,13.21,13.23,0.05,0.38,271540.0,3592528.6,543.0
4090,2023-01-10,13.28,13.52,13.18,13.18,0.05,0.38,1274699.0,16960430.2,1628.0
4090,2023-01-09,13.15,13.21,13.08,13.13,-0.02,-0.15,444901.0,5843613.75,888.0
4090,2023-01-08,13.21,13.21,13.13,13.15,-0.03,-0.23,355031.0,4669361.8,888.0
4090,2023-01-05,13.13,13.44,13.1,13.18,0.08,0.61,975155.0,12890079.5,1263.0
4090,2023-01-04,13.34,13.39,13.1,13.1,-0.29,-2.17,651607.0,8593537.8,1362.0
4090,2023-01-03,13.18,13.44,13.13,13.39,0.16,1.21,688503.0,9137962.25,891.0
4090,2023-01-02,13.13,13.23,13.05,13.23,0.13,0.99,238934.0,3148240.35,460.0
4090,2023-01-01,13.02,13.18,13.02,13.1,0.15,1.16,96466.0,1259504.82,402.0
4090,2022-12-29,13.28,13.28,12.95,12.95,-0.04,-0.31,457087.0,5962781.41,853.0
4090,2022-12-28,12.98,13.01,12.92,12.99,0.02,0.15,151246.0,1960499.68,557.0
4090,2022-12-27,12.94,12.99,12.94,12.97,0.05,0.39,67130.0,870937.16,391.0
4090,2022-12-26,13.01,13.02,12.92,12.92,-0.09,-0.69,184718.0,2395192.87,671.0
4090,2022-12-25,13.13,13.13,13.01,13.01,-0.07,-0.54,105548.0,1376548.52,355.0
4090,2022-12-22,13.08,13.18,13.02,13.08,0.06,0.46,377274.0,4939217.1,454.0
4090,2022-12-21,13.18,13.23,12.99,13.02,-0.08,-0.61,541231.0,7067929.44,774.0
4090,2022-12-20,13.05,13.13,12.93,13.1,-0.08,-0.61,457613.0,5944864.13,933.0
4090,2022-12-19,13.8,14.01,13.18,13.18,-0.62,-4.49,944455.0,12874201.95,1650.0
4090,2022-12-18,13.18,14.06,13.18,13.8,0.72,5.5,1226428.0,16818759.4,2199.0
4090,2022-12-15,13.15,13.15,13.05,13.08,-0.05,-0.38,123770.0,1621298.1,537.0
4090,2022-12-14,13.1,13.23,13.1,13.13,0.03,0.23,190030.0,2499493.7,668.0
4090,2022-12-13,13.18,13.28,13.1,13.1,0.02,0.15,124018.0,1633048.35,569.0
4090,2022-12-12,13.05,13.15,13.02,13.08,-0.07,-0.53,181368.0,2368324.5,815.0
4090,2022-12-11,13.39,13.52,13.15,13.15,-0.34,-2.52,141921.0,1889719.4,709.0
4090,2022-12-08,13.54,13.54,13.39,13.49,0.08,0.6,191942.0,2583259.15,514.0
4090,2022-12-07,13.44,13.52,13.41,13.41,-0.03,-0.22,175747.0,2363667.8,561.0
4090,2022-12-06,13.41,13.49,13.28,13.44,0.13,0.98,253072.0,3392505.7,546.0
4090,2022-12-05,13.36,13.44,13.26,13.31,-0.23,-1.7,294522.0,3923502.95,807.0
4090,2022-12-04,13.96,13.96,13.54,13.54,-0.47,-3.35,395753.0,5424976.8,984.0
4090,2022-12-01,14.06,14.12,13.96,14.01,0.05,0.36,104692.0,1468952.7,380.0
4090,2022-11-30,13.96,14.01,13.91,13.96,-0.05,-0.36,48178.0,673280.9,290.0
4090,2022-11-29,13.99,14.01,13.93,14.01,0.0,0.0,53287.0,744068.4,314.0
4090,2022-11-28,13.96,14.01,13.96,14.01,0.08,0.57,68381.0,955234.65,398.0
4090,2022-11-27,14.12,14.14,13.93,13.93,-0.13,-0.92,129456.0,1813838.15,484.0
4090,2022-11-24,14.12,14.12,14.06,14.06,-0.06,-0.42,135680.0,1910930.3,479.0
4090,2022-11-22,14.17,14.3,14.12,14.12,-0.02,-0.14,44351.0,628594.65,182.0
4090,2022-11-21,14.14,14.22,14.14,14.14,-0.13,-0.91,78212.0,1109309.1,286.0
4090,2022-11-20,14.38,14.38,14.25,14.27,-0.08,-0.56,81247.0,1160467.25,227.0
4090,2022-11-17,14.22,14.48,14.22,14.35,0.13,0.91,69368.0,997175.85,211.0
4090,2022-11-16,14.35,14.35,14.06,14.22,-0.11,-0.77,103101.0,1464297.8,426.0
4090,2022-11-15,14.53,14.53,14.33,14.33,-0.2,-1.38,133585.0,1916833.0,313.0
4090,2022-11-14,14.33,14.53,14.3,14.53,0.13,0.9,85031.0,1229243.95,219.0
4090,2022-11-13,14.48,14.59,14.38,14.4,0.07,0.49,137150.0,1984114.85,327.0
4090,2022-11-10,14.59,14.59,14.33,14.33,-0.33,-2.25,125415.0,1808121.35,375.0
4090,2022-11-09,14.69,14.69,14.53,14.66,0.02,0.14,186346.0,2722632.55,248.0
4090,2022-11-08,14.82,14.85,14.53,14.64,-0.05,-0.34,274091.0,4021163.45,417.0
4090,2022-11-07,14.59,15.0,14.59,14.69,0.21,1.45,371175.0,5473753.75,632.0
4090,2022-11-06,14.53,14.66,14.48,14.48,-0.11,-0.75,236968.0,3454580.15,269.0
4090,2022-11-03,14.43,14.64,14.43,14.59,0.0,0.0,83654.0,1215790.15,162.0
4090,2022-11-02,14.35,14.59,14.2,14.59,0.21,1.46,107011.0,1540133.35,318.0
4090,2022-11-01,14.72,14.72,14.35,14.38,-0.41,-2.77,145075.0,2105329.9,536.0
4090,2022-10-31,14.87,15.0,14.79,14.79,0.0,0.0,223311.0,3321644.95,457.0
4090,2022-10-30,14.69,15.0,14.69,14.79,0.1,0.68,1042121.0,15322804.65,667.0
4090,2022-10-27,14.66,14.79,14.64,14.69,0.03,0.2,107742.0,1582280.55,219.0
4090,2022-10-26,14.9,14.92,14.59,14.66,-0.21,-1.41,232424.0,3429340.65,403.0
4090,2022-10-25,14.64,14.9,14.64,14.87,0.21,1.43,344874.0,5104415.15,553.0
4090,2022-10-24,14.59,14.69,14.56,14.66,0.07,0.48,174908.0,2563370.8,326.0
4090,2022-10-23,14.51,14.69,14.51,14.59,0.16,1.11,237671.0,3477760.2,418.0
4090,2022-10-20,14.38,14.48,14.33,14.43,0.0,0.0,99578.0,1435571.55,261.0
4090,2022-10-19,14.48,14.48,14.33,14.43,0.0,0.0,156224.0,2248649.25,254.0
4090,2022-10-18,14.4,14.48,14.4,14.43,0.05,0.35,61326.0,886873.45,207.0
4090,2022-10-17,14.22,14.38,14.17,14.38,0.21,1.48,215360.0,3070260.9,373.0
4090,2022-10-16,14.25,14.25,14.14,14.17,-0.03,-0.21,52306.0,740625.1,207.0
4090,2022-10-13,14.2,14.25,14.17,14.2,-0.05,-0.35,110747.0,1574067.85,191.0
4090,2022-10-12,14.25,14.27,14.2,14.25,0.03,0.21,193861.0,2759813.75,268.0
4090,2022-10-11,14.2,14.25,14.17,14.22,-0.03,-0.21,120105.0,1706614.75,248.0
4090,2022-10-10,14.3,14.3,14.17,14.25,-0.05,-0.35,218721.0,3102740.4,291.0
4090,2022-10-09,14.48,14.48,14.3,14.3,-0.18,-1.24,63855.0,916925.95,285.0
4090,2022-10-06,14.48,14.51,14.46,14.48,0.0,0.0,104385.0,1511279.05,233.0
4090,2022-10-05,14.66,14.72,14.48,14.48,-0.16,-1.09,194988.0,2839689.35,331.0
4090,2022-10-04,14.56,14.77,14.46,14.64,0.21,1.46,472418.0,6889969.85,547.0
4090,2022-10-03,14.59,14.59,14.35,14.43,0.13,0.91,194391.0,2802523.05,349.0
4090,2022-10-02,14.14,14.33,14.14,14.3,0.1,0.7,226940.0,3221917.7,364.0
4090,2022-09-29,14.14,14.22,14.14,14.2,0.08,0.57,142560.0,2023148.4,290.0
4090,2022-09-28,14.12,14.14,14.04,14.12,0.03,0.21,172292.0,2428263.9,337.0
4090,2022-09-27,14.09,14.14,14.04,14.09,0.05,0.36,182610.0,2576206.7,338.0
4090,2022-09-26,14.04,14.12,13.96,14.04,-0.02,-0.14,229335.0,3224318.65,418.0
4090,2022-09-25,13.54,14.06,13.39,14.06,0.28,2.03,331614.0,4535219.1,719.0
4090,2022-09-21,14.51,14.53,13.54,13.78,-0.7,-4.83,814815.0,11327845.45,987.0
4090,2022-09-20,14.43,14.51,14.43,14.48,0.1,0.7,118520.0,1716173.55,253.0
4090,2022-09-19,14.48,14.48,14.38,14.38,-0.05,-0.35,101116.0,1458329.85,271.0
4090,2022-09-18,14.69,14.69,14.38,14.43,-0.26,-1.77,279643.0,4052783.15,603.0
4090,2022-09-15,14.69,14.77,14.66,14.69,0.08,0.55,97257.0,1431842.75,233.0
4090,2022-09-14,14.61,14.69,14.59,14.61,-0.13,-0.88,115728.0,1694871.65,304.0
4090,2022-09-13,14.79,14.82,14.59,14.74,-0.03,-0.2,246115.0,3609845.45,390.0
4090,2022-09-12,14.59,14.77,14.59,14.77,0.13,0.89,208495.0,3062847.8,338.0
4090,2022-09-11,15.0,15.0,14.59,14.64,-0.02,-0.14,509283.0,7527600.05,579.0
4090,2022-09-08,14.79,14.79,14.59,14.66,-0.03,-0.2,151237.0,2212776.1,351.0
4090,2022-09-07,14.85,14.85,14.59,14.69,-0.29,-1.94,231113.0,3404076.1,606.0
4090,2022-09-06,15.03,15.03,14.95,14.98,-0.05,-0.33,126143.0,1891015.9,324.0
4090,2022-09-05,15.11,15.11,15.0,15.03,-0.08,-0.53,97303.0,1463673.1,280.0
4090,2022-09-04,15.0,15.11,15.0,15.11,0.08,0.53,72704.0,1096047.8,311.0
4090,2022-09-01,15.11,15.11,14.92,15.03,0.05,0.33,162933.0,2454954.3,473.0
4090,2022-08-31,15.0,15.11,14.92,14.98,-0.02,-0.13,258549.0,3876348.25,516.0
4090,2022-08-30,15.13,15.24,15.0,15.0,-0.13,-0.86,431023.0,6517138.35,686.0
4090,2022-08-29,15.18,15.29,15.11,15.13,0.02,0.13,192798.0,2929787.7,419.0
4090,2022-08-28,14.98,15.18,14.98,15.11,-0.13,-0.85,929981.0,14047981.75,667.0
4090,2022-08-25,15.31,15.31,15.03,15.24,0.08,0.53,444498.0,6733221.15,462.0
4090,2022-08-24,15.34,15.34,15.11,15.16,-0.15,-0.98,241523.0,3661736.2,543.0
4090,2022-08-23,15.42,15.58,15.31,15.31,-0.11,-0.71,381275.0,5874570.8,586.0
4090,2022-08-22,15.5,15.5,15.39,15.42,-0.08,-0.52,167230.0,2578644.05,415.0
4090,2022-08-21,15.68,15.68,15.47,15.5,-0.18,-1.15,308526.0,4799867.25,526.0
4090,2022-08-18,15.91,15.99,15.6,15.68,-0.13,-0.82,837742.0,13174645.65,1164.0
4090,2022-08-17,15.78,15.86,15.78,15.81,0.03,0.19,191473.0,3031365.65,297.0
4090,2022-08-16,15.91,15.91,15.76,15.78,-0.13,-0.82,183334.0,2901012.75,334.0
4090,2022-08-15,15.76,15.99,15.73,15.91,0.15,0.95,458872.0,7278456.7,571.0
4090,2022-08-14,15.63,15.78,15.6,15.76,0.08,0.51,260012.0,4088552.75,464.0
4090,2022-08-11,15.73,15.81,15.63,15.68,0.0,0.0,338408.0,5318039.0,464.0
4090,2022-08-10,15.65,15.89,15.58,15.68,0.16,1.03,896974.0,14091852.8,992.0
4090,2022-08-09,15.24,15.52,15.21,15.52,0.26,1.7,2218695.0,34097458.8,524.0
4090,2022-08-08,15.29,15.34,15.26,15.26,-0.03,-0.2,91160.0,1393534.5,253.0
4090,2022-08-07,15.34,15.37,15.24,15.29,0.0,0.0,184897.0,2830844.7,331.0
4090,2022-08-04,15.26,15.34,15.18,15.29,0.0,0.0,185461.0,2832761.4,286.0
4090,2022-08-03,15.29,15.34,15.18,15.29,0.0,0.0,248845.0,3798554.55,363.0
4090,2022-08-02,15.47,15.47,15.26,15.29,-0.18,-1.16,244764.0,3756706.2,552.0
4090,2022-08-01,15.5,15.5,15.37,15.47,0.21,1.38,230343.0,3559388.0,391.0
4090,2022-07-31,15.24,15.42,15.24,15.26,0.02,0.13,237064.0,3634911.55,476.0
4090,2022-07-28,15.31,15.31,15.11,15.24,0.03,0.2,383920.0,5845072.85,376.0
4090,2022-07-27,15.16,15.26,15.13,15.21,0.08,0.53,155105.0,2359459.75,294.0
4090,2022-07-26,15.29,15.58,15.11,15.13,-0.13,-0.85,477301.0,7308031.35,637.0
4090,2022-07-25,15.05,15.31,15.03,15.26,0.23,1.53,264322.0,4011828.05,466.0
4090,2022-07-24,15.05,15.24,15.0,15.03,-0.02,-0.13,147511.0,2228459.25,381.0
4090,2022-07-21,15.03,15.05,14.92,15.05,0.02,0.13,142734.0,2139696.1,315.0
4090,2022-07-20,15.03,15.21,14.92,15.03,0.0,0.0,398208.0,6016118.1,642.0
4090,2022-07-19,14.95,15.03,14.66,15.03,0.18,1.21,226158.0,3369712.3,460.0
4090,2022-07-18,14.61,14.9,14.61,14.85,0.08,0.54,108366.0,1598336.55,301.0
4090,2022-07-17,14.79,14.9,14.59,14.77,0.08,0.54,77759.0,1144957.45,320.0
4090,2022-07-14,14.98,14.98,14.61,14.69,-0.29,-1.94,129633.0,1907736.15,317.0
4090,2022-07-13,14.59,15.11,14.38,14.98,0.47,3.24,351940.0,5174728.5,566.0
4090,2022-07-06,14.48,14.59,14.33,14.51,0.08,0.55,203278.0,2935309.35,364.0
4090,2022-07-05,14.38,14.59,14.35,14.43,0.0,0.0,155032.0,2234607.6,458.0
4090,2022-07-04,14.48,14.48,14.38,14.43,-0.05,-0.35,168573.0,2433102.1,428.0
4090,2022-07-03,14.48,14.56,14.35,14.48,-0.05,-0.34,253387.0,3655348.9,581.0
4090,2022-06-30,14.82,14.95,14.46,14.53,-0.29,-1.96,589609.0,8658493.7,879.0
4090,2022-06-29,14.56,14.85,14.46,14.82,0.31,2.14,606300.0,8850806.95,734.0
4090,2022-06-28,14.61,14.61,14.27,14.51,-0.02,-0.14,527991.0,7587621.9,586.0
4090,2022-06-27,14.59,14.85,14.48,14.53,-0.06,-0.41,400796.0,5871221.85,653.0
4090,2022-06-26,14.51,14.59,14.33,14.59,0.34,2.39,429432.0,6221407.95,543.0
4090,2022-06-23,14.2,14.27,14.12,14.25,0.08,0.56,191836.0,2721620.5,394.0
4090,2022-06-22,14.59,14.59,14.12,14.17,-0.39,-2.68,354662.0,5062322.85,691.0
4090,2022-06-21,14.59,14.66,14.35,14.56,0.13,0.9,351798.0,5108927.25,611.0
4090,2022-06-20,14.06,14.43,14.06,14.43,0.37,2.63,278702.0,3969877.25,687.0
4090,2022-06-19,14.82,14.82,14.06,14.06,-0.97,-6.45,1045292.0,15048325.45,1540.0
4090,2022-06-16,15.21,15.24,14.74,15.03,-0.08,-0.53,453282.0,6803083.55,743.0
4090,2022-06-15,15.16,15.34,15.05,15.11,-0.05,-0.33,307040.0,4660970.8,623.0
4090,2022-06-14,15.21,15.21,15.0,15.16,-0.05,-0.33,842610.0,12702780.85,1029.0
4090,2022-06-13,15.58,15.58,15.18,15.21,-0.37,-2.37,973168.0,14835790.45,1371.0
4090,2022-06-12,16.07,16.07,15.52,15.58,-0.54,-3.35,1126854.0,17679131.15,1561.0
4090,2022-06-09,16.33,16.33,16.12,16.12,-0.21,-1.29,770263.0,12477250.2,553.0
4090,2022-06-08,16.23,16.43,16.23,16.33,0.13,0.8,775836.0,12682164.4,977.0
4090,2022-06-07,16.1,16.2,15.99,16.2,0.13,0.81,553745.0,8929851.85,574.0
4090,2022-06-06,15.89,16.07,15.81,16.07,0.23,1.45,370213.0,5904787.05,549.0
4090,2022-06-05,15.73,15.94,15.73,15.84,-0.26,-1.61,727506.0,11503118.5,1038.0
4090,2022-06-02,16.1,16.15,15.97,16.1,-0.02,-0.12,354276.0,5689791.5,589.0
4090,2022-06-01,15.99,16.15,15.97,16.12,0.13,0.81,257036.0,4121643.5,562.0
4090,2022-05-31,16.12,16.12,15.91,15.99,-0.05,-0.31,255278.0,4084600.6,756.0
4090,2022-05-30,16.17,16.36,15.99,16.04,0.0,0.0,620466.0,10028951.4,741.0
4090,2022-05-29,15.89,16.04,15.81,16.04,0.18,1.13,402577.0,6400435.0,589.0
4090,2022-05-26,15.84,15.86,15.76,15.86,0.02,0.13,291533.0,4611157.65,484.0
4090,2022-05-25,15.84,15.86,15.71,15.84,0.03,0.19,524084.0,8286995.45,660.0
4090,2022-05-24,15.78,15.81,15.68,15.81,0.0,0.0,547497.0,8616944.1,791.0
4090,2022-05-23,15.91,16.02,15.81,15.81,-0.05,-0.32,296910.0,4708907.2,542.0
4090,2022-05-22,15.78,15.94,15.76,15.86,0.13,0.83,352591.0,5589272.85,609.0
4090,2022-05-19,15.99,15.99,15.68,15.73,-0.26,-1.63,688628.0,10883135.15,1045.0
4090,2022-05-18,15.99,16.12,15.99,15.99,0.0,0.0,249001.0,3994219.8,535.0
4090,2022-05-17,16.15,16.15,15.94,15.99,-0.18,-1.11,770445.0,12372934.15,972.0
4090,2022-05-16,16.46,16.54,16.17,16.17,-0.08,-0.49,520644.0,8487396.25,837.0
4090,2022-05-15,16.25,16.3,16.15,16.25,0.0,0.0,322354.0,5226758.75,662.0
4090,2022-05-12,16.43,16.43,16.2,16.25,-0.21,-1.28,518578.0,8448933.35,1023.0
4090,2022-05-11,16.43,16.54,16.43,16.46,0.03,0.18,363285.0,5990260.1,402.0
4090,2022-05-10,16.46,16.49,16.38,16.43,-0.14,-0.84,351047.0,5769901.55,645.0
4090,2022-05-09,16.46,16.62,16.46,16.57,0.11,0.67,284108.0,4701472.15,484.0
4090,2022-05-08,16.57,16.62,16.38,16.46,-0.21,-1.26,443759.0,7313779.15,824.0
4090,2022-04-28,16.67,16.67,16.46,16.67,0.05,0.3,788886.0,13063368.15,846.0
4090,2022-04-27,16.57,16.83,16.57,16.62,0.11,0.67,658372.0,11008684.6,815.0
4090,2022-04-26,16.46,16.62,16.33,16.51,0.05,0.3,445056.0,7334260.65,776.0
4090,2022-04-25,16.41,16.57,16.33,16.46,0.16,0.98,399675.0,6569375.9,860.0
4090,2022-04-24,16.67,16.67,16.23,16.3,-0.37,-2.22,1115883.0,18367629.25,1875.0
4090,2022-04-21,16.8,16.83,16.64,16.67,-0.13,-0.77,1339143.0,22357588.25,1001.0
4090,2022-04-20,16.93,16.93,16.75,16.8,-0.1,-0.59,1176227.0,19794694.45,911.0
4090,2022-04-19,16.83,17.06,16.8,16.9,0.1,0.6,3184564.0,53921103.1,2035.0
4090,2022-04-18,16.85,16.93,16.72,16.8,0.03,0.18,1846641.0,31051995.8,1632.0
4090,2022-04-17,16.77,16.9,16.77,16.77,0.07,0.42,933682.0,15706642.55,1017.0
4090,2022-04-14,16.62,16.77,16.59,16.7,0.08,0.48,817904.0,13639848.2,925.0
4090,2022-04-13,16.67,16.83,16.59,16.62,-0.05,-0.3,1096874.0,18277098.4,1080.0
4090,2022-04-12,16.88,16.88,16.54,16.67,-0.1,-0.6,1502164.0,25059448.4,1650.0
4090,2022-04-11,16.96,16.96,16.75,16.77,-0.08,-0.47,1536736.0,25867994.05,1702.0
4090,2022-04-10,17.45,17.71,16.85,16.85,0.08,0.48,3939694.0,67850970.65,6017.0
4090,2022-04-07,16.75,16.85,16.75,16.77,0.02,0.12,373527.0,6270758.3,480.0
4090,2022-04-06,16.77,16.85,16.75,16.75,-0.05,-0.3,806944.0,13533027.0,958.0
4090,2022-04-05,16.96,16.96,16.75,16.8,-0.1,-0.59,915401.0,15380673.35,906.0
4090,2022-04-04,16.98,17.03,16.85,16.9,-0.06,-0.35,517185.0,8750933.1,573.0
4090,2022-04-03,16.77,17.03,16.77,16.96,0.13,0.77,778679.0,13169275.15,612.0
4090,2022-03-31,16.8,16.9,16.72,16.83,0.06,0.36,670658.0,11284219.25,636.0
4090,2022-03-30,16.96,16.98,16.77,16.77,-0.19,-1.12,1029321.0,17371539.25,956.0
4090,2022-03-29,16.93,17.19,16.83,16.96,0.08,0.47,1465045.0,24939919.9,1154.0
4090,2022-03-28,16.9,17.01,16.85,16.88,0.0,0.0,1336290.0,22600947.95,907.0
4090,2022-03-27,16.9,17.03,16.77,16.88,0.08,0.48,1076816.0,18190637.75,1115.0
4090,2022-03-24,16.67,16.85,16.62,16.8,0.13,0.78,2458953.0,41270048.75,909.0
4090,2022-03-23,16.8,16.85,16.67,16.67,-0.13,-0.77,1151893.0,19262428.3,1114.0
4090,2022-03-22,16.85,16.9,16.75,16.8,-0.05,-0.3,553246.0,9298860.95,734.0
4090,2022-03-21,16.93,16.93,16.83,16.85,-0.03,-0.18,495907.0,8371908.75,657.0
4090,2022-03-20,17.09,17.09,16.85,16.88,-0.21,-1.23,1273186.0,21587276.25,1252.0
4090,2022-03-17,17.06,17.14,17.01,17.09,0.03,0.18,410826.0,7011338.1,639.0
4090,2022-03-16,17.19,17.32,17.01,17.06,-0.13,-0.76,844503.0,14445128.55,1179.0
4090,2022-03-15,17.29,17.29,17.11,17.19,-0.1,-0.58,665540.0,11435463.7,841.0
4090,2022-03-14,17.71,17.71,17.24,17.29,-0.34,-1.93,691916.0,12055142.85,841.0
4090,2022-03-13,17.92,18.05,17.61,17.63,0.15,0.86,1790532.0,31917945.65,1637.0
4090,2022-03-10,17.29,17.82,17.27,17.48,0.21,1.22,2084296.0,36693221.8,2220.0
4090,2022-03-09,17.22,17.27,17.14,17.27,0.13,0.76,544103.0,9352348.95,464.0
4090,2022-03-08,17.16,17.22,17.09,17.14,-0.02,-0.12,411099.0,7054742.75,499.0
4090,2022-03-07,17.19,17.27,17.06,17.16,-0.08,-0.46,640413.0,10981918.85,797.0
4090,2022-03-06,17.19,17.35,17.19,17.24,0.23,1.35,1004497.0,17320305.8,937.0
4090,2022-03-03,17.11,17.14,16.83,17.01,-0.1,-0.58,920703.0,15615986.3,1107.0
4090,2022-03-02,17.37,17.4,17.06,17.11,-0.55,-3.11,1393994.0,23984400.45,1852.0
4090,2022-03-01,17.76,17.95,17.61,17.66,-0.05,-0.28,1056482.0,18729533.75,1312.0
4090,2022-02-28,17.5,18.02,17.35,17.71,0.23,1.32,1673216.0,29646638.65,1791.0
4090,2022-02-27,17.4,17.55,17.4,17.48,0.26,1.51,396392.0,6931365.15,599.0
4090,2022-02-24,17.19,17.61,17.11,17.22,-0.52,-2.93,986341.0,17079520.05,1271.0
4090,2022-02-23,17.61,18.02,17.61,17.74,0.05,0.28,761645.0,13598753.65,921.0
4090,2022-02-21,17.37,17.87,17.37,17.69,0.24,1.38,674731.0,11912689.5,887.0
4090,2022-02-20,17.76,18.21,17.45,17.45,-0.31,-1.75,1411227.0,25157245.0,1951.0
4090,2022-02-17,17.48,18.78,17.35,17.76,0.28,1.6,5576738.0,101154610.55,4906.0
4090,2022-02-16,17.27,17.63,17.19,17.48,0.26,1.51,1119486.0,19473231.45,952.0
4090,2022-02-15,17.22,17.29,17.14,17.22,0.03,0.17,319079.0,5499241.0,420.0
4090,2022-02-14,16.98,17.24,16.93,17.19,0.18,1.06,304213.0,5199845.3,478.0
4090,2022-02-13,17.22,17.35,16.77,17.01,-0.47,-2.69,847196.0,14531421.8,1108.0
4090,2022-02-10,17.55,17.61,17.45,17.48,0.0,0.0,251068.0,4399770.3,415.0
4090,2022-02-09,17.58,17.71,17.48,17.48,-0.1,-0.57,348849.0,6127083.8,539.0
4090,2022-02-08,17.74,17.76,17.55,17.58,-0.21,-1.18,522322.0,9217910.65,824.0
4090,2022-02-07,17.84,18.02,17.71,17.79,0.0,0.0,789223.0,14111328.6,957.0
4090,2022-02-06,17.69,18.1,17.66,17.79,0.18,1.02,2219858.0,39680815.1,2545.0
4090,2022-02-03,17.16,17.69,17.16,17.61,0.45,2.62,2167103.0,38010236.7,2820.0
4090,2022-02-02,17.19,17.19,17.11,17.16,0.02,0.12,286590.0,4911823.4,304.0
4090,2022-02-01,17.24,17.24,17.11,17.14,-0.02,-0.12,343251.0,5892047.1,470.0
4090,2022-01-31,17.16,17.27,17.11,17.16,0.05,0.29,386001.0,6633235.2,539.0
4090,2022-01-30,17.01,17.29,16.98,17.11,0.15,0.88,1083237.0,18583230.65,1066.0
4090,2022-01-27,16.83,16.98,16.8,16.96,0.16,0.95,314070.0,5309472.15,532.0
4090,2022-01-26,16.83,16.9,16.77,16.8,-0.03,-0.18,368401.0,6198041.85,524.0
4090,2022-01-25,16.83,17.03,16.77,16.83,0.0,0.0,348888.0,5884670.3,469.0
4090,2022-01-24,16.83,16.9,16.77,16.83,-0.07,-0.41,398540.0,6709283.8,508.0
4090,2022-01-23,17.06,17.09,16.8,16.9,-0.24,-1.4,636365.0,10798973.9,741.0
4090,2022-01-20,17.09,17.22,17.09,17.14,0.05,0.29,625651.0,10738385.0,662.0
4090,2022-01-19,17.11,17.14,17.01,17.09,-0.02,-0.12,399832.0,6826010.65,513.0
4090,2022-01-18,17.09,17.19,17.03,17.11,0.05,0.29,1053894.0,18020324.0,857.0
4090,2022-01-17,17.09,17.09,16.98,17.06,-0.03,-0.18,411114.0,7006020.75,818.0
4090,2022-01-16,17.09,17.19,17.01,17.09,0.0,0.0,853811.0,14598209.3,895.0
4090,2022-01-13,17.14,17.22,17.03,17.09,-0.05,-0.29,446744.0,7651815.35,587.0
4090,2022-01-12,17.11,17.19,16.98,17.14,0.13,0.76,654536.0,11201466.5,891.0
4090,2022-01-11,16.96,17.19,16.93,17.01,0.08,0.47,1152797.0,19683867.95,1954.0
4090,2022-01-10,16.67,16.96,16.64,16.93,0.29,1.74,761578.0,12800881.3,1056.0
4090,2022-01-09,16.51,16.64,16.51,16.64,0.15,0.91,292706.0,4853052.95,536.0
4090,2022-01-06,16.43,16.64,16.43,16.49,0.0,0.0,344985.0,5698658.0,460.0
4090,2022-01-05,16.49,16.51,16.41,16.49,0.03,0.18,312452.0,5142104.5,465.0
4090,2022-01-04,16.41,16.49,16.3,16.46,0.05,0.3,304831.0,5003417.9,500.0
4090,2022-01-03,16.62,16.7,16.36,16.41,-0.16,-0.97,468943.0,7745987.2,725.0
4090,2022-01-02,16.67,16.77,16.54,16.57,0.0,0.0,412220.0,6858648.75,650.0
4090,2021-12-30,16.62,16.72,16.54,16.57,0.0,0.0,277932.0,4609412.6,567.0
4090,2021-12-29,16.75,16.96,16.51,16.57,-0.13,-0.78,761931.0,12738527.9,1267.0
4090,2021-12-28,16.57,16.77,16.57,16.7,0.16,0.97,289103.0,4821903.15,642.0
4090,2021-12-27,16.54,16.57,16.38,16.54,0.0,0.0,251897.0,4154719.45,613.0
4090,2021-12-26,16.77,16.8,16.54,16.54,-0.16,-0.96,224772.0,3738426.7,579.0
4090,2021-12-23,16.77,16.88,16.67,16.7,-0.1,-0.6,340243.0,5698743.25,671.0
4090,2021-12-22,16.8,17.01,16.75,16.8,0.05,0.3,1074193.0,18140622.05,1114.0
4090,2021-12-21,16.75,16.8,16.67,16.75,0.03,0.18,308075.0,5149927.8,416.0
4090,2021-12-20,16.7,16.83,16.49,16.72,0.0,0.0,697148.0,11566624.5,1119.0
4090,2021-12-19,16.9,16.9,16.7,16.72,-0.26,-1.53,670422.0,11269178.05,1014.0
4090,2021-12-16,17.03,17.03,16.93,16.98,0.02,0.12,857378.0,14564741.8,820.0
4090,2021-12-15,17.03,17.09,16.9,16.96,-0.07,-0.41,814339.0,13814902.0,849.0
4090,2021-12-14,17.09,17.16,16.96,17.03,-0.06,-0.35,532686.0,9085619.75,653.0
4090,2021-12-13,17.09,17.22,17.03,17.09,0.03,0.18,707721.0,12125212.35,875.0
4090,2021-12-12,17.11,17.11,16.88,17.06,0.0,0.0,621230.0,10543887.65,857.0
4090,2021-12-09,17.19,17.35,16.98,17.06,-0.13,-0.76,1167060.0,19983656.4,1262.0
4090,2021-12-08,17.24,17.48,17.19,17.19,0.0,0.0,1245253.0,21570756.35,1394.0
4090,2021-12-07,17.27,17.35,17.14,17.19,-0.03,-0.17,907169.0,15634297.95,1153.0
4090,2021-12-06,17.32,17.55,17.19,17.22,-0.05,-0.29,1108344.0,19164953.65,1445.0
4090,2021-12-05,16.96,17.35,16.96,17.27,0.34,2.01,1273735.0,21900127.05,1514.0
4090,2021-12-02,16.88,17.14,16.88,16.93,-0.03,-0.18,601985.0,10234186.7,855.0
4090,2021-12-01,17.27,17.4,16.9,16.96,-0.31,-1.8,880055.0,15033626.15,1232.0
4090,2021-11-30,17.06,17.29,16.83,17.27,0.16,0.94,1173359.0,20034619.55,1454.0
4090,2021-11-29,16.77,17.14,16.46,17.11,0.49,2.95,2468993.0,41506235.2,2672.0
4090,2021-11-28,17.5,17.5,16.59,16.62,-1.25,-6.99,2511770.0,42500716.2,3056.0
4090,2021-11-25,18.08,18.31,17.87,17.87,-0.18,-1.0,1602084.0,28917738.05,2005.0
4090,2021-11-24,18.23,18.26,17.95,18.05,-0.1,-0.55,1654065.0,29877092.7,2240.0
4090,2021-11-23,18.65,18.7,18.02,18.15,-1.07,-5.57,4553650.0,83371628.1,4692.0
4090,2021-11-22,19.22,19.51,19.22,19.22,-2.14,-10.02,3673627.0,70737543.7,3307.0
4090,2021-11-21,21.62,21.93,21.05,21.36,-0.18,-0.84,9476320.0,204612198.4,8056.0
4090,2021-11-18,21.77,22.06,21.31,21.54,-0.18,-0.83,4844821.0,104519874.95,4688.0
4090,2021-11-17,22.14,22.5,21.62,21.72,-0.52,-2.34,5969033.0,131566540.0,7057.0
4090,2021-11-16,21.72,22.27,20.94,22.24,1.98,9.77,16457519.0,357428712.65,11666.0
4090,2021-11-15,20.26,20.26,20.26,20.26,1.82,9.87,1935509.0,39220613.8,1212.0
4090,2021-11-14,17.97,18.47,17.97,18.44,0.47,2.62,1447887.0,26501538.35,1061.0
4090,2021-11-11,17.92,18.18,17.82,17.97,0.15,0.84,730855.0,13156419.15,621.0
4090,2021-11-10,17.97,18.13,17.76,17.82,-0.07,-0.39,589649.0,10558464.45,635.0
4090,2021-11-09,17.76,18.13,17.63,17.89,0.07,0.39,854159.0,15299852.2,805.0
4090,2021-11-08,18.02,18.02,17.61,17.82,-0.26,-1.44,988393.0,17630896.4,795.0
4090,2021-11-07,18.05,18.1,17.95,18.08,0.11,0.61,397112.0,7154266.4,424.0
4090,2021-11-04,17.95,18.05,17.92,17.97,-0.05,-0.28,485823.0,8736795.6,379.0
4090,2021-11-03,18.28,18.28,17.97,18.02,-0.26,-1.42,677406.0,12276060.45,546.0
4090,2021-11-02,18.28,18.47,18.23,18.28,0.0,0.0,351508.0,6435175.35,466.0
4090,2021-11-01,18.57,18.65,18.28,18.28,-0.29,-1.56,739999.0,13618693.3,693.0
4090,2021-10-31,18.65,18.73,18.52,18.57,-0.08,-0.43,379716.0,7086266.05,432.0
4090,2021-10-28,18.44,18.65,18.34,18.65,0.05,0.27,575764.0,10652388.65,505.0
4090,2021-10-27,18.86,18.86,18.49,18.6,-0.26,-1.38,616265.0,11477882.9,604.0
4090,2021-10-26,18.6,18.94,18.6,18.86,0.24,1.29,526777.0,9870417.45,492.0
4090,2021-10-25,18.75,18.83,18.62,18.62,-0.13,-0.69,561812.0,10509465.9,541.0
4090,2021-10-24,18.86,18.88,18.7,18.75,-0.11,-0.58,902351.0,16940516.1,761.0
4090,2021-10-21,19.27,19.27,18.78,18.86,-0.31,-1.62,1296877.0,24574879.1,849.0
4090,2021-10-20,19.07,19.27,19.01,19.17,0.1,0.52,1449062.0,27763966.15,844.0
4090,2021-10-19,19.2,19.46,19.01,19.07,0.0,0.0,2102247.0,40417696.8,1521.0
4090,2021-10-18,19.33,19.38,19.07,19.07,-0.26,-1.35,1254371.0,24126518.85,1284.0
4090,2021-10-17,19.01,19.38,18.99,19.33,0.58,3.09,2943582.0,56463102.55,2070.0
4090,2021-10-14,18.34,19.04,18.28,18.75,0.47,2.57,2917188.0,54547697.05,1897.0
4090,2021-10-13,18.08,18.41,17.97,18.28,0.26,1.44,1827807.0,33261396.7,1031.0
4090,2021-10-12,18.05,18.13,17.87,18.02,0.0,0.0,1461175.0,26310748.95,810.0
4090,2021-10-11,18.21,18.44,17.71,18.02,-0.21,-1.15,2119401.0,38122679.8,1369.0
4090,2021-10-10,18.75,18.83,18.18,18.23,-0.37,-1.99,3001017.0,55623469.25,1820.0
4090,2021-10-07,18.94,19.07,18.52,18.6,-0.34,-1.8,3521692.0,65964447.6,2912.0
4090,2021-10-06,18.0,18.94,17.84,18.94,0.99,5.52,4189628.0,77282931.8,2373.0
4090,2021-10-05,18.13,18.18,17.89,17.95,-0.15,-0.83,882309.0,15909946.25,735.0
4090,2021-10-04,18.26,18.49,18.05,18.1,-0.11,-0.6,2844403.0,52016375.95,1660.0
4090,2021-10-03,18.02,18.28,17.95,18.21,0.24,1.34,1078979.0,19584159.3,1030.0
4090,2021-09-30,17.84,18.08,17.84,17.97,0.13,0.73,921164.0,16554710.6,651.0
4090,2021-09-29,17.82,18.0,17.69,17.84,0.02,0.11,779577.0,13887681.0,620.0
4090,2021-09-28,18.08,18.08,17.82,17.82,-0.15,-0.83,1173426.0,21058156.7,784.0
4090,2021-09-27,18.0,18.15,17.79,17.97,-0.03,-0.17,1970608.0,35372558.2,1241.0
4090,2021-09-26,18.31,18.36,17.97,18.0,-0.05,-0.28,2038492.0,36970787.3,1437.0
4090,2021-09-22,17.76,18.54,17.66,18.05,0.29,1.63,5478755.0,99873910.1,3671.0
4090,2021-09-21,17.97,18.08,17.71,17.76,-0.26,-1.44,1438803.0,25778150.55,1168.0
4090,2021-09-20,18.02,18.36,17.92,18.02,-0.03,-0.17,2969001.0,53967766.2,2033.0
4090,2021-09-19,17.84,18.34,17.84,18.05,0.36,2.04,5352186.0,97155484.8,3116.0
4090,2021-09-16,17.58,17.87,17.55,17.69,0.06,0.34,1631150.0,28949897.65,1256.0
4090,2021-09-15,17.63,17.74,17.55,17.63,0.0,0.0,679433.0,11987596.55,652.0
4090,2021-09-14,17.58,17.71,17.55,17.63,0.13,0.74,774202.0,13658852.75,614.0
4090,2021-09-13,17.37,17.53,17.29,17.5,0.13,0.75,346542.0,6048563.05,393.0
4090,2021-09-12,17.55,17.61,17.37,17.37,-0.26,-1.47,512261.0,8940611.45,542.0
4090,2021-09-09,17.76,17.76,17.48,17.63,-0.13,-0.73,980753.0,17276325.6,788.0
4090,2021-09-08,17.76,17.84,17.71,17.76,0.0,0.0,579077.0,10285117.4,427.0
4090,2021-09-07,17.76,17.89,17.71,17.76,0.0,0.0,1056832.0,18821362.65,823.0
4090,2021-09-06,17.87,17.87,17.71,17.76,-0.06,-0.34,776843.0,13801273.5,618.0
4090,2021-09-05,17.84,17.92,17.71,17.82,0.0,0.0,1357756.0,24171731.5,1253.0
4090,2021-09-02,17.24,17.89,17.14,17.82,0.6,3.48,3244846.0,57219728.25,2187.0
4090,2021-09-01,17.19,17.27,17.16,17.22,0.03,0.17,225337.0,3878372.8,346.0
4090,2021-08-31,17.24,17.29,17.16,17.19,0.0,0.0,249701.0,4296685.35,381.0
4090,2021-08-30,17.03,17.22,17.03,17.19,0.16,0.94,420636.0,7202115.5,445.0
4090,2021-08-29,17.01,17.11,17.01,17.03,0.02,0.12,242668.0,4135685.1,315.0
4090,2021-08-26,16.93,17.01,16.93,17.01,0.08,0.47,113818.0,1931204.55,261.0
4090,2021-08-25,16.98,17.01,16.9,16.93,0.03,0.18,163292.0,2768075.45,280.0
4090,2021-08-24,16.98,17.01,16.88,16.9,0.0,0.0,117274.0,1987696.4,238.0
4090,2021-08-23,17.03,17.16,16.9,16.9,-0.13,-0.76,554603.0,9468216.05,492.0
4090,2021-08-22,16.9,17.03,16.72,17.03,0.1,0.59,340694.0,5739916.1,570.0
4090,2021-08-19,16.98,16.98,16.88,16.93,-0.08,-0.47,296693.0,5022871.2,450.0
4090,2021-08-18,16.96,17.11,16.96,17.01,-0.08,-0.47,290984.0,4948340.65,356.0
4090,2021-08-17,16.98,17.09,16.96,17.09,0.06,0.35,211661.0,3596692.75,349.0
4090,2021-08-16,17.16,17.19,16.93,17.03,-0.16,-0.93,576772.0,9828074.9,519.0
4090,2021-08-15,17.09,17.24,17.09,17.19,0.1,0.59,482648.0,8293658.15,554.0
4090,2021-08-12,16.93,17.09,16.93,17.09,-0.1,-0.58,632715.0,10746450.35,691.0
4090,2021-08-11,17.24,17.29,17.11,17.19,-0.05,-0.29,563992.0,9699880.4,581.0
4090,2021-08-10,17.24,17.35,17.22,17.24,-0.03,-0.17,669051.0,11550469.55,555.0
4090,2021-08-09,17.37,17.4,17.22,17.27,-0.02,-0.12,888961.0,15359705.3,788.0
4090,2021-08-08,17.19,17.53,17.19,17.29,0.2,1.17,2053375.0,35772732.1,1629.0
4090,2021-08-05,17.06,17.14,16.96,17.09,0.03,0.18,449497.0,7660995.65,480.0
4090,2021-08-04,17.24,17.24,17.03,17.06,-0.21,-1.22,572458.0,9812701.5,531.0
4090,2021-08-03,17.4,17.4,17.24,17.27,-0.08,-0.46,306678.0,5300920.45,418.0
4090,2021-08-02,17.4,17.48,17.24,17.35,-0.02,-0.12,692736.0,12012736.4,695.0
4090,2021-08-01,17.35,17.55,17.35,17.37,0.08,0.46,1157412.0,20169915.5,973.0
4090,2021-07-29,17.4,17.5,17.27,17.29,-0.11,-0.63,858480.0,14909521.75,819.0
4090,2021-07-28,17.06,17.45,17.01,17.4,0.31,1.81,2328065.0,40313784.3,1766.0
4090,2021-07-27,17.01,17.11,16.96,17.09,0.08,0.47,427641.0,7281396.15,659.0
4090,2021-07-26,16.93,17.14,16.9,17.01,0.08,0.47,614956.0,10465326.55,679.0
4090,2021-07-25,17.01,17.01,16.88,16.93,0.05,0.3,557798.0,9435976.6,651.0
4090,2021-07-15,16.93,17.01,16.83,16.88,0.05,0.3,1099385.0,18589162.15,1055.0
4090,2021-07-14,16.93,17.06,16.77,16.83,-0.1,-0.59,1207800.0,20383930.25,1266.0
4090,2021-07-13,16.93,16.98,16.9,16.93,-0.05,-0.29,131241.0,2224130.45,287.0
4090,2021-07-12,16.93,17.01,16.83,16.98,0.0,0.0,224661.0,3801833.5,420.0
4090,2021-07-11,17.03,17.03,16.85,16.98,-0.05,-0.29,413397.0,7005820.75,570.0
4090,2021-07-08,17.09,17.14,17.01,17.03,-0.06,-0.35,523479.0,8928028.75,578.0
4090,2021-07-07,17.03,17.14,16.96,17.09,0.0,0.0,856877.0,14617472.7,807.0
4090,2021-07-06,17.35,17.4,17.09,17.09,-0.26,-1.5,1476153.0,25389466.2,1377.0
4090,2021-07-05,17.4,17.55,17.32,17.35,-0.05,-0.29,1427066.0,24914458.2,1036.0
4090,2021-07-04,17.35,17.5,17.29,17.4,0.13,0.75,1208575.0,21035515.75,1023.0
4090,2021-07-01,17.24,17.37,17.24,17.27,0.0,0.0,1026470.0,17762523.6,669.0
4090,2021-06-30,17.45,17.48,17.24,17.27,-0.13,-0.75,1038015.0,18009975.9,943.0
4090,2021-06-29,17.4,17.53,17.29,17.4,0.08,0.46,770963.0,13415820.4,714.0
4090,2021-06-28,17.5,17.5,17.29,17.32,-0.13,-0.74,828566.0,14376528.2,904.0
4090,2021-06-27,17.55,17.61,17.42,17.45,-0.05,-0.29,775584.0,13562314.75,612.0
4090,2021-06-24,17.58,17.63,17.45,17.5,-0.05,-0.28,650797.0,11394720.9,478.0
4090,2021-06-23,17.37,17.74,17.35,17.55,0.15,0.86,1304725.0,22934023.45,1072.0
4090,2021-06-22,17.29,17.42,17.29,17.4,0.08,0.46,696393.0,12097262.15,531.0
4090,2021-06-21,17.37,17.4,17.29,17.32,-0.05,-0.29,895810.0,15528755.8,623.0
4090,2021-06-20,17.45,17.5,17.35,17.37,-0.05,-0.29,347231.0,6046302.15,558.0
4090,2021-06-17,17.5,17.53,17.42,17.42,0.0,0.0,642235.0,11214989.6,635.0
4090,2021-06-16,17.53,17.66,17.4,17.42,-0.11,-0.63,605509.0,10582817.25,613.0
4090,2021-06-15,17.69,17.69,17.53,17.53,-0.18,-1.02,1103826.0,19440066.3,652.0
4090,2021-06-14,17.92,17.95,17.55,17.71,-0.11,-0.62,1283954.0,22845699.6,860.0
4090,2021-06-13,17.97,18.05,17.82,17.82,0.0,0.0,2060496.0,36819892.05,982.0
4090,2021-06-10,17.82,17.95,17.74,17.82,0.0,0.0,746990.0,13312203.3,618.0
4090,2021-06-09,17.92,18.08,17.79,17.82,-0.02,-0.11,1605426.0,28720888.9,1042.0
4090,2021-06-08,18.15,18.15,17.71,17.84,-0.16,-0.89,1192356.0,21365734.1,794.0
4090,2021-06-07,17.79,18.15,17.71,18.0,0.18,1.01,2098634.0,37731212.35,1217.0
4090,2021-06-06,17.89,17.95,17.79,17.82,-0.05,-0.28,740686.0,13238602.55,663.0
4090,2021-06-03,17.89,18.05,17.87,17.87,0.0,0.0,1128346.0,20241149.3,702.0
4090,2021-06-02,18.1,18.21,17.79,17.87,-0.21,-1.16,1274722.0,22973934.7,1024.0
4090,2021-06-01,17.53,18.36,17.48,18.08,0.55,3.14,3326533.0,59666149.3,2319.0
4090,2021-05-31,17.61,17.69,17.53,17.53,-0.08,-0.45,302312.0,5318157.4,434.0
4090,2021-05-30,17.71,17.71,17.55,17.61,-0.13,-0.73,728694.0,12829155.65,783.0
4090,2021-05-27,17.76,17.84,17.74,17.74,0.03,0.17,384106.0,6832511.3,565.0
4090,2021-05-26,17.69,17.79,17.66,17.71,-0.03,-0.17,432271.0,7656363.0,379.0
4090,2021-05-25,17.69,17.84,17.66,17.74,0.05,0.28,380405.0,6737042.5,366.0
4090,2021-05-24,17.84,17.87,17.66,17.69,-0.15,-0.84,516353.0,9165805.65,499.0
4090,2021-05-23,17.58,17.84,17.48,17.84,0.18,1.02,707249.0,12447712.05,660.0
4090,2021-05-20,17.89,17.89,17.45,17.66,-0.26,-1.45,1514602.0,26668908.0,1115.0
4090,2021-05-19,18.13,18.15,17.87,17.92,-0.26,-1.43,921361.0,16550398.65,805.0
4090,2021-05-18,18.26,18.49,18.08,18.18,-0.08,-0.44,901838.0,16527071.2,844.0
4090,2021-05-17,18.13,18.34,18.08,18.26,0.18,1.0,1293832.0,23610217.4,1039.0
4090,2021-05-10,17.84,18.1,17.84,18.08,0.24,1.35,754485.0,13566988.5,729.0
4090,2021-05-09,17.95,18.23,17.76,17.84,0.29,1.65,957403.0,17180754.45,870.0
4090,2021-05-06,18.13,18.13,17.55,17.55,-0.63,-3.47,1448321.0,25709368.1,1087.0
4090,2021-05-05,18.18,18.31,17.97,18.18,0.18,1.0,1710583.0,31032709.5,1478.0
4090,2021-05-04,17.4,18.23,17.35,18.0,0.58,3.33,1694647.0,30123062.85,1390.0
4090,2021-05-03,17.22,17.55,17.06,17.42,0.18,1.04,1095179.0,18993593.4,1026.0
4090,2021-05-02,16.93,17.35,16.93,17.24,0.28,1.65,1097491.0,18830762.25,774.0
4090,2021-04-29,17.01,17.14,16.8,16.96,-0.05,-0.29,774098.0,13118395.55,717.0
4090,2021-04-28,17.4,17.4,16.93,17.01,-0.18,-1.05,924552.0,15755085.2,816.0
4090,2021-04-27,16.93,17.35,16.93,17.19,0.26,1.54,2489686.0,42642351.1,1458.0
4090,2021-04-26,16.96,17.01,16.8,16.93,0.0,0.0,778788.0,13168716.5,544.0
4090,2021-04-25,17.06,17.09,16.88,16.93,0.13,0.77,1303316.0,22160586.5,852.0
4090,2021-04-22,16.64,17.03,16.51,16.8,0.23,1.39,1541355.0,25922362.2,1266.0
4090,2021-04-21,16.57,16.77,16.51,16.57,0.06,0.36,449306.0,7468484.4,375.0
4090,2021-04-20,16.57,16.93,16.46,16.51,-0.06,-0.36,693840.0,11528697.5,522.0
4090,2021-04-19,16.67,16.67,16.46,16.57,-0.15,-0.9,503444.0,8346074.45,442.0
4090,2021-04-18,16.43,16.98,16.43,16.72,0.26,1.58,1402287.0,23539626.25,953.0
4090,2021-04-15,16.23,16.57,16.23,16.46,0.26,1.6,587036.0,9620228.7,464.0
4090,2021-04-14,16.15,16.3,16.1,16.2,0.0,0.0,338051.0,5483986.2,257.0
4090,2021-04-13,16.43,16.46,16.2,16.2,-0.21,-1.28,400472.0,6520269.35,299.0
4090,2021-04-12,16.33,16.51,16.17,16.41,0.08,0.49,669270.0,10913419.65,495.0
4090,2021-04-11,16.28,16.72,16.25,16.33,0.13,0.8,2129524.0,35293933.9,1410.0
4090,2021-04-08,16.12,16.28,16.1,16.2,0.1,0.62,185025.0,2989869.85,211.0
4090,2021-04-07,16.15,16.3,16.1,16.1,-0.05,-0.31,767733.0,12437815.8,512.0
4090,2021-04-06,16.1,16.17,16.1,16.15,0.05,0.31,146537.0,2363033.8,217.0
4090,2021-04-05,16.1,16.15,16.1,16.1,0.0,0.0,152667.0,2459531.5,180.0
4090,2021-04-04,16.1,16.2,16.04,16.1,0.0,0.0,226544.0,3654403.35,252.0
4090,2021-04-01,16.07,16.1,16.07,16.1,0.03,0.19,191986.0,3087965.0,157.0
4090,2021-03-31,16.04,16.1,16.02,16.07,0.05,0.31,354489.0,5694317.1,294.0
4090,2021-03-30,16.2,16.2,15.99,16.02,-0.15,-0.93,309306.0,4965387.9,413.0
4090,2021-03-29,16.23,16.3,16.15,16.17,-0.03,-0.19,425606.0,6897100.45,382.0
4090,2021-03-28,16.15,16.3,16.15,16.2,0.13,0.81,275563.0,4462038.6,359.0
4090,2021-03-25,16.15,16.17,16.04,16.07,0.0,0.0,181908.0,2927050.2,201.0
4090,2021-03-24,16.12,16.2,16.02,16.07,-0.08,-0.5,214452.0,3457731.55,197.0
4090,2021-03-23,16.17,16.23,16.04,16.15,0.0,0.0,276299.0,4457195.95,259.0
4090,2021-03-22,16.2,16.23,16.1,16.15,-0.02,-0.12,217890.0,3521354.45,225.0
4090,2021-03-21,16.2,16.2,16.1,16.17,0.0,0.0,230180.0,3721547.6,262.0
4090,2021-03-18,16.36,16.41,16.15,16.17,-0.13,-0.8,299521.0,4853546.15,341.0
4090,2021-03-17,16.04,16.57,15.99,16.3,0.36,2.26,1472926.0,23932394.45,992.0
4090,2021-03-16,15.89,16.67,15.73,15.94,0.05,0.31,2201489.0,35655121.15,1200.0
4090,2021-03-15,15.99,15.99,15.84,15.89,-0.1,-0.63,225999.0,3594960.65,297.0
4090,2021-03-14,15.89,16.02,15.78,15.99,0.26,1.65,779291.0,12413732.45,483.0
4090,2021-03-11,15.73,15.84,15.73,15.73,0.0,0.0,240466.0,3794116.05,242.0
4090,2021-03-10,15.86,15.89,15.71,15.73,-0.11,-0.69,461752.0,7284751.85,382.0
4090,2021-03-09,15.89,15.91,15.76,15.84,0.0,0.0,281082.0,4448010.0,328.0
4090,2021-03-08,15.78,15.84,15.76,15.84,-0.02,-0.13,383112.0,6052060.7,292.0
4090,2021-03-07,15.91,15.97,15.84,15.86,0.0,0.0,402804.0,6412464.1,426.0
4090,2021-03-04,15.91,16.07,15.78,15.86,-0.03,-0.19,476689.0,7578247.4,539.0
4090,2021-03-03,15.76,16.04,15.76,15.89,0.13,0.82,1629850.0,25872232.55,998.0
4090,2021-03-02,15.65,15.76,15.63,15.76,0.13,0.83,350709.0,5503639.75,240.0
4090,2021-03-01,15.73,15.84,15.63,15.63,0.0,0.0,392737.0,6167017.95,412.0
4090,2021-02-28,15.73,15.76,15.63,15.63,0.0,0.0,272968.0,4283717.1,301.0
4090,2021-02-25,15.68,15.71,15.63,15.63,-0.05,-0.32,160150.0,2508321.0,216.0
4090,2021-02-24,15.68,15.68,15.63,15.68,0.03,0.19,285333.0,4462352.25,187.0
4090,2021-02-23,15.65,15.71,15.63,15.65,-0.03,-0.19,112258.0,1758400.4,177.0
4090,2021-02-22,15.71,15.71,15.63,15.68,-0.03,-0.19,106163.0,1662863.35,153.0
4090,2021-02-21,15.63,15.71,15.6,15.71,0.08,0.51,167420.0,2620220.35,218.0
4090,2021-02-18,15.71,15.71,15.63,15.63,-0.08,-0.51,181748.0,2844907.35,210.0
4090,2021-02-17,15.76,15.89,15.63,15.71,-0.02,-0.13,535543.0,8417475.15,443.0
4090,2021-02-16,15.63,15.89,15.6,15.73,0.1,0.64,699678.0,11052633.4,564.0
4090,2021-02-15,15.65,15.71,15.63,15.63,-0.02,-0.13,148244.0,2321977.3,212.0
4090,2021-02-14,15.63,15.68,15.63,15.65,0.05,0.32,117746.0,1841979.7,168.0
4090,2021-02-11,15.65,15.68,15.6,15.6,0.0,0.0,77926.0,1218856.85,164.0
4090,2021-02-10,15.71,15.71,15.6,15.6,-0.08,-0.51,290825.0,4548794.85,265.0
4090,2021-02-09,15.68,15.76,15.65,15.68,0.0,0.0,98595.0,1547763.05,166.0
4090,2021-02-08,15.68,15.73,15.65,15.68,0.1,0.64,172301.0,2703973.05,175.0
4090,2021-02-07,15.58,15.65,15.55,15.58,0.06,0.39,180921.0,2820696.65,274.0
4090,2021-02-04,15.58,15.6,15.5,15.52,-0.11,-0.7,251366.0,3905942.8,345.0
4090,2021-02-03,15.63,15.68,15.58,15.63,0.0,0.0,221255.0,3451889.95,227.0
4090,2021-02-02,15.71,15.76,15.63,15.63,-0.08,-0.51,372319.0,5835695.6,315.0
4090,2021-02-01,15.71,15.76,15.71,15.71,-0.02,-0.13,50407.0,793083.45,100.0
4090,2021-01-31,15.73,15.81,15.71,15.73,-0.08,-0.51,87446.0,1376711.9,182.0
4090,2021-01-28,15.71,15.84,15.71,15.81,0.05,0.32,195518.0,3087366.1,231.0
4090,2021-01-27,15.73,15.76,15.71,15.76,0.05,0.32,44203.0,695181.9,115.0
4090,2021-01-26,15.78,15.78,15.71,15.71,-0.05,-0.32,74468.0,1172051.35,98.0
4090,2021-01-25,15.76,15.78,15.71,15.76,0.03,0.19,72103.0,1135862.7,112.0
4090,2021-01-24,15.71,15.76,15.68,15.73,0.0,0.0,137661.0,2161917.65,140.0
4090,2021-01-21,15.73,15.76,15.68,15.73,0.02,0.13,123772.0,1946361.45,158.0
4090,2021-01-20,15.71,15.73,15.63,15.71,0.0,0.0,449374.0,7045899.5,389.0
4090,2021-01-19,15.68,15.81,15.68,15.71,-0.02,-0.13,312179.0,4905118.1,316.0
4090,2021-01-18,15.76,15.91,15.73,15.73,-0.03,-0.19,391871.0,6195134.55,358.0
4090,2021-01-17,15.76,15.78,15.73,15.76,0.0,0.0,84132.0,1325957.15,136.0
4090,2021-01-14,15.84,15.84,15.73,15.76,-0.08,-0.51,125131.0,1972694.0,246.0
4090,2021-01-13,15.78,15.84,15.76,15.84,0.06,0.38,139813.0,2209322.2,163.0
4090,2021-01-12,15.89,15.89,15.73,15.78,-0.03,-0.19,190371.0,3011499.0,195.0
4090,2021-01-11,15.84,15.89,15.78,15.81,-0.05,-0.32,103294.0,1635868.25,172.0
4090,2021-01-10,15.78,15.89,15.78,15.86,0.08,0.51,266410.0,4225235.4,280.0
4090,2021-01-07,15.76,15.78,15.68,15.78,0.05,0.32,73526.0,1157445.55,129.0
4090,2021-01-06,15.68,15.78,15.68,15.73,-0.05,-0.32,48008.0,755575.55,109.0
4090,2021-01-05,15.71,15.78,15.65,15.78,0.05,0.32,154915.0,2433817.15,235.0
4090,2021-01-04,15.71,15.78,15.71,15.73,0.05,0.32,82923.0,1307210.5,154.0
4090,2021-01-03,15.71,15.71,15.65,15.68,-0.05,-0.32,195785.0,3069555.6,252.0
4090,2020-12-31,15.71,15.76,15.68,15.73,-0.05,-0.32,133073.0,2091687.5,232.0
4090,2020-12-30,15.78,15.94,15.71,15.78,0.02,0.13,758618.0,11982064.55,480.0
4090,2020-12-29,15.73,15.78,15.73,15.76,0.03,0.19,40096.0,631292.8,142.0
4090,2020-12-28,15.71,15.76,15.71,15.73,-0.03,-0.19,99392.0,1564100.55,161.0
4090,2020-12-27,15.71,15.76,15.71,15.76,0.08,0.51,147382.0,2320389.8,214.0
4090,2020-12-24,15.73,15.78,15.68,15.68,-0.03,-0.19,167187.0,2629645.65,195.0
4090,2020-12-23,15.63,15.78,15.63,15.71,0.03,0.19,129562.0,2035905.05,260.0
4090,2020-12-22,15.71,15.73,15.6,15.68,0.16,1.03,432250.0,6771238.7,417.0
4090,2020-12-21,15.76,15.78,15.45,15.52,-0.32,-2.02,922926.0,14432439.2,882.0
4090,2020-12-20,15.94,15.94,15.84,15.84,-0.05,-0.31,312494.0,4959722.65,301.0
4090,2020-12-17,15.91,16.02,15.84,15.89,0.13,0.82,608529.0,9690238.05,695.0
4090,2020-12-16,15.84,15.84,15.76,15.76,-0.02,-0.13,260382.0,4110235.55,225.0
4090,2020-12-15,15.81,15.86,15.78,15.78,-0.03,-0.19,169318.0,2677290.65,145.0
4090,2020-12-14,15.84,15.86,15.78,15.81,0.0,0.0,134645.0,2130114.15,151.0
4090,2020-12-13,15.89,15.89,15.81,15.81,-0.03,-0.19,293541.0,4656095.25,179.0
4090,2020-12-10,15.84,15.89,15.78,15.84,0.0,0.0,171207.0,2711495.05,139.0
4090,2020-12-09,15.78,15.86,15.76,15.84,0.11,0.7,121305.0,1918306.7,177.0
4090,2020-12-08,15.81,15.84,15.73,15.73,-0.13,-0.82,291368.0,4595966.95,266.0
4090,2020-12-07,15.81,15.86,15.78,15.86,0.02,0.13,137258.0,2169454.1,202.0
4090,2020-12-06,15.91,15.94,15.84,15.84,-0.07,-0.44,180595.0,2870271.85,239.0
4090,2020-12-03,15.91,15.91,15.86,15.91,0.05,0.32,104677.0,1662492.65,164.0
4090,2020-12-02,15.89,15.89,15.78,15.86,-0.03,-0.19,202166.0,3203987.1,224.0
4090,2020-12-01,15.86,15.94,15.86,15.89,0.05,0.32,266201.0,4232864.45,288.0
4090,2020-11-30,15.84,15.89,15.78,15.84,0.06,0.38,276629.0,4375767.05,232.0
4090,2020-11-29,15.81,15.97,15.78,15.78,-0.03,-0.19,569755.0,9026473.95,448.0
4090,2020-11-26,15.78,15.94,15.76,15.81,-0.08,-0.5,212383.0,3360858.9,387.0
4090,2020-11-25,15.94,15.97,15.84,15.89,-0.02,-0.13,200173.0,3182203.7,266.0
4090,2020-11-24,15.89,15.97,15.89,15.91,0.05,0.32,231864.0,3689246.7,247.0
4090,2020-11-23,15.94,15.99,15.81,15.86,-0.08,-0.5,220814.0,3503528.6,327.0
4090,2020-11-22,16.02,16.1,15.84,15.94,0.08,0.5,628252.0,10042863.4,627.0
4090,2020-11-19,15.94,16.02,15.84,15.86,-0.08,-0.5,212481.0,3380395.35,288.0
4090,2020-11-18,15.86,16.02,15.86,15.94,0.1,0.63,578298.0,9220752.2,658.0
4090,2020-11-17,15.76,15.84,15.65,15.84,0.13,0.83,414620.0,6535195.0,364.0
4090,2020-11-16,15.71,15.76,15.63,15.71,0.03,0.19,246330.0,3863951.65,295.0
4090,2020-11-15,15.68,15.68,15.6,15.68,0.0,0.0,237776.0,3719238.55,304.0
4090,2020-11-12,15.65,15.71,15.58,15.68,0.03,0.19,207747.0,3246083.5,334.0
4090,2020-11-11,15.71,15.73,15.55,15.65,-0.03,-0.19,481791.0,7542206.15,362.0
4090,2020-11-10,15.84,15.94,15.63,15.68,-0.03,-0.19,761615.0,12026981.3,654.0
4090,2020-11-09,15.73,15.84,15.6,15.71,0.03,0.19,583260.0,9144219.3,354.0
4090,2020-11-08,15.52,15.71,15.52,15.68,0.05,0.32,145793.0,2275137.15,292.0
4090,2020-11-05,15.5,15.89,15.31,15.63,0.08,0.51,262415.0,4085767.05,371.0
4090,2020-11-04,15.58,15.58,15.47,15.55,0.08,0.52,197572.0,3067694.1,230.0
4090,2020-11-03,15.52,15.6,15.31,15.47,-0.13,-0.83,114056.0,1761056.1,376.0
4090,2020-11-02,15.5,15.6,15.5,15.6,0.18,1.17,113198.0,1758781.55,271.0
4090,2020-11-01,15.63,15.63,15.24,15.42,0.18,1.18,89596.0,1382088.75,285.0
4090,2020-10-29,15.42,15.55,15.16,15.24,-0.44,-2.81,235559.0,3616932.4,494.0
4090,2020-10-28,15.63,15.78,15.63,15.68,-0.1,-0.63,143587.0,2251197.85,292.0
4090,2020-10-27,15.73,16.15,15.63,15.78,-0.16,-1.0,303368.0,4762831.0,432.0
4090,2020-10-26,15.63,16.43,15.63,15.94,-0.1,-0.62,361275.0,5731755.35,664.0
4090,2020-10-25,16.25,16.25,15.58,16.04,-0.21,-1.29,212976.0,3421656.05,474.0
4090,2020-10-22,16.23,16.33,16.2,16.25,-0.03,-0.18,613223.0,9966072.7,300.0
4090,2020-10-21,16.23,16.41,16.23,16.28,0.05,0.31,302495.0,4936881.65,326.0
4090,2020-10-20,16.25,16.25,16.12,16.23,-0.1,-0.61,465319.0,7534037.8,394.0
4090,2020-10-19,16.36,16.41,16.23,16.33,0.03,0.18,884628.0,14459153.9,406.0
4090,2020-10-18,16.25,16.38,16.23,16.3,0.0,0.0,393645.0,6428716.35,318.0
4090,2020-10-15,16.41,16.41,16.2,16.3,-0.11,-0.67,407073.0,6637534.7,434.0
4090,2020-10-14,16.46,16.51,16.41,16.41,-0.05,-0.3,376848.0,6198963.5,326.0
4090,2020-10-13,16.43,16.57,16.36,16.46,0.0,0.0,684960.0,11289804.3,387.0
4090,2020-10-12,16.46,16.46,16.3,16.46,0.0,0.0,386145.0,6322715.95,380.0
4090,2020-10-11,16.46,16.67,16.43,16.46,0.03,0.18,335433.0,5543867.9,393.0
4090,2020-10-08,16.41,16.83,16.41,16.43,0.07,0.43,1781582.0,29623367.1,860.0
4090,2020-10-07,16.15,16.43,16.12,16.36,0.21,1.3,1242582.0,20297110.05,665.0
4090,2020-10-06,16.12,16.23,16.1,16.15,0.0,0.0,283542.0,4577299.55,354.0
4090,2020-10-05,16.15,16.2,16.04,16.15,-0.02,-0.12,424184.0,6825987.4,445.0
4090,2020-10-04,16.38,16.43,16.15,16.17,0.0,0.0,662330.0,10818499.3,521.0
4090,2020-10-01,16.23,16.36,16.15,16.17,-0.03,-0.19,712555.0,11582888.35,524.0
4090,2020-09-30,16.23,16.25,16.15,16.2,-0.03,-0.18,388053.0,6280524.7,322.0
4090,2020-09-29,16.36,16.36,16.17,16.23,0.06,0.37,360642.0,5868241.8,366.0
4090,2020-09-28,16.25,16.36,16.17,16.17,0.02,0.12,776329.0,12649608.1,514.0
4090,2020-09-27,16.15,16.15,15.99,16.15,0.08,0.5,479482.0,7713458.1,503.0
4090,2020-09-24,16.38,16.38,16.07,16.07,-0.03,-0.19,469241.0,7576564.1,489.0
4090,2020-09-22,16.15,16.25,16.07,16.1,-0.13,-0.8,331035.0,5343606.55,421.0
4090,2020-09-21,16.33,16.36,16.2,16.23,-0.1,-0.61,749785.0,12222703.95,421.0
4090,2020-09-20,16.41,16.46,16.25,16.33,-0.05,-0.31,536760.0,8769502.75,468.0
4090,2020-09-17,16.25,16.38,16.23,16.38,0.08,0.49,538841.0,8787938.25,417.0
4090,2020-09-16,16.46,16.46,16.15,16.3,-0.11,-0.67,654229.0,10665906.85,635.0
4090,2020-09-15,16.54,16.57,16.36,16.41,-0.13,-0.79,845981.0,13890868.0,567.0
4090,2020-09-14,16.54,16.75,16.15,16.54,0.08,0.49,1543979.0,25430307.8,1152.0
4090,2020-09-13,16.17,16.64,16.15,16.46,0.31,1.92,1320858.0,21701002.0,939.0
4090,2020-09-10,16.12,16.33,16.1,16.15,0.03,0.19,956741.0,15491675.25,607.0
4090,2020-09-09,15.94,16.15,15.89,16.12,0.08,0.5,475639.0,7623505.35,453.0
4090,2020-09-08,16.07,16.41,15.91,16.04,0.02,0.12,1275588.0,20662635.15,1007.0
4090,2020-09-07,15.86,16.1,15.86,16.02,0.05,0.31,582084.0,9315139.1,452.0
4090,2020-09-06,15.94,16.15,15.68,15.97,0.0,0.0,501491.0,8003844.3,620.0
4090,2020-09-03,16.36,16.41,15.86,15.97,-0.28,-1.72,1325100.0,21275916.5,1097.0
4090,2020-09-02,15.6,16.41,15.55,16.25,0.65,4.17,3783775.0,60878483.6,1999.0
4090,2020-09-01,15.63,15.78,15.52,15.6,-0.05,-0.32,1322725.0,20726370.1,899.0
4090,2020-08-31,15.84,15.84,15.52,15.65,0.02,0.13,1045559.0,16368677.65,850.0
4090,2020-08-30,15.11,15.78,15.11,15.63,0.5,3.3,1628436.0,25210181.65,1310.0
4090,2020-08-27,15.13,15.16,15.11,15.13,0.02,0.13,263147.0,3981025.35,384.0
4090,2020-08-26,15.16,15.16,15.11,15.11,-0.05,-0.33,311306.0,4706664.7,398.0
4090,2020-08-25,15.21,15.24,15.13,15.16,-0.02,-0.13,253341.0,3845005.2,310.0
4090,2020-08-24,15.16,15.21,15.11,15.18,0.05,0.33,477215.0,7231158.4,395.0
4090,2020-08-23,15.16,15.18,15.11,15.13,0.0,0.0,415583.0,6294894.15,478.0
4090,2020-08-20,15.05,15.16,15.03,15.13,0.05,0.33,374189.0,5652108.25,546.0
4090,2020-08-19,15.08,15.11,15.03,15.08,0.05,0.33,744046.0,11208826.9,675.0
4090,2020-08-18,15.21,15.21,15.0,15.03,-0.15,-0.99,1860856.0,28007092.3,1307.0
4090,2020-08-17,15.34,15.39,15.16,15.18,-0.16,-1.04,956789.0,14595781.75,853.0
4090,2020-08-16,15.34,15.34,15.21,15.34,-0.05,-0.32,176615.0,2697183.1,342.0
4090,2020-08-13,15.37,15.39,15.31,15.39,-0.03,-0.19,250168.0,3838442.15,281.0
4090,2020-08-12,15.42,15.42,15.31,15.42,-0.03,-0.19,130477.0,2005241.5,225.0
4090,2020-08-11,15.31,15.47,15.26,15.45,0.11,0.72,219672.0,3377986.45,303.0
4090,2020-08-10,15.39,15.45,15.24,15.34,-0.05,-0.32,195134.0,2996217.55,413.0
4090,2020-08-09,15.45,15.45,15.37,15.39,-0.24,-1.54,379163.0,5843086.15,600.0
4090,2020-08-06,15.6,15.63,15.5,15.63,0.05,0.32,317286.0,4939607.65,445.0
4090,2020-08-05,15.5,15.6,15.5,15.58,0.16,1.04,348771.0,5428555.45,395.0
4090,2020-07-28,15.45,15.52,15.42,15.42,-0.1,-0.64,192164.0,2973331.25,300.0
4090,2020-07-27,15.42,15.52,15.37,15.52,0.15,0.98,147902.0,2286342.3,272.0
4090,2020-07-26,15.58,15.58,15.37,15.37,-0.21,-1.35,377021.0,5820078.7,489.0
4090,2020-07-23,15.42,15.63,15.39,15.58,0.16,1.04,634134.0,9864962.45,569.0
4090,2020-07-22,15.42,15.42,15.31,15.42,0.0,0.0,148229.0,2282111.55,187.0
4090,2020-07-21,15.42,15.42,15.39,15.42,0.05,0.33,121645.0,1874406.5,169.0
4090,2020-07-20,15.42,15.47,15.24,15.37,-0.08,-0.52,288773.0,4443102.9,363.0
4090,2020-07-19,15.39,15.52,15.39,15.45,-0.07,-0.45,145132.0,2245710.2,293.0
4090,2020-07-16,15.34,15.63,15.34,15.52,0.28,1.84,527300.0,8178483.4,655.0
4090,2020-07-15,15.31,15.34,15.21,15.24,-0.05,-0.33,134868.0,2059355.5,231.0
4090,2020-07-14,15.16,15.29,15.03,15.29,0.08,0.53,215253.0,3260821.6,431.0
4090,2020-07-13,15.31,15.42,15.21,15.21,-0.1,-0.65,309471.0,4735110.2,352.0
4090,2020-07-12,15.37,15.47,15.24,15.31,0.15,0.99,252775.0,3869681.05,318.0
4090,2020-07-09,15.13,15.58,15.13,15.16,0.05,0.33,643320.0,9896435.5,822.0
4090,2020-07-08,15.18,15.18,15.11,15.11,-0.05,-0.33,46946.0,710730.05,108.0
4090,2020-07-07,15.16,15.18,15.11,15.16,0.0,0.0,78851.0,1193350.0,147.0
4090,2020-07-06,15.24,15.34,15.16,15.16,-0.05,-0.33,154126.0,2348820.0,202.0
4090,2020-07-05,15.26,15.26,15.18,15.21,0.05,0.33,139429.0,2122780.6,206.0
4090,2020-07-02,15.0,15.16,15.0,15.16,0.18,1.2,184610.0,2790012.2,272.0
4090,2020-07-01,15.0,15.0,14.85,14.98,-0.07,-0.47,120192.0,1793365.05,266.0
4090,2020-06-30,15.08,15.37,14.98,15.05,0.13,0.87,440833.0,6690292.05,664.0
4090,2020-06-29,15.03,15.08,14.9,14.92,0.02,0.13,92805.0,1391444.0,239.0
4090,2020-06-28,15.05,15.08,14.87,14.9,-0.08,-0.53,74760.0,1117867.6,210.0
4090,2020-06-25,14.9,15.03,14.9,14.98,0.11,0.74,72290.0,1081268.1,117.0
4090,2020-06-24,14.85,15.24,14.85,14.87,0.02,0.13,165195.0,2486653.15,366.0
4090,2020-06-23,14.95,14.98,14.79,14.85,0.16,1.09,103596.0,1543654.3,249.0
4090,2020-06-22,14.9,15.42,14.69,14.69,-0.26,-1.74,462842.0,6985554.9,696.0
4090,2020-06-21,15.24,15.24,14.9,14.95,-0.23,-1.52,173505.0,2610990.35,419.0
4090,2020-06-18,15.34,15.37,15.13,15.18,-0.11,-0.72,61518.0,939945.85,152.0
4090,2020-06-17,15.34,15.39,15.26,15.29,-0.1,-0.65,102179.0,1565916.6,155.0
4090,2020-06-16,15.42,15.42,15.37,15.39,0.05,0.33,93036.0,1432044.9,130.0
4090,2020-06-15,15.42,15.42,15.34,15.34,-0.03,-0.2,40350.0,620458.45,91.0
4090,2020-06-14,15.55,15.55,15.31,15.37,-0.1,-0.65,73023.0,1125067.1,159.0
4090,2020-06-11,15.55,15.63,15.45,15.47,0.05,0.32,216756.0,3376300.8,288.0
4090,2020-06-10,15.58,15.58,15.42,15.42,-0.08,-0.52,80763.0,1250191.55,132.0
4090,2020-06-09,15.52,15.58,15.42,15.5,-0.05,-0.32,162421.0,2514561.75,130.0
4090,2020-06-08,15.6,15.6,15.45,15.55,0.03,0.19,284647.0,4404485.1,164.0
4090,2020-06-07,15.31,15.58,15.31,15.52,0.07,0.45,89043.0,1375718.55,156.0
4090,2020-06-04,15.73,15.73,15.45,15.45,-0.33,-2.09,181831.0,2826261.75,197.0
4090,2020-06-03,15.63,15.78,15.55,15.78,0.05,0.32,386529.0,6066078.2,241.0
4090,2020-06-02,15.65,15.84,15.58,15.73,0.1,0.64,531550.0,8367937.15,321.0
4090,2020-06-01,15.13,15.73,15.13,15.63,0.5,3.3,652123.0,10170831.45,520.0
4090,2020-05-31,14.74,15.13,14.74,15.13,0.54,3.7,645679.0,9669812.2,476.0
4090,2020-05-21,14.38,14.59,14.38,14.59,0.26,1.81,191114.0,2770005.7,192.0
4090,2020-05-20,13.91,14.51,13.91,14.33,0.42,3.02,377076.0,5381573.45,434.0
4090,2020-05-19,13.65,13.91,13.65,13.91,0.37,2.73,98426.0,1350294.25,153.0
4090,2020-05-18,13.54,13.54,13.49,13.54,0.05,0.37,129164.0,1747475.8,150.0
4090,2020-05-17,13.54,13.6,13.49,13.49,0.05,0.37,126588.0,1713988.35,137.0
4090,2020-05-14,13.49,13.6,13.39,13.44,-0.05,-0.37,69527.0,938232.5,155.0
4090,2020-05-13,13.54,13.54,13.49,13.49,-0.05,-0.37,27645.0,374482.1,105.0
4090,2020-05-12,13.54,13.65,13.54,13.54,0.13,0.97,45761.0,621683.4,101.0
4090,2020-05-11,13.49,13.54,13.23,13.41,-0.32,-2.33,102920.0,1381655.35,244.0
4090,2020-05-10,13.91,13.91,13.7,13.73,-0.13,-0.94,53375.0,735036.0,150.0
4090,2020-05-07,13.73,14.06,13.73,13.86,0.03,0.22,52396.0,727828.55,152.0
4090,2020-05-06,14.14,14.14,13.83,13.83,-0.26,-1.85,145935.0,2034089.7,185.0
4090,2020-05-05,14.27,14.27,14.06,14.09,0.08,0.57,92477.0,1305615.6,176.0
4090,2020-05-04,13.78,14.06,13.67,14.01,0.23,1.67,100574.0,1395825.5,203.0
4090,2020-05-03,13.88,13.96,13.7,13.78,-1.27,-8.44,360580.0,4979260.6,410.0
4090,2020-04-30,14.85,15.05,14.79,15.05,0.39,2.66,451339.0,6725052.65,359.0
4090,2020-04-29,14.06,14.82,14.06,14.66,0.83,6.0,693623.0,10058965.25,590.0
4090,2020-04-28,13.52,14.01,13.47,13.83,0.23,1.69,265806.0,3635757.75,278.0
4090,2020-04-27,13.47,13.67,13.47,13.6,0.16,1.19,309415.0,4205447.45,368.0
4090,2020-04-26,13.08,13.44,13.08,13.44,0.46,3.54,406636.0,5388866.2,427.0
4090,2020-04-23,12.91,13.0,12.91,12.98,0.06,0.46,105955.0,1373686.54,170.0
4090,2020-04-22,13.01,13.01,12.87,12.92,-0.08,-0.62,220555.0,2853161.0,304.0
4090,2020-04-21,13.02,13.02,12.98,13.0,-0.08,-0.61,95564.0,1243842.01,169.0
4090,2020-04-20,13.15,13.15,13.02,13.08,-0.07,-0.53,162490.0,2120318.7,181.0
4090,2020-04-19,13.02,13.15,13.02,13.15,0.13,1.0,99912.0,1309037.5,123.0
4090,2020-04-16,13.1,13.15,13.02,13.02,-0.13,-0.99,143410.0,1875528.55,182.0
4090,2020-04-15,13.13,13.26,13.13,13.15,0.0,0.0,99405.0,1309140.4,164.0
4090,2020-04-14,13.26,13.26,13.08,13.15,-0.13,-0.98,96334.0,1266279.55,205.0
4090,2020-04-13,13.1,13.8,13.08,13.28,0.15,1.14,517678.0,6905284.6,464.0
4090,2020-04-12,13.02,13.18,13.0,13.13,0.0,0.0,268207.0,3504110.93,331.0
4090,2020-04-09,13.1,13.23,13.08,13.13,0.08,0.61,285864.0,3768018.35,357.0
4090,2020-04-08,13.08,13.15,12.99,13.05,0.03,0.23,259434.0,3391390.07,278.0
4090,2020-04-07,13.15,13.39,13.02,13.02,-0.06,-0.46,435515.0,5733082.15,409.0
4090,2020-04-06,12.97,13.1,12.97,13.08,0.09,0.69,277631.0,3615882.01,249.0
4090,2020-04-05,13.23,13.23,12.97,12.99,-0.03,-0.23,302084.0,3940355.4,371.0
4090,2020-04-02,12.95,13.08,12.95,13.02,0.07,0.54,458369.0,5968984.78,399.0
4090,2020-04-01,12.92,12.95,12.9,12.95,0.03,0.23,174663.0,2256996.24,221.0
4090,2020-03-31,12.89,12.94,12.87,12.92,0.05,0.39,468876.0,6054313.68,394.0
4090,2020-03-30,13.01,13.01,12.87,12.87,-0.07,-0.54,393173.0,5075991.46,369.0
4090,2020-03-29,13.0,13.0,12.93,12.94,-0.02,-0.15,112818.0,1460972.4,227.0
4090,2020-03-26,12.97,13.02,12.92,12.96,-0.19,-1.44,165500.0,2147894.56,299.0
4090,2020-03-25,13.23,13.34,12.93,13.15,0.05,0.38,552493.0,7271483.68,505.0
4090,2020-03-24,13.02,13.15,13.02,13.1,0.08,0.61,269996.0,3530739.58,311.0
4090,2020-03-23,13.02,13.02,12.77,13.02,0.01,0.08,117429.0,1518689.26,228.0
4090,2020-03-22,13.21,13.21,12.91,13.01,-0.33,-2.47,171797.0,2228282.04,318.0
4090,2020-03-19,13.05,13.41,13.05,13.34,0.08,0.6,279142.0,3701195.45,278.0
4090,2020-03-18,12.92,13.26,12.9,13.26,0.32,2.47,205942.0,2676185.8,298.0
4090,2020-03-17,12.67,13.02,12.67,12.94,-0.03,-0.23,346628.0,4487912.9,433.0
4090,2020-03-16,12.75,13.02,12.5,12.97,0.06,0.46,527649.0,6801168.05,361.0
4090,2020-03-15,13.34,13.34,12.89,12.91,-0.3,-2.27,370651.0,4804923.8,489.0
4090,2020-03-12,13.8,13.8,12.97,13.21,-0.85,-6.05,2583741.0,34046304.53,1118.0
4090,2020-03-11,14.59,14.59,13.86,14.06,-0.5,-3.43,424512.0,6090145.0,375.0
4090,2020-03-10,14.33,14.59,13.78,14.56,0.81,5.89,572028.0,8091999.7,477.0
4090,2020-03-09,13.23,13.99,13.23,13.75,-0.94,-6.4,656554.0,8873498.35,468.0
4090,2020-03-08,14.85,14.85,14.12,14.69,-0.36,-2.39,409634.0,5952633.65,493.0
4090,2020-03-05,15.55,15.58,15.05,15.05,-0.47,-3.03,357110.0,5449540.0,531.0
4090,2020-03-04,15.52,15.63,15.5,15.52,-0.37,-2.33,330610.0,5136921.35,358.0
4090,2020-03-03,15.31,15.89,15.31,15.89,0.84,5.58,177667.0,2773574.7,226.0
4090,2020-03-02,14.95,15.31,14.95,15.05,0.31,2.1,196434.0,2976339.25,271.0
4090,2020-03-01,15.11,15.11,14.72,14.74,-0.89,-5.69,472176.0,7017639.5,599.0
4090,2020-02-27,15.97,15.99,15.52,15.63,-0.65,-3.99,705583.0,11060716.55,704.0
4090,2020-02-26,16.62,16.64,16.17,16.28,-0.39,-2.34,170499.0,2794309.25,245.0
4090,2020-02-25,16.67,16.67,16.64,16.67,0.03,0.18,42767.0,712379.75,89.0
4090,2020-02-24,17.09,17.09,16.64,16.64,-0.45,-2.63,141784.0,2406464.2,205.0
4090,2020-02-23,17.27,17.27,17.09,17.09,-0.05,-0.29,32951.0,565120.65,73.0
4090,2020-02-20,17.14,17.27,17.06,17.14,0.03,0.18,217767.0,3730914.7,152.0
4090,2020-02-19,17.16,17.22,17.06,17.11,-0.05,-0.29,124926.0,2144077.9,119.0
4090,2020-02-18,17.19,17.22,16.96,17.16,-0.03,-0.17,69520.0,1188662.85,121.0
4090,2020-02-17,16.98,17.19,16.93,17.19,0.21,1.24,111511.0,1908440.15,146.0
4090,2020-02-16,16.72,17.01,16.64,16.98,0.21,1.25,65680.0,1103986.75,139.0
4090,2020-02-13,16.85,16.85,16.49,16.77,-0.11,-0.65,175285.0,2926377.7,230.0
4090,2020-02-12,17.19,17.19,16.88,16.88,-0.21,-1.23,72727.0,1233790.9,150.0
4090,2020-02-11,17.35,17.35,17.09,17.09,-0.1,-0.58,84501.0,1450769.2,158.0
4090,2020-02-10,17.35,17.55,17.19,17.19,-0.21,-1.21,115346.0,2005485.05,138.0
4090,2020-02-09,17.71,17.79,17.19,17.4,-0.34,-1.92,261294.0,4581438.25,264.0
4090,2020-02-06,17.55,17.74,17.55,17.74,0.21,1.2,177968.0,3144930.0,255.0
4090,2020-02-05,17.42,17.55,17.19,17.53,0.11,0.63,102369.0,1787174.55,168.0
4090,2020-02-04,17.42,17.5,17.37,17.42,0.0,0.0,43423.0,756985.75,59.0
4090,2020-02-03,17.14,17.5,17.11,17.42,0.23,1.34,79083.0,1366954.6,139.0
4090,2020-02-02,17.24,17.29,17.09,17.19,-0.23,-1.32,124916.0,2148265.4,199.0
4090,2020-01-30,17.45,17.45,17.29,17.42,0.0,0.0,83090.0,1448277.8,96.0
4090,2020-01-29,17.27,17.45,17.27,17.42,0.0,0.0,172031.0,2999639.15,119.0
4090,2020-01-28,17.4,17.42,17.35,17.42,-0.03,-0.17,72491.0,1261143.85,138.0
4090,2020-01-27,17.42,17.71,17.42,17.45,-0.1,-0.57,181462.0,3197218.95,264.0
4090,2020-01-26,17.19,17.63,17.03,17.55,0.36,2.09,292004.0,5064778.05,423.0
4090,2020-01-23,17.06,17.19,16.96,17.19,0.13,0.76,229687.0,3934449.1,318.0
4090,2020-01-22,17.06,17.09,16.98,17.06,0.0,0.0,110253.0,1879252.25,102.0
4090,2020-01-21,16.93,17.09,16.88,17.06,0.13,0.77,89578.0,1519864.3,112.0
4090,2020-01-20,17.09,17.09,16.88,16.93,-0.08,-0.47,140185.0,2378824.25,134.0
4090,2020-01-19,16.93,17.03,16.83,17.01,0.08,0.47,214149.0,3622025.85,148.0
4090,2020-01-16,16.93,16.93,16.85,16.93,-0.03,-0.18,145351.0,2457128.8,141.0
4090,2020-01-15,17.03,17.09,16.93,16.96,-0.02,-0.12,99918.0,1697727.3,121.0
4090,2020-01-14,17.09,17.14,16.8,16.98,-0.05,-0.29,116444.0,1979228.55,162.0
4090,2020-01-13,16.64,17.11,16.64,17.03,0.39,2.34,399560.0,6728228.75,313.0
4090,2020-01-12,16.38,16.64,16.38,16.64,0.44,2.72,226035.0,3732801.0,281.0
4090,2020-01-09,16.28,16.3,16.17,16.2,0.29,1.82,161223.0,2617413.7,195.0
4090,2020-01-08,16.15,16.36,15.84,15.91,-0.52,-3.16,243923.0,3931966.7,286.0
4090,2020-01-07,16.23,16.43,16.23,16.43,0.2,1.23,220906.0,3616404.45,162.0
4090,2020-01-06,16.23,16.25,16.15,16.23,-0.18,-1.1,110465.0,1788360.9,154.0
4090,2020-01-05,16.36,16.46,16.23,16.41,-0.16,-0.97,274162.0,4481857.85,300.0
4090,2020-01-02,16.41,16.7,16.36,16.57,0.21,1.28,506884.0,8392670.85,368.0
4090,2020-01-01,16.07,16.51,16.07,16.36,0.13,0.8,384845.0,6291350.5,368.0
4090,2019-12-31,15.99,16.25,15.91,16.23,0.24,1.5,384371.0,6195837.15,252.0
4090,2019-12-30,16.1,16.23,15.99,15.99,-0.05,-0.31,326867.0,5273803.65,290.0
4090,2019-12-29,15.76,16.15,15.76,16.04,0.36,2.3,540146.0,8622781.8,461.0
4090,2019-12-26,15.6,15.71,15.58,15.68,0.0,0.0,180470.0,2819840.6,144.0
4090,2019-12-25,15.65,15.71,15.5,15.68,0.05,0.32,158451.0,2469995.9,169.0
4090,2019-12-24,15.58,15.68,15.58,15.63,0.03,0.19,236377.0,3695034.75,187.0
4090,2019-12-23,15.52,15.68,15.52,15.6,0.0,0.0,444962.0,6941803.1,221.0
4090,2019-12-22,15.21,15.6,15.11,15.6,0.39,2.56,453202.0,6939146.2,264.0
4090,2019-12-19,15.21,15.26,15.18,15.21,-0.08,-0.52,52882.0,804984.1,88.0
4090,2019-12-18,15.26,15.29,15.18,15.29,0.08,0.53,239226.0,3650800.1,135.0
4090,2019-12-17,15.13,15.21,15.11,15.21,0.03,0.2,141844.0,2152686.2,163.0
4090,2019-12-16,15.05,15.18,15.03,15.18,0.18,1.2,295100.0,4449497.65,144.0
4090,2019-12-15,15.18,15.18,15.0,15.0,-0.11,-0.73,109284.0,1642528.0,132.0
4090,2019-12-12,15.11,15.11,15.05,15.11,0.03,0.2,69466.0,1047519.85,77.0
4090,2019-12-11,15.03,15.08,15.03,15.08,0.08,0.53,59103.0,889215.25,79.0
4090,2019-12-10,15.08,15.18,15.0,15.0,-0.11,-0.73,177442.0,2669525.15,140.0
4090,2019-12-09,14.95,15.21,14.95,15.11,0.16,1.07,787181.0,11890545.15,295.0
4090,2019-12-08,14.85,14.98,14.85,14.95,0.08,0.54,194597.0,2909713.15,133.0
4090,2019-12-05,14.85,14.9,14.85,14.87,0.0,0.0,54379.0,809232.5,94.0
4090,2019-12-04,14.79,14.9,14.79,14.87,0.02,0.13,74432.0,1105332.95,72.0
4090,2019-12-03,14.77,14.85,14.74,14.85,0.0,0.0,229072.0,3389316.3,130.0
4090,2019-12-02,14.82,14.85,14.74,14.85,-0.02,-0.13,131149.0,1944085.1,96.0
4090,2019-12-01,14.79,15.0,14.79,14.87,0.13,0.88,618940.0,9213837.8,247.0
4090,2019-11-28,14.72,14.74,14.72,14.74,0.02,0.14,87993.0,1296872.0,111.0
4090,2019-11-27,14.69,14.77,14.69,14.72,0.03,0.2,54222.0,797786.7,72.0
4090,2019-11-26,14.72,14.77,14.66,14.69,0.03,0.2,249611.0,3674746.1,137.0
4090,2019-11-25,14.74,14.74,14.66,14.66,-0.08,-0.54,149643.0,2196134.85,137.0
4090,2019-11-24,14.74,14.74,14.66,14.74,0.08,0.55,97833.0,1439248.2,85.0
4090,2019-11-21,14.72,14.79,14.66,14.66,-0.06,-0.41,309705.0,4557526.25,137.0
4090,2019-11-20,14.72,14.77,14.72,14.72,0.0,0.0,96195.0,1419274.5,81.0
4090,2019-11-19,14.69,14.77,14.69,14.72,-0.07,-0.47,101415.0,1493651.2,114.0
4090,2019-11-18,14.72,14.79,14.69,14.79,0.1,0.68,248089.0,3657279.15,168.0
4090,2019-11-17,14.61,14.72,14.61,14.69,0.08,0.55,369455.0,5418305.5,158.0
4090,2019-11-14,14.77,14.77,14.59,14.61,-0.29,-1.95,800477.0,11741092.95,533.0
4090,2019-11-13,14.85,14.92,14.79,14.9,0.21,1.43,1017029.0,15119615.0,431.0
4090,2019-11-12,14.77,14.77,14.69,14.69,-0.08,-0.54,158825.0,2338240.25,155.0
4090,2019-11-11,14.79,14.82,14.66,14.77,-0.02,-0.14,481768.0,7100480.45,289.0
4090,2019-11-10,14.79,14.85,14.74,14.79,0.02,0.14,128508.0,1896746.05,144.0
4090,2019-11-07,14.74,14.87,14.72,14.77,0.0,0.0,178654.0,2640371.0,128.0
4090,2019-11-06,14.74,14.87,14.74,14.77,0.03,0.2,234691.0,3478406.55,149.0
4090,2019-11-05,14.72,14.77,14.69,14.74,0.02,0.14,176529.0,2598830.25,136.0
4090,2019-11-04,14.72,14.77,14.66,14.72,-0.07,-0.47,217954.0,3203693.1,208.0
4090,2019-11-03,14.74,14.79,14.69,14.79,0.0,0.0,181756.0,2683154.1,180.0
4090,2019-10-31,14.85,14.9,14.79,14.79,-0.06,-0.4,154237.0,2288508.95,123.0
4090,2019-10-30,14.79,14.85,14.77,14.85,0.03,0.2,112686.0,1668166.15,80.0
4090,2019-10-29,14.87,14.87,14.77,14.82,-0.13,-0.87,419505.0,6217377.95,223.0
4090,2019-10-28,14.9,14.98,14.85,14.95,0.0,0.0,300362.0,4480639.25,180.0
4090,2019-10-27,14.92,14.95,14.87,14.95,-0.03,-0.2,159415.0,2372774.5,116.0
4090,2019-10-24,14.85,14.98,14.85,14.98,0.03,0.2,284538.0,4234557.45,103.0
4090,2019-10-23,14.9,14.95,14.87,14.95,-0.03,-0.2,319384.0,4757833.0,139.0
4090,2019-10-22,14.9,14.98,14.87,14.98,0.0,0.0,240312.0,3585865.4,112.0
4090,2019-10-21,15.05,15.05,14.87,14.98,-0.02,-0.13,290070.0,4344551.95,193.0
4090,2019-10-20,14.79,15.13,14.79,15.0,0.13,0.87,1643281.0,24573433.4,378.0
4090,2019-10-17,14.82,14.87,14.79,14.87,0.02,0.13,196296.0,2911549.6,85.0
4090,2019-10-16,14.77,14.85,14.74,14.85,0.0,0.0,123083.0,1819448.65,110.0
4090,2019-10-15,14.79,14.85,14.79,14.85,-0.02,-0.13,51705.0,765262.65,52.0
4090,2019-10-14,14.82,14.87,14.77,14.87,0.0,0.0,127531.0,1888486.05,97.0
4090,2019-10-13,14.87,14.9,14.85,14.87,-0.03,-0.2,157407.0,2342167.9,76.0
4090,2019-10-10,14.9,14.92,14.87,14.9,-0.05,-0.33,135428.0,2016553.25,98.0
4090,2019-10-09,14.9,14.95,14.87,14.95,0.0,0.0,136100.0,2028081.75,72.0
4090,2019-10-08,14.92,14.95,14.85,14.95,0.03,0.2,147822.0,2200746.6,105.0
4090,2019-10-07,15.0,15.0,14.92,14.92,-0.08,-0.53,97391.0,1458289.8,63.0
4090,2019-10-06,14.92,15.0,14.92,15.0,0.02,0.13,189467.0,2835014.8,94.0
4090,2019-10-03,14.92,14.98,14.9,14.98,0.06,0.4,180894.0,2700214.35,118.0
4090,2019-10-02,14.98,14.98,14.92,14.92,-0.08,-0.53,94320.0,1410141.95,85.0
4090,2019-10-01,15.05,15.05,14.95,15.0,-0.03,-0.2,496734.0,7451662.45,180.0
4090,2019-09-30,14.9,15.05,14.9,15.03,0.05,0.33,1200175.0,18013188.55,156.0
4090,2019-09-29,14.95,14.98,14.95,14.98,0.03,0.2,179942.0,2692562.3,72.0
4090,2019-09-26,14.92,14.98,14.87,14.95,0.0,0.0,612969.0,9146178.45,102.0
4090,2019-09-25,14.92,14.98,14.87,14.95,-0.03,-0.2,149764.0,2237816.2,87.0
4090,2019-09-24,14.77,15.05,14.77,14.98,0.19,1.28,546155.0,8145954.5,201.0
4090,2019-09-22,14.74,14.9,14.74,14.79,-0.08,-0.54,206036.0,3064503.35,69.0
4090,2019-09-19,14.74,14.87,14.69,14.87,0.1,0.68,277788.0,4105702.1,123.0
4090,2019-09-18,14.77,14.79,14.77,14.77,0.03,0.2,93043.0,1374758.55,61.0
4090,2019-09-17,14.82,14.82,14.72,14.74,-0.08,-0.54,52290.0,771506.95,47.0
4090,2019-09-16,14.82,14.82,14.69,14.82,-0.05,-0.34,176147.0,2601071.65,122.0
4090,2019-09-15,14.66,14.9,14.61,14.87,0.1,0.68,797156.0,11808633.15,188.0
4090,2019-09-12,14.74,14.79,14.74,14.77,0.05,0.34,71286.0,1052561.35,68.0
4090,2019-09-11,14.85,14.9,14.72,14.72,-0.18,-1.21,259860.0,3840598.6,175.0
4090,2019-09-10,14.79,14.9,14.74,14.9,0.13,0.88,500752.0,7441976.25,124.0
4090,2019-09-09,14.77,14.77,14.72,14.77,-0.05,-0.34,113043.0,1667555.4,98.0
4090,2019-09-08,14.85,14.87,14.79,14.82,-0.03,-0.2,43279.0,641892.65,69.0
4090,2019-09-05,14.9,14.9,14.85,14.85,0.0,0.0,297548.0,4429506.85,65.0
4090,2019-09-04,14.79,14.9,14.74,14.85,0.06,0.41,538361.0,7994947.8,149.0
4090,2019-09-03,14.9,14.9,14.79,14.79,-0.11,-0.74,172768.0,2562311.25,61.0
4090,2019-09-02,14.85,14.9,14.77,14.9,0.0,0.0,524161.0,7772711.4,92.0
4090,2019-09-01,14.77,14.9,14.74,14.9,0.11,0.74,158416.0,2347053.85,114.0
4090,2019-08-29,14.79,14.85,14.79,14.79,-0.06,-0.4,37764.0,558949.6,81.0
4090,2019-08-28,14.85,14.85,14.79,14.85,0.06,0.41,20880.0,309868.55,57.0
4090,2019-08-27,14.85,14.98,14.79,14.79,0.0,0.0,690156.0,10258261.85,224.0
4090,2019-08-26,14.85,14.85,14.74,14.79,0.0,0.0,83353.0,1233056.7,99.0
4090,2019-08-25,14.77,14.79,14.74,14.79,-0.03,-0.2,97549.0,1440052.8,104.0
4090,2019-08-22,14.77,14.82,14.77,14.82,0.05,0.34,76212.0,1127159.55,71.0
4090,2019-08-21,14.85,14.85,14.77,14.77,-0.02,-0.14,48549.0,717510.3,69.0
4090,2019-08-20,14.92,14.92,14.77,14.79,-0.11,-0.74,50672.0,750705.5,68.0
4090,2019-08-19,14.87,14.9,14.85,14.9,0.03,0.2,235833.0,3510142.25,82.0
4090,2019-08-18,14.79,14.87,14.77,14.87,-0.03,-0.2,47435.0,703958.9,72.0
4090,2019-08-08,14.82,14.9,14.82,14.9,0.08,0.54,228107.0,3385816.4,88.0
4090,2019-08-07,14.77,14.82,14.69,14.82,-0.03,-0.2,319804.0,4719801.4,172.0
4090,2019-08-06,14.95,14.95,14.82,14.85,-0.05,-0.34,408475.0,6062817.05,188.0
4090,2019-08-05,14.95,14.95,14.85,14.9,0.0,0.0,276949.0,4118363.3,141.0
4090,2019-08-04,14.98,15.03,14.85,14.9,0.03,0.2,424782.0,6333281.1,145.0
4090,2019-08-01,14.92,14.92,14.79,14.87,-0.11,-0.73,116531.0,1729462.0,95.0
4090,2019-07-31,14.95,15.0,14.79,14.98,0.06,0.4,143249.0,2137986.5,136.0
4090,2019-07-30,14.85,15.0,14.85,14.92,0.18,1.22,266539.0,3971448.05,182.0
4090,2019-07-29,14.79,14.82,14.74,14.74,-0.11,-0.74,77559.0,1146152.95,109.0
4090,2019-07-28,14.79,14.85,14.79,14.85,0.06,0.41,66227.0,981672.0,76.0
4090,2019-07-25,14.79,14.82,14.79,14.79,0.0,0.0,25111.0,371571.1,69.0
4090,2019-07-24,14.82,14.85,14.79,14.79,-0.03,-0.2,235962.0,3494865.5,67.0
4090,2019-07-23,14.82,14.82,14.74,14.82,0.03,0.2,322277.0,4767808.75,71.0
4090,2019-07-22,14.79,14.82,14.72,14.79,0.05,0.34,991533.0,14622863.35,57.0
4090,2019-07-21,14.79,14.79,14.72,14.74,-0.05,-0.34,1593948.0,23515021.9,129.0
4090,2019-07-18,14.82,14.85,14.79,14.79,-0.06,-0.4,196825.0,2916106.3,112.0
4090,2019-07-17,14.79,14.85,14.77,14.85,0.06,0.41,161121.0,2385443.75,93.0
4090,2019-07-16,14.79,14.82,14.72,14.79,0.0,0.0,369893.0,5468042.2,87.0
4090,2019-07-15,14.77,14.79,14.77,14.79,0.02,0.14,145382.0,2148111.85,55.0
4090,2019-07-14,14.77,14.79,14.74,14.77,0.0,0.0,805907.0,11918696.4,121.0
4090,2019-07-11,14.74,14.77,14.74,14.77,-0.02,-0.14,74822.0,1103580.4,65.0
4090,2019-07-10,14.79,14.82,14.74,14.79,0.02,0.14,189947.0,2805847.7,85.0
4090,2019-07-09,14.79,14.79,14.74,14.77,0.03,0.2,187281.0,2769035.15,71.0
4090,2019-07-08,14.77,14.79,14.74,14.74,0.02,0.14,113231.0,1670524.8,81.0
4090,2019-07-07,14.77,14.79,14.69,14.72,-0.07,-0.47,264034.0,3884560.85,108.0
4090,2019-07-04,14.77,14.79,14.77,14.79,0.02,0.14,86804.0,1282594.2,69.0
4090,2019-07-03,14.69,14.79,14.66,14.77,0.05,0.34,112918.0,1667164.4,56.0
4090,2019-07-02,14.74,14.79,14.69,14.72,-0.02,-0.14,160244.0,2360005.1,79.0
4090,2019-07-01,14.77,14.79,14.72,14.74,0.0,0.0,98426.0,1451236.95,94.0
4090,2019-06-30,14.77,14.79,14.72,14.74,0.0,0.0,80189.0,1183862.35,118.0
4090,2019-06-27,14.69,14.77,14.69,14.74,0.02,0.14,41538.0,611977.55,63.0
4090,2019-06-26,14.69,14.77,14.66,14.72,0.06,0.41,100766.0,1482768.8,69.0
4090,2019-06-25,14.61,14.69,14.61,14.66,0.05,0.34,38511.0,563617.9,48.0
4090,2019-06-24,14.66,14.69,14.56,14.61,-0.08,-0.54,92750.0,1355672.35,125.0
4090,2019-06-23,14.79,14.79,14.69,14.69,-0.1,-0.68,66805.0,984262.0,70.0
4090,2019-06-20,14.82,14.85,14.74,14.79,-0.16,-1.07,104932.0,1552280.25,76.0
4090,2019-06-19,14.82,14.95,14.74,14.95,0.13,0.88,349773.0,5191136.1,143.0
4090,2019-06-18,14.85,14.85,14.74,14.82,0.03,0.2,158370.0,2341211.45,125.0
4090,2019-06-17,14.85,14.85,14.74,14.79,-0.13,-0.87,514898.0,7614705.15,236.0
4090,2019-06-16,14.79,14.98,14.79,14.92,0.07,0.47,399928.0,5962233.1,172.0
4090,2019-06-13,15.08,15.08,14.85,14.85,-0.07,-0.47,516693.0,7720679.9,235.0
4090,2019-06-12,14.92,15.26,14.9,14.92,0.02,0.13,1217377.0,18245806.2,519.0
4090,2019-06-11,14.9,14.92,14.85,14.9,0.03,0.2,110407.0,1644681.4,108.0
4090,2019-06-10,14.79,15.0,14.79,14.87,0.23,1.57,243869.0,3635025.0,281.0
4090,2019-06-09,14.59,14.64,14.59,14.64,0.08,0.55,39597.0,578984.95,53.0
4090,2019-05-30,14.72,14.85,14.56,14.56,-0.03,-0.21,105356.0,1546167.7,134.0
4090,2019-05-29,14.59,14.59,14.59,14.59,0.0,0.0,16465.0,240144.1,32.0
4090,2019-05-28,14.53,14.59,14.53,14.59,0.16,1.11,44389.0,646086.05,48.0
4090,2019-05-27,14.38,14.43,14.33,14.43,0.08,0.56,83652.0,1199760.4,73.0
4090,2019-05-26,14.53,14.59,14.35,14.35,-0.16,-1.1,120610.0,1749481.95,100.0
4090,2019-05-23,14.56,14.64,14.51,14.51,0.0,0.0,76089.0,1110080.3,70.0
4090,2019-05-22,14.4,14.64,14.4,14.51,-0.05,-0.34,136042.0,1982355.5,96.0
4090,2019-05-21,14.43,14.59,14.4,14.56,0.16,1.11,34142.0,495456.15,55.0
4090,2019-05-20,14.43,14.43,14.33,14.4,-0.16,-1.1,151302.0,2175613.25,108.0
4090,2019-05-19,14.61,14.61,14.46,14.56,-0.23,-1.56,60530.0,879091.9,104.0
4090,2019-05-16,14.64,14.79,14.56,14.79,0.23,1.58,147038.0,2157207.7,86.0
4090,2019-05-15,14.38,14.64,14.38,14.56,-0.03,-0.21,82502.0,1201278.3,113.0
4090,2019-05-14,14.59,14.79,14.38,14.59,-0.02,-0.14,164473.0,2393772.15,149.0
4090,2019-05-13,14.79,14.79,14.59,14.61,-0.21,-1.42,137578.0,2016296.45,163.0
4090,2019-05-12,15.0,15.03,14.79,14.82,-0.23,-1.53,76002.0,1133920.45,71.0
4090,2019-05-09,14.79,15.05,14.79,15.05,-0.06,-0.4,140928.0,2104574.3,75.0
4090,2019-05-08,14.69,15.11,14.69,15.11,0.32,2.16,92713.0,1371779.75,109.0
4090,2019-05-07,14.79,14.82,14.79,14.79,0.0,0.0,35330.0,522786.45,47.0
4090,2019-05-06,14.66,14.79,14.66,14.79,-0.06,-0.4,74929.0,1103487.95,123.0
4090,2019-05-05,15.05,15.05,14.85,14.85,-0.2,-1.33,184797.0,2751495.95,154.0
4090,2019-05-02,15.08,15.11,15.05,15.05,-0.03,-0.2,68397.0,1031275.35,63.0
4090,2019-05-01,15.11,15.13,15.05,15.08,-0.03,-0.2,277470.0,4191408.4,140.0
4090,2019-04-30,15.08,15.16,15.08,15.11,0.0,0.0,310525.0,4692553.05,149.0
4090,2019-04-29,14.98,15.16,14.98,15.11,0.19,1.27,343067.0,5176072.05,214.0
4090,2019-04-28,14.87,14.95,14.87,14.92,0.0,0.0,56197.0,838624.9,81.0
4090,2019-04-25,14.98,15.08,14.92,14.92,0.0,0.0,265667.0,3984119.6,123.0
4090,2019-04-24,14.95,15.03,14.92,14.92,0.0,0.0,90609.0,1355893.4,109.0
4090,2019-04-23,14.92,15.0,14.92,14.92,-0.03,-0.2,188865.0,2824370.0,95.0
4090,2019-04-22,14.95,14.95,14.9,14.95,0.05,0.34,106988.0,1597254.8,103.0
4090,2019-04-21,14.98,14.98,14.85,14.9,0.0,0.0,136755.0,2036684.3,115.0
4090,2019-04-18,14.82,14.9,14.82,14.9,0.0,0.0,171424.0,2547919.55,148.0
4090,2019-04-17,14.95,14.95,14.85,14.9,0.05,0.34,71552.0,1065537.7,67.0
4090,2019-04-16,14.85,14.9,14.79,14.85,-0.02,-0.13,135282.0,2008471.0,144.0
4090,2019-04-15,14.95,14.95,14.85,14.87,0.02,0.13,106904.0,1591165.55,95.0
4090,2019-04-14,15.0,15.0,14.85,14.85,-0.15,-1.0,116940.0,1741444.35,130.0
4090,2019-04-11,15.0,15.08,14.98,15.0,0.02,0.13,142604.0,2143353.65,135.0
4090,2019-04-10,15.16,15.24,14.98,14.98,-0.36,-2.35,256597.0,3872070.55,272.0
4090,2019-04-09,15.47,15.47,15.24,15.34,-0.11,-0.71,210995.0,3232070.6,212.0
4090,2019-04-08,15.58,15.58,15.42,15.45,0.03,0.19,283403.0,4384624.35,175.0
4090,2019-04-07,15.37,15.5,15.31,15.42,0.11,0.72,339737.0,5232009.6,213.0
4090,2019-04-04,15.18,15.31,15.16,15.31,0.13,0.86,176932.0,2694809.55,142.0
4090,2019-04-03,15.21,15.26,15.16,15.18,0.02,0.13,278635.0,4237429.45,155.0
4090,2019-04-02,15.08,15.18,15.08,15.16,0.05,0.33,346463.0,5234692.5,184.0
4090,2019-04-01,14.92,15.11,14.92,15.11,0.16,1.07,533275.0,8027271.75,324.0
4090,2019-03-31,14.95,14.95,14.9,14.95,0.05,0.34,247954.0,3701381.7,106.0
4090,2019-03-28,14.85,14.95,14.85,14.9,0.05,0.34,351278.0,5241368.9,178.0
4090,2019-03-27,14.69,14.9,14.69,14.85,0.11,0.75,404868.0,5999370.55,258.0
4090,2019-03-26,14.64,14.77,14.64,14.74,0.1,0.68,139774.0,2055711.7,121.0
4090,2019-03-25,14.64,14.77,14.61,14.64,0.05,0.34,132810.0,1945262.45,123.0
4090,2019-03-24,14.61,14.61,14.56,14.59,-0.02,-0.14,1423517.0,20764182.4,150.0
4090,2019-03-21,14.66,14.66,14.56,14.61,0.02,0.14,1281558.0,18703041.4,207.0
4090,2019-03-20,14.77,14.79,14.59,14.59,-0.2,-1.35,377775.0,5528858.05,217.0
4090,2019-03-19,14.72,14.79,14.72,14.79,0.02,0.14,119128.0,1759850.6,104.0
4090,2019-03-18,14.74,14.77,14.69,14.77,0.03,0.2,79966.0,1177810.2,87.0
4090,2019-03-17,14.64,14.74,14.64,14.74,0.13,0.89,162626.0,2387134.95,144.0
4090,2019-03-14,14.66,14.69,14.56,14.61,-0.05,-0.34,145862.0,2131894.95,166.0
4090,2019-03-13,14.66,14.66,14.53,14.66,0.05,0.34,186615.0,2723222.75,181.0
4090,2019-03-12,14.43,14.64,14.43,14.61,-0.03,-0.2,143364.0,2085526.5,115.0
4090,2019-03-11,14.69,14.69,14.43,14.64,-0.05,-0.34,268174.0,3919734.35,182.0
4090,2019-03-10,14.85,14.92,14.69,14.69,-0.13,-0.88,316044.0,4689681.1,159.0
4090,2019-03-07,14.82,14.85,14.74,14.82,-0.08,-0.54,112582.0,1664562.5,112.0
4090,2019-03-06,14.85,14.9,14.79,14.9,0.0,0.0,137444.0,2035706.25,80.0
4090,2019-03-05,14.85,14.92,14.82,14.9,0.11,0.74,235686.0,3504664.9,142.0
4090,2019-03-04,14.74,14.82,14.74,14.79,0.05,0.34,98497.0,1455172.25,79.0
4090,2019-03-03,14.72,14.74,14.72,14.74,0.05,0.34,69754.0,1027768.95,71.0
4090,2019-02-28,14.72,14.74,14.69,14.69,-0.08,-0.54,30371.0,447115.0,61.0
4090,2019-02-27,14.72,14.79,14.69,14.77,0.08,0.54,31220.0,460125.35,74.0
4090,2019-02-26,14.53,14.72,14.53,14.69,0.05,0.34,109459.0,1601681.75,91.0
4090,2019-02-25,14.72,14.72,14.59,14.64,-0.05,-0.34,119554.0,1746881.15,149.0
4090,2019-02-24,14.69,14.79,14.66,14.69,0.0,0.0,192790.0,2833817.1,178.0
4090,2019-02-21,14.79,14.9,14.66,14.69,-0.16,-1.08,189122.0,2784797.95,170.0
4090,2019-02-20,14.79,14.85,14.79,14.85,0.0,0.0,57130.0,845844.0,46.0
4090,2019-02-19,14.82,14.87,14.77,14.85,0.06,0.41,71958.0,1066446.0,83.0
4090,2019-02-18,14.85,14.9,14.79,14.79,-0.11,-0.74,136407.0,2022208.3,128.0
4090,2019-02-17,14.85,14.92,14.85,14.9,0.03,0.2,95595.0,1421824.4,106.0
4090,2019-02-14,14.9,14.92,14.85,14.87,-0.03,-0.2,120362.0,1790710.6,112.0
4090,2019-02-13,14.9,14.95,14.85,14.9,0.05,0.34,501860.0,7456929.15,177.0
4090,2019-02-12,14.82,14.9,14.82,14.85,0.03,0.2,67214.0,998002.25,115.0
4090,2019-02-11,14.9,14.9,14.82,14.82,-0.03,-0.2,141003.0,2093070.1,151.0
4090,2019-02-10,14.87,14.9,14.85,14.85,-0.02,-0.13,234542.0,3487217.15,158.0
4090,2019-02-07,14.92,14.98,14.87,14.87,-0.03,-0.2,221875.0,3302686.4,119.0
4090,2019-02-06,15.03,15.03,14.9,14.9,-0.18,-1.19,734242.0,10959716.15,444.0
4090,2019-02-05,15.0,15.08,14.92,15.08,0.08,0.53,246484.0,3695245.05,191.0
4090,2019-02-04,15.05,15.11,15.0,15.0,-0.05,-0.33,137941.0,2074478.4,95.0
4090,2019-02-03,15.11,15.11,15.05,15.05,0.0,0.0,82959.0,1250822.1,82.0
4090,2019-01-31,15.0,15.11,15.0,15.05,0.05,0.33,169076.0,2545517.35,153.0
4090,2019-01-30,15.0,15.08,14.95,15.0,0.0,0.0,195186.0,2927239.4,168.0
4090,2019-01-29,15.0,15.03,14.92,15.0,0.02,0.13,202291.0,3027448.55,256.0
4090,2019-01-28,15.0,15.21,14.95,14.98,-0.02,-0.13,355793.0,5355916.1,325.0
4090,2019-01-27,15.05,15.05,15.0,15.0,0.02,0.13,43619.0,655755.85,100.0
4090,2019-01-24,15.05,15.05,14.95,14.98,-0.07,-0.47,201283.0,3020299.0,409.0
4090,2019-01-23,15.08,15.11,15.03,15.05,0.0,0.0,67606.0,1018831.95,83.0
4090,2019-01-22,15.13,15.16,15.03,15.05,0.0,0.0,106951.0,1612588.4,91.0
4090,2019-01-21,15.11,15.11,15.05,15.05,-0.03,-0.2,135872.0,2047908.85,268.0
4090,2019-01-20,15.11,15.29,15.08,15.08,-0.03,-0.2,206629.0,3125810.3,290.0
4090,2019-01-17,15.05,15.13,15.05,15.11,0.03,0.2,113997.0,1721770.85,96.0
4090,2019-01-16,15.11,15.16,15.0,15.08,-0.05,-0.33,278815.0,4205711.6,161.0
4090,2019-01-15,15.03,15.13,15.03,15.13,0.1,0.67,109272.0,1648379.5,121.0
4090,2019-01-14,15.16,15.16,15.03,15.03,-0.08,-0.53,94364.0,1423484.15,191.0
4090,2019-01-13,15.11,15.13,15.03,15.11,0.0,0.0,229180.0,3461971.65,262.0
4090,2019-01-10,15.39,15.42,15.11,15.11,-0.28,-1.82,595717.0,9072450.9,416.0
4090,2019-01-09,15.52,15.52,15.34,15.39,-0.13,-0.84,226364.0,3490444.5,178.0
4090,2019-01-08,15.63,15.63,15.5,15.52,-0.06,-0.39,69042.0,1072366.85,145.0
4090,2019-01-07,15.55,15.63,15.42,15.58,0.0,0.0,220539.0,3424995.85,158.0
4090,2019-01-06,15.65,15.68,15.58,15.58,-0.07,-0.45,214131.0,3340103.5,126.0
4090,2019-01-03,15.65,15.76,15.63,15.65,0.0,0.0,161628.0,2529942.45,80.0
4090,2019-01-02,15.78,15.84,15.63,15.65,-0.13,-0.82,127300.0,1993528.95,65.0
4090,2019-01-01,15.78,15.78,15.63,15.78,-0.06,-0.38,124906.0,1955019.65,68.0
4090,2018-12-31,15.78,15.89,15.76,15.84,0.21,1.34,66087.0,1048268.0,47.0
4090,2018-12-30,15.73,15.86,15.63,15.63,0.0,0.0,95583.0,1498827.2,61.0
4090,2018-12-27,15.89,15.91,15.63,15.63,-0.13,-0.82,188538.0,2964471.35,69.0
4090,2018-12-26,15.76,15.76,15.76,15.76,-0.05,-0.32,15066.0,237413.85,13.0
4090,2018-12-25,15.86,15.86,15.68,15.81,-0.08,-0.5,162267.0,2553648.0,48.0
4090,2018-12-24,15.78,15.89,15.76,15.89,0.08,0.51,275947.0,4363217.65,47.0
4090,2018-12-23,15.89,15.89,15.78,15.81,-0.34,-2.11,2150437.0,34011607.65,149.0
4090,2018-12-20,16.36,16.41,16.15,16.15,-0.21,-1.28,263661.0,4283296.75,66.0
4090,2018-12-19,16.36,16.46,16.3,16.36,0.11,0.68,70762.0,1160667.8,66.0
4090,2018-12-18,16.28,16.28,16.2,16.25,0.0,0.0,41179.0,668244.65,38.0
4090,2018-12-17,16.2,16.36,16.2,16.25,0.0,0.0,51417.0,836112.8,44.0
4090,2018-12-16,16.3,16.3,16.25,16.25,-0.05,-0.31,29139.0,473999.15,50.0
4090,2018-12-13,16.25,16.3,16.25,16.3,0.05,0.31,20047.0,326286.0,40.0
4090,2018-12-12,16.38,16.51,16.25,16.25,-0.05,-0.31,136979.0,2249316.0,121.0
4090,2018-12-11,16.25,16.3,16.25,16.3,0.05,0.31,54776.0,892194.0,53.0
4090,2018-12-10,16.1,16.25,16.1,16.25,-0.05,-0.31,20658.0,334144.1,34.0
4090,2018-12-09,16.07,16.3,16.07,16.3,0.15,0.93,144846.0,2355544.95,93.0
4090,2018-12-06,16.15,16.2,16.04,16.15,0.0,0.0,154575.0,2493571.15,61.0
4090,2018-12-05,16.17,16.2,16.04,16.15,0.0,0.0,377403.0,6091863.55,90.0
4090,2018-12-04,16.07,16.17,16.07,16.15,0.0,0.0,126229.0,2038244.55,68.0
4090,2018-12-03,16.3,16.3,16.07,16.15,-0.15,-0.92,222018.0,3586480.0,157.0
4090,2018-12-02,15.99,16.46,15.99,16.3,0.31,1.94,754235.0,12214947.9,213.0
4090,2018-11-29,15.94,16.1,15.84,15.99,0.18,1.14,345770.0,5538661.9,120.0
4090,2018-11-28,15.76,15.94,15.68,15.81,0.1,0.64,114636.0,1819866.7,122.0
4090,2018-11-27,15.68,15.71,15.68,15.71,0.08,0.51,13837.0,217162.25,43.0
4090,2018-11-26,15.63,15.78,15.63,15.63,-0.1,-0.64,21790.0,340873.15,37.0
4090,2018-11-25,15.65,15.84,15.63,15.73,0.08,0.51,184228.0,2895432.2,108.0
4090,2018-11-22,15.58,15.65,15.58,15.65,0.1,0.64,600756.0,9387383.8,84.0
4090,2018-11-21,15.37,15.63,15.37,15.55,0.18,1.17,200496.0,3111141.8,144.0
4090,2018-11-20,15.26,15.47,15.26,15.37,0.19,1.25,64837.0,993588.2,52.0
4090,2018-11-19,15.31,15.31,15.18,15.18,0.05,0.33,20711.0,316235.2,44.0
4090,2018-11-18,15.45,15.6,15.11,15.13,-0.18,-1.18,71687.0,1100454.0,95.0
4090,2018-11-15,15.16,15.34,15.16,15.31,0.15,0.99,37338.0,569002.55,67.0
4090,2018-11-14,15.13,15.18,15.11,15.16,-0.02,-0.13,55798.0,844817.2,59.0
4090,2018-11-13,15.63,15.63,15.11,15.18,-0.45,-2.88,92266.0,1410046.05,129.0
4090,2018-11-12,15.78,15.78,15.63,15.63,-0.05,-0.32,70583.0,1104917.7,62.0
4090,2018-11-11,15.63,15.68,15.63,15.68,-0.03,-0.19,38958.0,609283.4,42.0
4090,2018-11-08,15.63,15.71,15.63,15.71,-0.23,-1.44,49259.0,772921.45,75.0
4090,2018-11-07,15.89,15.97,15.89,15.94,0.05,0.31,104322.0,1661095.4,123.0
4090,2018-11-06,15.97,15.99,15.86,15.89,0.03,0.19,76043.0,1213816.5,90.0
4090,2018-11-05,15.63,15.99,15.58,15.86,0.23,1.47,1224079.0,19536142.55,281.0
4090,2018-11-04,15.52,15.63,15.47,15.63,0.21,1.36,119197.0,1855969.8,98.0
4090,2018-11-01,15.5,15.52,15.39,15.42,0.0,0.0,55153.0,852254.5,63.0
4090,2018-10-31,15.26,15.42,15.24,15.42,0.24,1.58,151500.0,2325936.9,129.0
4090,2018-10-30,15.05,15.18,15.05,15.18,0.18,1.2,76154.0,1151149.85,83.0
4090,2018-10-29,14.87,15.05,14.85,15.0,0.05,0.33,70474.0,1056796.55,69.0
4090,2018-10-28,14.59,14.95,14.59,14.95,0.36,2.47,78041.0,1161081.8,96.0
4090,2018-10-25,14.59,14.64,14.35,14.59,0.13,0.9,88327.0,1288112.75,86.0
4090,2018-10-24,14.25,14.46,14.22,14.46,0.0,0.0,30385.0,436570.45,44.0
4090,2018-10-23,14.06,14.46,14.06,14.46,0.4,2.84,51181.0,728722.7,83.0
4090,2018-10-22,14.06,14.06,13.7,14.06,-0.16,-1.13,151264.0,2097692.9,155.0
4090,2018-10-21,14.33,14.53,14.06,14.22,-0.37,-2.54,94307.0,1338588.35,137.0
4090,2018-10-18,14.59,14.59,14.51,14.59,0.0,0.0,43759.0,637187.45,52.0
4090,2018-10-17,14.59,14.69,14.53,14.59,0.0,0.0,88258.0,1288113.9,76.0
4090,2018-10-16,14.82,14.82,14.33,14.59,-0.26,-1.75,140254.0,2033912.7,98.0
4090,2018-10-15,14.43,14.85,14.43,14.85,0.6,4.21,67131.0,982631.9,113.0
4090,2018-10-14,14.12,14.43,14.09,14.25,-0.6,-4.04,111712.0,1586531.6,181.0
4090,2018-10-11,15.05,15.05,14.66,14.85,-0.26,-1.72,94314.0,1400089.25,177.0
4090,2018-10-10,15.08,15.11,15.08,15.11,0.0,0.0,15310.0,231041.8,51.0
4090,2018-10-09,15.11,15.16,15.08,15.11,0.0,0.0,85317.0,1289939.8,74.0
4090,2018-10-08,15.11,15.11,15.11,15.11,0.06,0.4,30137.0,455355.3,36.0
4090,2018-10-07,15.21,15.21,15.05,15.05,-0.08,-0.53,171351.0,2588446.15,111.0
4090,2018-10-04,15.11,15.34,15.11,15.13,0.05,0.33,95055.0,1448960.05,153.0
4090,2018-10-03,15.11,15.11,15.08,15.08,0.03,0.2,11416.0,172364.25,33.0
4090,2018-10-02,15.05,15.16,15.03,15.05,0.0,0.0,72597.0,1094793.25,64.0
4090,2018-10-01,15.11,15.11,15.05,15.05,0.02,0.13,102064.0,1538241.1,70.0
4090,2018-09-30,15.16,15.16,15.03,15.03,-0.02,-0.13,332758.0,5023516.9,126.0
4090,2018-09-27,15.5,15.5,15.03,15.05,-0.45,-2.9,391710.0,5949203.25,271.0
4090,2018-09-26,15.42,15.52,15.42,15.5,-0.02,-0.13,39956.0,619614.95,44.0
4090,2018-09-25,15.52,15.58,15.52,15.52,0.21,1.37,62094.0,965223.05,56.0
4090,2018-09-20,15.52,15.58,15.26,15.31,-0.16,-1.03,103617.0,1598838.75,60.0
4090,2018-09-19,15.34,15.6,15.34,15.47,-0.13,-0.83,26649.0,412566.25,39.0
4090,2018-09-18,15.37,15.6,15.37,15.6,0.23,1.5,27860.0,432413.55,40.0
4090,2018-09-17,15.42,15.42,15.16,15.37,-0.1,-0.65,49242.0,753868.15,67.0
4090,2018-09-16,15.58,15.58,15.47,15.47,-0.13,-0.83,19757.0,307367.85,36.0
4090,2018-09-13,15.47,15.6,15.37,15.6,0.08,0.52,28657.0,443738.65,48.0
4090,2018-09-12,15.58,15.68,15.52,15.52,-0.06,-0.39,70829.0,1103883.1,63.0
4090,2018-09-11,15.63,15.63,15.58,15.58,0.0,0.0,35656.0,555753.5,44.0
4090,2018-09-10,15.68,15.73,15.58,15.58,-0.1,-0.64,27937.0,437409.75,45.0
4090,2018-09-09,15.6,15.68,15.6,15.68,0.08,0.51,15682.0,244915.65,42.0
4090,2018-09-06,15.6,15.63,15.58,15.6,-0.03,-0.19,53682.0,837233.4,95.0
4090,2018-09-05,15.78,15.81,15.52,15.63,-0.18,-1.14,178644.0,2793904.75,159.0
4090,2018-09-04,15.86,15.86,15.78,15.81,0.03,0.19,31606.0,500886.85,44.0
4090,2018-09-03,15.76,15.78,15.76,15.78,0.05,0.32,36645.0,577676.25,33.0
4090,2018-09-02,15.71,15.76,15.71,15.73,0.0,0.0,21623.0,339933.3,46.0
4090,2018-08-30,15.78,15.78,15.63,15.73,-0.16,-1.01,118381.0,1857603.45,109.0
4090,2018-08-29,15.84,15.99,15.84,15.89,0.05,0.32,60340.0,961272.45,84.0
4090,2018-08-28,15.89,15.89,15.78,15.84,-0.07,-0.44,84267.0,1333355.95,76.0
4090,2018-08-27,15.86,15.91,15.81,15.91,0.05,0.32,33103.0,525662.85,77.0
4090,2018-08-26,15.89,15.89,15.78,15.86,-0.11,-0.69,43809.0,694999.1,61.0
4090,2018-08-16,15.97,15.97,15.86,15.97,0.08,0.5,30517.0,485508.6,46.0
4090,2018-08-15,15.99,15.99,15.78,15.89,0.26,1.66,63334.0,1008438.95,68.0
4090,2018-08-14,15.89,15.94,15.63,15.63,-0.1,-0.64,130493.0,2058512.8,179.0
4090,2018-08-13,15.71,15.81,15.65,15.73,-0.03,-0.19,91819.0,1446294.0,146.0
4090,2018-08-12,15.84,16.02,15.76,15.76,-0.26,-1.62,107353.0,1702984.95,103.0
4090,2018-08-09,15.89,16.02,15.78,16.02,0.13,0.82,80873.0,1287010.25,120.0
4090,2018-08-08,15.84,16.04,15.84,15.89,-0.18,-1.12,73566.0,1176704.95,78.0
4090,2018-08-07,15.94,16.2,15.94,16.07,0.08,0.5,165872.0,2668601.2,173.0
4090,2018-08-06,16.07,16.07,15.99,15.99,-0.05,-0.31,68535.0,1097893.0,53.0
4090,2018-08-05,16.04,16.12,15.99,16.04,-0.06,-0.37,88732.0,1424793.0,80.0
4090,2018-08-02,15.78,16.12,15.78,16.1,0.37,2.35,146432.0,2345009.7,153.0
4090,2018-08-01,15.76,15.94,15.73,15.73,-0.08,-0.51,90818.0,1434259.95,102.0
4090,2018-07-31,15.91,15.91,15.78,15.81,-0.1,-0.63,58324.0,924691.2,81.0
4090,2018-07-30,15.91,15.99,15.89,15.91,-0.13,-0.81,63409.0,1008370.55,66.0
4090,2018-07-29,16.02,16.12,15.89,16.04,0.05,0.31,62528.0,1000618.45,66.0
4090,2018-07-26,16.04,16.04,15.91,15.99,-0.08,-0.5,21522.0,344543.65,47.0
4090,2018-07-25,16.12,16.12,15.89,16.07,0.05,0.31,61912.0,989562.4,54.0
4090,2018-07-24,16.07,16.1,15.99,16.02,-0.02,-0.12,51446.0,824712.05,60.0
4090,2018-07-23,16.07,16.12,16.04,16.04,0.0,0.0,37000.0,594589.4,43.0
4090,2018-07-22,16.04,16.15,16.04,16.04,0.0,0.0,44583.0,716293.85,42.0
4090,2018-07-19,16.12,16.17,16.02,16.04,-0.11,-0.68,79911.0,1285591.95,68.0
4090,2018-07-18,16.1,16.17,16.1,16.15,0.05,0.31,78258.0,1261195.3,39.0
4090,2018-07-17,16.12,16.12,16.1,16.1,0.0,0.0,21994.0,354622.5,48.0
4090,2018-07-16,16.07,16.2,16.07,16.1,0.0,0.0,51833.0,836983.35,62.0
4090,2018-07-15,16.1,16.15,16.07,16.1,0.06,0.37,57537.0,927166.6,69.0
4090,2018-07-12,16.04,16.15,16.02,16.04,-0.03,-0.19,37609.0,603630.0,53.0
4090,2018-07-11,16.2,16.2,16.07,16.07,-0.08,-0.5,42494.0,685408.3,49.0
4090,2018-07-10,16.15,16.2,16.04,16.15,0.0,0.0,116185.0,1875935.65,80.0
4090,2018-07-09,16.04,16.15,16.04,16.15,0.05,0.31,59328.0,955264.0,88.0
4090,2018-07-08,16.04,16.1,16.02,16.1,0.0,0.0,56420.0,905772.7,59.0
4090,2018-07-05,16.2,16.28,16.07,16.1,-0.1,-0.62,105254.0,1699757.15,58.0
4090,2018-07-04,16.04,16.2,15.99,16.2,0.05,0.31,120695.0,1933894.55,80.0
4090,2018-07-03,16.28,16.28,16.07,16.15,-0.15,-0.92,80020.0,1290831.55,77.0
4090,2018-07-02,16.38,16.43,16.28,16.3,-0.13,-0.79,128826.0,2106048.7,71.0
4090,2018-07-01,16.49,16.51,16.41,16.43,0.05,0.31,127807.0,2102282.6,113.0
4090,2018-06-28,16.2,16.51,16.2,16.38,0.21,1.3,113319.0,1849595.1,124.0
4090,2018-06-27,16.25,16.25,16.15,16.17,0.02,0.12,32237.0,521881.15,35.0
4090,2018-06-26,16.25,16.25,16.15,16.15,-0.1,-0.62,59203.0,960119.1,54.0
4090,2018-06-25,16.2,16.25,16.2,16.25,0.05,0.31,49998.0,812195.2,40.0
4090,2018-06-24,16.2,16.2,16.15,16.2,0.05,0.31,79333.0,1283378.4,64.0
4090,2018-06-21,16.04,16.15,16.04,16.15,0.08,0.5,26993.0,434214.7,30.0
4090,2018-06-20,15.71,16.15,15.71,16.07,-0.05,-0.31,85747.0,1360597.95,102.0
4090,2018-06-12,16.07,16.17,16.07,16.12,0.02,0.12,46046.0,743157.1,51.0
4090,2018-06-11,16.17,16.2,16.07,16.1,-0.07,-0.43,59099.0,953290.95,59.0
4090,2018-06-10,16.12,16.23,16.12,16.17,0.05,0.31,37250.0,602199.2,57.0
4090,2018-06-07,16.15,16.28,16.1,16.12,-0.05,-0.31,80631.0,1303519.6,76.0
4090,2018-06-06,16.2,16.25,16.15,16.17,-0.03,-0.19,47261.0,764083.9,42.0
4090,2018-06-05,16.15,16.2,16.12,16.2,0.05,0.31,53866.0,871118.1,44.0
4090,2018-06-04,16.2,16.33,16.04,16.15,-0.08,-0.49,200811.0,3247654.3,210.0
4090,2018-06-03,15.94,16.23,15.78,16.23,0.26,1.63,239425.0,3826338.95,192.0
4090,2018-05-31,16.04,16.1,15.73,15.97,0.0,0.0,153039.0,2432207.3,160.0
4090,2018-05-30,15.84,15.97,15.78,15.97,0.03,0.19,58625.0,928602.85,76.0
4090,2018-05-29,15.84,15.94,15.78,15.94,0.0,0.0,78250.0,1238555.0,106.0
4090,2018-05-28,15.94,15.94,15.78,15.94,0.0,0.0,104466.0,1658609.75,108.0
4090,2018-05-27,15.99,16.1,15.94,15.94,-0.11,-0.69,62065.0,991393.65,50.0
4090,2018-05-24,16.04,16.15,15.99,16.05,0.0,0.0,105276.0,1688947.0,96.0
4090,2018-05-23,16.07,16.15,16.04,16.05,0.02,0.12,140323.0,2256893.35,74.0
4090,2018-05-22,16.1,16.1,15.94,16.03,0.04,0.25,100576.0,1613255.55,58.0
4090,2018-05-21,15.89,16.07,15.89,15.99,-0.06,-0.37,213897.0,3407919.1,121.0
4090,2018-05-20,15.99,16.1,15.89,16.05,0.14,0.88,98491.0,1571382.9,110.0
4090,2018-05-17,16.02,16.1,15.89,15.91,-0.02,-0.13,93231.0,1492308.95,77.0
4090,2018-05-16,16.15,16.15,15.91,15.93,-0.17,-1.06,179391.0,2861792.8,140.0
4090,2018-05-15,16.15,16.2,16.07,16.1,0.03,0.19,113340.0,1827186.6,150.0
4090,2018-05-14,15.99,16.15,15.97,16.07,0.07,0.44,116252.0,1866905.45,124.0
4090,2018-05-13,16.02,16.07,15.89,16.0,-0.03,-0.19,292364.0,4675782.05,179.0
4090,2018-05-10,16.04,16.1,15.89,16.03,-0.08,-0.5,170067.0,2717683.35,122.0
4090,2018-05-09,15.99,16.15,15.99,16.11,0.02,0.12,233860.0,3761150.25,108.0
4090,2018-05-08,16.25,16.25,15.99,16.09,-0.25,-1.53,408456.0,6582641.4,226.0
4090,2018-05-07,16.57,16.57,16.2,16.34,-0.26,-1.57,318271.0,5215538.8,269.0
4090,2018-05-06,16.96,17.14,16.57,16.6,-0.29,-1.72,624912.0,10563818.9,331.0
4090,2018-05-03,16.98,17.19,16.88,16.89,0.07,0.42,1528458.0,26057622.25,844.0
4090,2018-05-02,16.62,16.93,16.62,16.82,0.23,1.39,1014238.0,17062006.7,638.0
4090,2018-05-01,16.41,16.8,16.41,16.59,-0.01,-0.06,406734.0,6749058.8,295.0
4090,2018-04-30,16.62,16.7,16.59,16.6,0.0,0.0,434197.0,7229539.6,214.0
4090,2018-04-29,16.46,16.75,16.46,16.6,0.04,0.24,616866.0,10285845.85,311.0
4090,2018-04-26,16.41,16.64,16.36,16.56,0.11,0.67,563716.0,9333766.3,318.0
4090,2018-04-25,16.51,16.64,16.43,16.45,-0.02,-0.12,230531.0,3810027.45,195.0
4090,2018-04-24,16.72,16.77,16.41,16.47,-0.15,-0.9,944856.0,15743506.2,577.0
4090,2018-04-23,16.46,16.67,16.41,16.62,0.21,1.28,678269.0,11212649.15,341.0
4090,2018-04-22,16.33,16.46,16.25,16.41,0.09,0.55,249250.0,4084588.15,161.0
4090,2018-04-19,16.33,16.51,16.3,16.32,-0.01,-0.06,337650.0,5534473.55,221.0
4090,2018-04-18,16.36,16.36,16.23,16.33,0.01,0.06,241026.0,3927377.35,172.0
4090,2018-04-17,16.43,16.46,16.28,16.32,-0.1,-0.61,276132.0,4523865.9,203.0
4090,2018-04-16,16.25,16.46,16.25,16.42,-0.05,-0.3,336634.0,5514796.05,250.0
4090,2018-04-15,16.25,16.51,16.2,16.47,0.33,2.04,286841.0,4705256.15,262.0
4090,2018-04-12,16.1,16.25,15.94,16.14,0.11,0.69,217261.0,3498519.35,187.0
4090,2018-04-11,16.49,16.51,15.91,16.03,-0.41,-2.49,333325.0,5420099.75,278.0
4090,2018-04-10,16.41,16.59,16.41,16.44,-0.07,-0.42,217621.0,3586924.0,204.0
4090,2018-04-09,16.64,16.8,16.43,16.51,-0.1,-0.6,666767.0,11105153.9,505.0
4090,2018-04-08,16.59,16.64,16.43,16.61,0.08,0.48,903904.0,14938522.65,543.0
4090,2018-04-05,16.17,16.62,16.17,16.53,0.35,2.16,1363901.0,22392633.25,712.0
4090,2018-04-04,15.89,16.25,15.89,16.18,0.27,1.7,398721.0,6410434.95,297.0
4090,2018-04-03,15.89,16.07,15.89,15.91,-0.03,-0.19,220380.0,3512864.5,180.0
4090,2018-04-02,16.1,16.12,15.89,15.94,-0.15,-0.93,247891.0,3962310.6,175.0
4090,2018-04-01,16.04,16.12,15.99,16.09,-0.05,-0.31,115227.0,1847538.8,119.0
4090,2018-03-29,16.15,16.23,15.99,16.14,0.1,0.62,329071.0,5304929.95,205.0
4090,2018-03-28,16.04,16.15,16.02,16.04,-0.08,-0.5,129957.0,2089333.8,141.0
4090,2018-03-27,15.89,16.2,15.86,16.12,0.25,1.58,417927.0,6716727.65,273.0
4090,2018-03-26,16.07,16.12,15.86,15.87,-0.27,-1.67,607039.0,9690988.15,375.0
4090,2018-03-25,16.1,16.2,16.1,16.14,0.04,0.25,369142.0,5959998.2,255.0
4090,2018-03-22,16.15,16.25,16.1,16.1,-0.03,-0.19,349076.0,5633603.8,279.0
4090,2018-03-21,15.99,16.2,15.99,16.13,0.13,0.81,313187.0,5038914.45,233.0
4090,2018-03-20,16.04,16.12,15.91,16.0,-0.04,-0.25,436157.0,6971418.65,275.0
4090,2018-03-19,16.07,16.1,16.02,16.04,-0.04,-0.25,154187.0,2473919.15,134.0
4090,2018-03-18,16.15,16.25,16.04,16.08,-0.05,-0.31,374212.0,6045284.25,307.0
4090,2018-03-15,16.2,16.3,15.97,16.13,-0.03,-0.19,603388.0,9745445.95,492.0
4090,2018-03-14,15.89,16.2,15.84,16.16,0.29,1.83,931812.0,14961186.15,718.0
4090,2018-03-13,15.89,15.89,15.84,15.87,-0.02,-0.13,426787.0,6771857.8,333.0
4090,2018-03-12,15.94,15.99,15.84,15.89,-0.02,-0.13,705333.0,11229321.05,472.0
4090,2018-03-11,15.99,15.99,15.86,15.91,-0.02,-0.13,751959.0,11964636.3,398.0
4090,2018-03-08,15.89,15.99,15.86,15.93,0.05,0.31,492855.0,7842648.5,258.0
4090,2018-03-07,15.84,15.91,15.84,15.88,0.01,0.06,192694.0,3060897.1,145.0
4090,2018-03-06,16.02,16.02,15.86,15.87,-0.02,-0.13,440685.0,7010165.55,354.0
4090,2018-03-05,15.89,15.99,15.86,15.89,-0.03,-0.19,241667.0,3845480.25,218.0
4090,2018-03-04,16.43,16.43,15.89,15.92,-0.4,-2.45,610067.0,9789401.15,499.0
4090,2018-03-01,15.94,16.41,15.89,16.32,0.39,2.45,571687.0,9282310.0,465.0
4090,2018-02-28,16.02,16.04,15.89,15.93,-0.08,-0.5,244737.0,3906212.65,284.0
4090,2018-02-27,16.07,16.15,15.99,16.01,-0.06,-0.37,193679.0,3110006.25,275.0
4090,2018-02-26,16.36,16.41,16.07,16.07,-0.24,-1.47,932470.0,15068804.45,829.0
4090,2018-02-25,16.41,16.59,16.3,16.31,-0.11,-0.67,461316.0,7580139.1,417.0
4090,2018-02-22,16.54,16.54,16.38,16.42,-0.1,-0.61,724739.0,11904736.8,406.0
4090,2018-02-21,16.46,16.83,16.43,16.52,0.07,0.43,577161.0,9593199.8,503.0
4090,2018-02-20,16.49,16.57,16.41,16.45,0.04,0.24,188603.0,3108663.75,211.0
4090,2018-02-19,16.75,16.83,16.38,16.41,-0.43,-2.55,583533.0,9655347.2,554.0
4090,2018-02-18,17.03,17.09,16.77,16.84,-0.05,-0.3,347818.0,5878745.2,317.0
4090,2018-02-15,16.83,16.9,16.83,16.89,0.01,0.06,259480.0,4380280.6,172.0
4090,2018-02-14,16.96,16.96,16.83,16.88,-0.04,-0.24,365416.0,6179178.3,210.0
4090,2018-02-13,17.03,17.24,16.9,16.92,-0.11,-0.65,360963.0,6147139.95,359.0
4090,2018-02-12,17.19,17.29,16.98,17.03,0.0,0.0,377858.0,6440182.65,310.0
4090,2018-02-11,17.35,17.35,16.67,17.03,-0.22,-1.28,190396.0,3252994.25,213.0
4090,2018-02-08,17.5,17.5,17.22,17.25,-0.37,-2.1,389501.0,6791094.2,253.0
4090,2018-02-07,17.82,17.87,17.53,17.62,-0.1,-0.56,387621.0,6842292.0,181.0
4090,2018-02-06,17.71,17.89,17.71,17.72,-0.17,-0.95,154097.0,2734398.5,129.0
4090,2018-02-05,17.92,17.92,17.87,17.89,-0.08,-0.45,77193.0,1381505.2,68.0
4090,2018-02-04,18.02,18.1,17.82,17.97,-0.1,-0.55,236523.0,4242225.65,297.0
4090,2018-02-01,18.15,18.31,18.05,18.07,-0.11,-0.61,166220.0,3009580.9,271.0
4090,2018-01-31,18.23,18.28,18.15,18.18,-0.03,-0.16,92331.0,1681294.4,80.0
4090,2018-01-30,18.21,18.23,18.15,18.21,-0.01,-0.05,67965.0,1236060.4,62.0
4090,2018-01-29,18.21,18.23,18.08,18.22,-0.01,-0.05,78966.0,1436015.2,64.0
4090,2018-01-28,18.23,18.31,18.18,18.23,0.03,0.16,123547.0,2256044.1,78.0
4090,2018-01-25,18.18,18.23,18.15,18.2,-0.01,-0.05,135852.0,2470643.85,69.0
4090,2018-01-24,18.21,18.23,18.18,18.21,0.01,0.05,160073.0,2914230.4,78.0
4090,2018-01-23,18.18,18.28,18.18,18.2,-0.01,-0.05,97411.0,1773711.7,69.0
4090,2018-01-22,18.15,18.39,18.13,18.21,-0.05,-0.27,199976.0,3653619.35,143.0
4090,2018-01-21,18.15,18.49,18.08,18.26,0.09,0.5,446513.0,8190427.0,298.0
4090,2018-01-18,18.18,18.21,18.05,18.17,0.02,0.11,86802.0,1575400.25,87.0
4090,2018-01-17,18.08,18.21,17.97,18.15,0.06,0.33,89014.0,1611852.75,95.0
4090,2018-01-16,18.13,18.15,17.97,18.09,-0.01,-0.06,131867.0,2384371.65,136.0
4090,2018-01-15,17.97,18.23,17.97,18.1,-0.06,-0.33,121958.0,2215434.55,99.0
4090,2018-01-14,18.13,18.23,18.08,18.16,0.15,0.83,282958.0,5135365.75,350.0
4090,2018-01-11,17.84,18.05,17.71,18.01,0.24,1.35,367910.0,6590568.6,461.0
4090,2018-01-10,17.76,17.82,17.71,17.77,0.08,0.45,153368.0,2725846.35,124.0
4090,2018-01-09,17.5,17.79,17.5,17.69,0.1,0.57,279193.0,4944913.8,239.0
4090,2018-01-08,17.76,17.76,17.58,17.59,-0.18,-1.01,490484.0,8653596.6,573.0
4090,2018-01-07,17.92,18.05,17.74,17.77,-0.13,-0.73,571767.0,10208246.3,606.0
4090,2018-01-04,17.87,18.05,17.87,17.9,0.06,0.34,478701.0,8592755.7,481.0
4090,2018-01-03,17.89,17.89,17.74,17.84,-0.08,-0.45,416768.0,7422658.05,349.0
4090,2018-01-02,17.97,18.02,17.87,17.92,-0.08,-0.44,130326.0,2337012.35,129.0
4090,2018-01-01,18.1,18.23,17.97,18.0,-0.12,-0.66,240994.0,4351189.8,179.0
4090,2017-12-31,18.23,18.34,18.1,18.12,-0.1,-0.55,221275.0,4027881.85,317.0
4090,2017-12-28,18.28,18.52,18.18,18.22,0.0,0.0,351892.0,6449980.3,366.0
4090,2017-12-27,18.13,18.44,18.13,18.22,0.2,1.11,352332.0,6431900.6,318.0
4090,2017-12-26,18.28,18.28,18.02,18.02,-0.24,-1.31,445985.0,8073270.6,437.0
4090,2017-12-25,18.6,18.6,18.26,18.26,-0.26,-1.4,220107.0,4034006.4,289.0
4090,2017-12-24,18.94,18.96,18.49,18.52,-0.4,-2.11,240274.0,4498633.1,306.0
4090,2017-12-21,18.96,19.01,18.86,18.92,-0.06,-0.32,403286.0,7633051.05,267.0
4090,2017-12-20,19.12,19.25,18.91,18.98,-0.05,-0.26,454133.0,8646219.2,313.0
4090,2017-12-19,19.07,19.69,18.96,19.03,0.02,0.11,1761748.0,34011284.5,1362.0
4090,2017-12-18,18.96,19.22,18.94,19.01,0.02,0.11,265122.0,5043441.9,163.0
4090,2017-12-17,18.94,19.07,18.94,18.99,-0.05,-0.26,109368.0,2076098.0,61.0
4090,2017-12-14,19.01,19.22,19.01,19.04,-0.23,-1.19,107310.0,2048923.7,106.0
4090,2017-12-13,19.27,19.27,18.88,19.27,-0.06,-0.31,48050.0,918492.65,77.0
4090,2017-12-12,19.3,19.48,19.27,19.33,-0.07,-0.36,111442.0,2152818.75,64.0
4090,2017-12-11,19.43,19.43,19.27,19.4,-0.01,-0.05,291693.0,5642794.7,92.0
4090,2017-12-10,19.3,19.53,19.27,19.41,0.09,0.47,191832.0,3721665.7,160.0
4090,2017-12-07,19.25,19.53,19.09,19.32,0.25,1.31,297020.0,5743307.8,228.0
4090,2017-12-06,18.99,19.51,18.81,19.07,0.06,0.32,181616.0,3499520.9,168.0
4090,2017-12-05,19.27,19.27,18.88,19.01,-0.34,-1.76,461543.0,8340041.65,120.0
4090,2017-12-04,19.79,19.9,19.22,19.35,-0.34,-1.73,388126.0,7549884.8,392.0
4090,2017-12-03,18.83,19.77,18.81,19.69,1.01,5.41,670635.0,12884210.7,484.0
4090,2017-11-30,18.18,18.91,18.18,18.68,0.45,2.47,845568.0,15783397.95,661.0
4090,2017-11-29,18.26,18.39,18.18,18.23,0.05,0.28,205631.0,3759097.6,202.0
4090,2017-11-28,18.18,18.26,18.1,18.18,0.07,0.39,186208.0,3384949.3,171.0
4090,2017-11-27,18.15,18.28,18.08,18.11,0.05,0.28,268756.0,4883871.95,206.0
4090,2017-11-26,18.39,18.49,17.97,18.06,-0.17,-0.93,735987.0,13399934.35,538.0
4090,2017-11-23,17.63,18.49,17.61,18.23,0.6,3.4,2114095.0,38328264.95,1348.0
4090,2017-11-22,17.27,17.87,17.24,17.63,0.49,2.86,2573791.0,45320759.3,1452.0
4090,2017-11-21,17.55,17.76,17.03,17.14,-0.36,-2.06,578622.0,10016327.7,371.0
4090,2017-11-20,17.5,18.54,17.4,17.5,-0.11,-0.62,790684.0,14237520.75,590.0
4090,2017-11-19,18.21,18.21,17.61,17.61,-0.3,-1.68,414224.0,7387208.75,367.0
4090,2017-11-16,18.08,18.08,17.84,17.91,-0.24,-1.32,351034.0,6302110.15,337.0
4090,2017-11-15,18.52,18.52,18.1,18.15,-0.38,-2.05,227120.0,4146971.15,286.0
4090,2017-11-14,18.65,18.75,18.49,18.53,-0.14,-0.75,463478.0,8601969.05,639.0
4090,2017-11-13,18.91,19.07,18.6,18.67,-0.39,-2.05,195622.0,3678048.15,226.0
4090,2017-11-12,19.53,19.53,18.86,19.06,-0.63,-3.2,193393.0,3727034.8,221.0
4090,2017-11-09,19.64,19.79,19.59,19.69,-0.07,-0.35,77279.0,1524290.95,70.0
4090,2017-11-08,19.9,19.98,19.69,19.76,-0.19,-0.95,175001.0,3460571.5,220.0
4090,2017-11-07,19.79,20.11,19.69,19.95,-0.58,-2.83,172630.0,3451676.1,133.0
4090,2017-11-06,20.6,20.78,20.47,20.53,-0.08,-0.39,46330.0,950923.5,76.0
4090,2017-11-05,20.68,20.84,18.75,20.61,-0.2,-0.96,197609.0,4002553.95,120.0
4090,2017-11-02,20.08,21.1,20.08,20.81,0.73,3.64,132061.0,2729734.25,192.0
4090,2017-11-01,20.08,20.16,20.06,20.08,-0.04,-0.2,17158.0,344568.55,31.0
4090,2017-10-31,20.42,20.42,20.08,20.12,-0.43,-2.09,37171.0,747933.45,56.0
4090,2017-10-30,20.19,20.58,20.19,20.55,0.36,1.78,15912.0,323398.6,29.0
4090,2017-10-29,20.06,20.19,20.06,20.19,-0.08,-0.39,7374.0,148558.4,19.0
4090,2017-10-26,20.06,20.37,20.06,20.27,0.37,1.86,109645.0,2214970.55,89.0
4090,2017-10-25,19.82,20.0,19.82,19.9,-0.05,-0.25,76402.0,1526106.25,35.0
4090,2017-10-24,19.79,20.21,19.79,19.95,-0.26,-1.29,84495.0,1696655.6,25.0
4090,2017-10-23,20.47,20.47,20.06,20.21,-0.21,-1.03,94606.0,1915725.5,62.0
4090,2017-10-22,20.42,20.42,20.34,20.42,-0.09,-0.44,15098.0,307488.75,22.0
4090,2017-10-19,20.06,20.58,20.06,20.51,0.29,1.43,74511.0,1511952.45,103.0
4090,2017-10-18,20.78,20.78,20.32,20.22,-0.28,-1.37,31707.0,648676.3,57.0
4090,2017-10-17,20.34,20.37,20.32,20.5,0.08,0.39,50419.0,1024901.8,50.0
4090,2017-10-16,20.32,20.32,20.21,20.42,0.03,0.15,34341.0,697720.8,29.0
4090,2017-10-15,20.47,20.73,20.39,20.39,-0.17,-0.83,41703.0,853885.4,36.0
4090,2017-10-12,20.52,20.84,20.42,20.56,0.14,0.69,37138.0,766460.9,39.0
4090,2017-10-11,20.32,20.68,20.32,20.42,-0.2,-0.97,41826.0,855390.25,61.0
4090,2017-10-10,21.1,21.1,20.63,20.62,-0.69,-3.24,92485.0,1920238.0,78.0
4090,2017-10-09,21.36,21.36,20.99,21.31,-0.05,-0.23,33184.0,703741.6,32.0
4090,2017-10-08,21.25,21.36,21.25,21.36,0.0,0.0,33163.0,706511.1,43.0
4090,2017-10-05,21.46,21.46,21.25,21.36,-0.17,-0.79,111194.0,2373606.8,86.0
4090,2017-10-04,21.49,21.57,21.46,21.53,-0.14,-0.65,20195.0,434376.45,31.0
4090,2017-10-03,21.8,21.98,21.51,21.67,-0.25,-1.14,63793.0,1383048.15,66.0
4090,2017-10-02,21.88,21.98,21.77,21.92,0.1,0.46,218877.0,4791327.85,140.0
4090,2017-10-01,21.46,21.88,21.46,21.82,0.1,0.46,106523.0,2321874.6,63.0
4090,2017-09-28,21.72,21.72,21.46,21.72,0.23,1.07,58781.0,1273244.85,70.0
4090,2017-09-27,21.41,21.62,21.41,21.49,-0.27,-1.24,44460.0,953601.8,46.0
4090,2017-09-26,21.36,21.77,21.31,21.76,0.4,1.87,61441.0,1327709.5,63.0
4090,2017-09-25,21.36,21.36,21.25,21.36,-0.02,-0.09,44216.0,943545.8,42.0
4090,2017-09-21,21.36,21.57,21.36,21.38,-0.13,-0.6,32788.0,701750.1,40.0
4090,2017-09-20,21.36,21.41,21.36,21.51,0.12,0.56,66575.0,1364643.4,26.0
4090,2017-09-19,21.46,21.46,21.36,21.39,-0.12,-0.56,39060.0,836402.25,52.0
4090,2017-09-18,21.46,21.54,21.46,21.51,-0.08,-0.37,12476.0,268305.65,25.0
4090,2017-09-17,21.51,21.62,21.51,21.59,0.12,0.56,48336.0,1042853.6,66.0
4090,2017-09-14,21.51,21.51,21.46,21.47,-0.06,-0.28,75298.0,1617496.3,49.0
4090,2017-09-13,21.64,21.64,21.51,21.53,-0.09,-0.42,122092.0,2632069.75,49.0
4090,2017-09-12,21.72,21.72,21.62,21.62,-0.15,-0.69,47960.0,1039349.5,34.0
4090,2017-09-11,21.85,21.88,21.72,21.77,-0.11,-0.5,50407.0,1100658.9,61.0
4090,2017-09-10,21.98,21.98,21.88,21.88,-0.02,-0.09,61833.0,1353969.6,43.0
4090,2017-09-07,21.7,22.03,21.7,21.9,0.15,0.69,76442.0,1669096.85,64.0
4090,2017-09-06,21.57,21.62,21.49,21.75,0.22,1.02,41435.0,893772.6,34.0
4090,2017-08-29,21.57,21.57,21.49,21.53,-0.1,-0.46,60818.0,1310631.3,46.0
4090,2017-08-28,21.67,21.67,21.62,21.63,-0.07,-0.32,52955.0,1147066.3,42.0
4090,2017-08-27,21.83,21.83,21.67,21.7,-0.05,-0.23,65331.0,1417925.45,46.0
4090,2017-08-24,21.72,21.8,21.67,21.75,0.03,0.14,57431.0,1248107.85,55.0
4090,2017-08-23,21.83,21.83,21.7,21.72,-0.08,-0.37,28250.0,615209.6,35.0
4090,2017-08-22,21.83,21.93,21.67,21.8,0.13,0.6,108806.0,2373360.85,95.0
4090,2017-08-21,21.67,21.77,21.51,21.67,-0.16,-0.73,302122.0,6519815.15,195.0
4090,2017-08-20,21.9,21.93,21.83,21.83,-0.07,-0.32,122351.0,2676485.4,106.0
4090,2017-08-17,22.03,22.14,21.88,21.9,-0.03,-0.14,48716.0,1069103.85,77.0
4090,2017-08-16,22.03,22.17,21.88,21.93,-0.1,-0.45,102646.0,2259846.5,74.0
4090,2017-08-15,22.14,22.14,22.03,22.03,-0.26,-1.17,36238.0,800499.1,48.0
4090,2017-08-14,22.19,22.35,22.09,22.29,0.02,0.09,14338.0,318631.8,20.0
4090,2017-08-13,22.14,22.27,22.09,22.27,0.13,0.59,13588.0,301346.7,27.0
4090,2017-08-10,22.14,22.22,22.09,22.14,-0.12,-0.54,66809.0,1479019.95,58.0
4090,2017-08-09,22.19,22.3,22.19,22.26,-0.13,-0.58,49200.0,1094854.0,28.0
4090,2017-08-08,22.56,22.56,22.3,22.39,-0.09,-0.4,75615.0,1694601.25,77.0
4090,2017-08-07,22.43,22.76,22.43,22.48,0.0,0.0,46145.0,1043494.05,57.0
4090,2017-08-06,22.35,22.82,22.35,22.48,0.21,0.94,26891.0,603942.15,41.0
4090,2017-08-03,22.35,22.35,22.35,22.27,-0.13,-0.58,5423.0,120658.9,20.0
4090,2017-08-02,22.11,22.4,22.11,22.4,-0.03,-0.13,31112.0,690099.6,41.0
4090,2017-08-01,22.4,22.63,22.4,22.43,-0.02,-0.09,31878.0,717221.0,55.0
4090,2017-07-31,22.4,22.45,21.98,22.45,0.02,0.09,38528.0,859471.0,51.0
4090,2017-07-30,22.71,22.71,22.4,22.43,-0.3,-1.32,86660.0,1944328.4,58.0
4090,2017-07-27,22.45,23.26,22.45,22.73,0.15,0.66,64667.0,1483537.25,78.0
4090,2017-07-26,22.76,22.76,22.58,22.58,-0.34,-1.48,137818.0,3120199.8,125.0
4090,2017-07-25,23.65,23.68,22.92,22.92,-0.73,-3.09,220038.0,5110059.65,166.0
4090,2017-07-24,23.34,23.68,23.23,23.65,0.23,0.98,243545.0,5739704.3,125.0
4090,2017-07-23,22.92,24.17,22.92,23.42,0.47,2.05,289838.0,6801045.15,255.0
4090,2017-07-20,22.82,23.08,22.82,22.95,0.03,0.13,52402.0,1201628.85,37.0
4090,2017-07-19,22.97,22.97,22.82,22.92,-0.05,-0.22,44170.0,1012427.3,46.0
4090,2017-07-18,22.69,23.18,22.66,22.97,0.18,0.79,102200.0,2345389.9,87.0
4090,2017-07-17,22.66,22.82,22.63,22.79,0.13,0.57,89185.0,2022316.85,43.0
4090,2017-07-16,22.71,22.87,22.4,22.66,-0.1,-0.44,46819.0,1061773.9,64.0
4090,2017-07-13,22.66,22.82,22.56,22.76,0.11,0.49,72188.0,1640757.2,69.0
4090,2017-07-12,22.45,22.71,22.32,22.65,0.28,1.25,109144.0,2466214.05,87.0
4090,2017-07-11,22.4,22.56,22.35,22.37,-0.18,-0.8,36361.0,815134.9,51.0
4090,2017-07-10,22.27,22.56,22.24,22.55,0.16,0.71,69351.0,1558488.55,54.0
4090,2017-07-09,22.14,22.4,22.03,22.39,0.09,0.4,34575.0,768543.0,35.0
4090,2017-07-06,22.14,22.53,22.14,22.3,-0.2,-0.89,107278.0,2402716.9,80.0
4090,2017-07-05,21.88,22.53,21.88,22.5,0.56,2.55,117752.0,2620518.5,118.0
4090,2017-07-04,22.14,22.17,21.88,21.94,-0.22,-0.99,49463.0,1091256.5,40.0
4090,2017-07-03,21.88,22.19,21.88,22.16,0.15,0.68,111870.0,2471758.85,73.0
4090,2017-07-02,21.1,22.14,21.1,22.01,-0.06,-0.27,124037.0,2717078.6,115.0
4090,2017-06-22,21.83,22.09,21.83,22.07,0.23,1.05,183267.0,4027676.8,158.0
4090,2017-06-21,21.72,21.98,21.72,21.84,0.29,1.35,84493.0,1846323.1,77.0
4090,2017-06-20,21.67,21.72,21.49,21.55,-0.06,-0.28,34641.0,748875.25,48.0
4090,2017-06-19,21.59,21.72,21.57,21.61,0.01,0.05,23604.0,510477.35,41.0
4090,2017-06-18,21.25,21.67,21.25,21.6,0.5,2.37,39931.0,853649.6,61.0
4090,2017-06-15,21.15,21.15,20.89,21.1,-0.26,-1.22,137761.0,2906292.25,55.0
4090,2017-06-14,21.28,21.36,21.28,21.36,-0.03,-0.14,11246.0,239744.25,31.0
4090,2017-06-13,21.44,21.44,21.2,21.39,-0.1,-0.47,33882.0,722547.6,77.0
4090,2017-06-12,21.44,21.51,21.36,21.49,0.05,0.23,28607.0,613944.9,31.0
4090,2017-06-11,21.67,21.67,21.44,21.44,-0.28,-1.29,30655.0,661566.5,41.0
4090,2017-06-08,21.83,21.88,21.72,21.72,-0.16,-0.73,29289.0,638334.2,23.0
4090,2017-06-07,21.88,21.88,21.67,21.88,0.11,0.51,46512.0,1014053.9,64.0
4090,2017-06-06,21.88,21.88,21.64,21.77,0.0,0.0,46293.0,1007946.25,58.0
4090,2017-06-05,21.51,21.88,21.51,21.77,0.1,0.46,26265.0,570856.4,38.0
4090,2017-06-04,21.41,21.85,21.41,21.67,-0.1,-0.46,66584.0,1442400.65,59.0
4090,2017-06-01,21.88,22.09,21.72,21.77,-0.09,-0.41,83270.0,1820914.2,83.0
4090,2017-05-31,20.89,22.14,20.84,21.86,0.78,3.7,372385.0,8102114.4,352.0
4090,2017-05-30,21.05,21.1,20.99,21.08,0.19,0.91,36862.0,776272.8,32.0
4090,2017-05-29,20.84,21.1,20.78,20.89,-0.05,-0.24,42534.0,888810.4,33.0
4090,2017-05-28,21.1,21.1,20.73,20.94,-0.19,-0.9,68688.0,1434015.5,59.0
4090,2017-05-25,21.36,21.41,21.15,21.13,-0.29,-1.35,91661.0,1952130.3,102.0
4090,2017-05-24,21.62,21.67,21.41,21.42,-0.07,-0.33,118395.0,2549844.8,119.0
4090,2017-05-23,21.62,22.14,21.36,21.49,-0.12,-0.56,486581.0,10600909.5,401.0
4090,2017-05-22,21.51,21.72,21.41,21.61,0.2,0.93,160680.0,3473985.0,150.0
4090,2017-05-21,21.31,21.46,21.25,21.41,0.28,1.33,346505.0,7412685.6,248.0
4090,2017-05-18,21.36,21.46,21.1,21.13,-0.25,-1.17,174465.0,3714865.8,136.0
4090,2017-05-17,21.57,21.93,21.36,21.38,-0.19,-0.88,307467.0,6639650.6,233.0
4090,2017-05-16,21.72,21.83,21.41,21.57,-0.05,-0.23,114705.0,2471595.2,115.0
4090,2017-05-15,21.67,21.88,21.57,21.62,-0.15,-0.69,407761.0,8830110.7,394.0
4090,2017-05-14,22.09,22.19,21.77,21.77,-0.16,-0.73,57871.0,1273073.4,43.0
4090,2017-05-11,22.35,22.35,21.93,21.93,-0.37,-1.66,94452.0,2095361.7,75.0
4090,2017-05-10,22.4,22.5,22.3,22.3,-0.07,-0.31,67938.0,1520162.5,53.0
4090,2017-05-09,22.71,22.71,22.35,22.37,-0.47,-2.06,199978.0,4482171.4,98.0
4090,2017-05-08,23.02,23.02,22.82,22.84,-0.08,-0.35,47190.0,1079371.8,26.0
4090,2017-05-07,23.08,23.18,22.92,22.92,-0.1,-0.43,353639.0,8147515.6,96.0
4090,2017-05-04,22.97,23.18,22.97,23.02,-0.06,-0.26,33706.0,776089.8,37.0
4090,2017-05-03,22.97,23.23,22.97,23.08,0.06,0.26,94742.0,2179745.0,68.0
4090,2017-05-02,23.02,23.08,23.02,23.02,0.05,0.22,99401.0,2289395.8,66.0
4090,2017-05-01,23.02,23.02,22.92,22.97,-0.05,-0.22,79078.0,1817552.8,53.0
4090,2017-04-30,22.92,23.08,22.92,23.02,-0.11,-0.48,55398.0,1275697.7,59.0
4090,2017-04-27,23.13,23.18,23.13,23.13,0.13,0.57,52511.0,1214720.2,42.0
4090,2017-04-26,22.97,23.23,22.71,23.0,0.03,0.13,70531.0,1615228.6,96.0
4090,2017-04-25,23.23,23.23,22.97,22.97,-0.35,-1.5,112217.0,2595054.3,85.0
4090,2017-04-24,23.29,23.55,23.29,23.32,-0.07,-0.3,147370.0,3447913.6,92.0
4090,2017-04-23,22.92,23.6,22.92,23.39,0.05,0.21,157554.0,3683759.2,117.0
4090,2017-04-20,23.44,23.65,23.13,23.34,0.26,1.13,484698.0,11326782.3,485.0
4090,2017-04-19,23.13,23.13,23.08,23.08,-0.05,-0.22,59879.0,1382366.7,58.0
4090,2017-04-18,23.18,23.23,22.92,23.13,-0.13,-0.56,91402.0,2115540.3,78.0
4090,2017-04-17,23.18,23.44,23.13,23.26,0.08,0.35,371077.0,8601961.5,261.0
4090,2017-04-16,22.92,23.29,22.92,23.18,-0.33,-1.4,217395.0,5040653.7,156.0
4090,2017-04-13,23.55,23.81,23.44,23.51,-0.14,-0.59,486923.0,11479131.2,508.0
4090,2017-04-12,23.44,23.75,23.44,23.65,-0.06,-0.25,209451.0,4954064.2,159.0
4090,2017-04-11,23.34,23.91,23.34,23.71,0.42,1.8,432960.0,10270800.7,645.0
4090,2017-04-10,23.75,23.75,23.13,23.29,-0.45,-1.9,342342.0,7975733.7,407.0
4090,2017-04-09,23.81,24.01,23.7,23.74,-0.17,-0.71,276924.0,6622522.1,208.0
4090,2017-04-06,23.75,24.17,23.7,23.91,0.06,0.25,897331.0,21498907.1,715.0
4090,2017-04-05,23.49,24.38,23.23,23.85,0.32,1.36,3112119.0,74562464.3,2100.0
4090,2017-04-04,22.45,23.86,22.4,23.53,0.85,3.75,1278891.0,30026816.9,1571.0
4090,2017-04-03,22.61,22.87,22.5,22.68,-0.14,-0.61,414725.0,9379775.1,418.0
4090,2017-04-02,23.08,23.34,22.61,22.82,-0.29,-1.25,485180.0,11067237.7,548.0
4090,2017-03-30,21.25,23.34,21.25,23.11,1.88,8.86,1080240.0,24468580.4,786.0
4090,2017-03-29,21.25,21.36,21.2,21.23,0.07,0.33,90049.0,1915596.2,113.0
4090,2017-03-28,20.94,21.25,20.94,21.16,0.35,1.68,155504.0,3275873.6,139.0
4090,2017-03-27,20.58,20.84,20.52,20.81,0.29,1.41,342288.0,7059660.0,284.0
4090,2017-03-26,20.58,20.84,20.52,20.52,-0.21,-1.01,416251.0,8577346.0,479.0
4090,2017-03-23,21.1,21.15,20.73,20.73,-0.21,-1.0,190654.0,3975737.6,261.0
4090,2017-03-22,21.1,21.2,20.84,20.94,-0.15,-0.71,105494.0,2213816.9,148.0
4090,2017-03-21,21.15,21.25,21.1,21.09,-0.22,-1.03,33145.0,701331.7,88.0
4090,2017-03-20,21.46,21.46,21.1,21.31,-0.04,-0.19,45101.0,960901.4,85.0
4090,2017-03-19,20.84,21.51,20.78,21.35,0.41,1.96,231825.0,4927816.8,801.0
4090,2017-03-16,20.89,21.05,20.84,20.94,0.17,0.82,186974.0,3916104.5,163.0
4090,2017-03-15,20.52,20.78,20.52,20.77,0.27,1.32,82324.0,1705510.4,123.0
4090,2017-03-14,20.84,20.84,19.79,20.5,-0.34,-1.63,314258.0,6352403.3,294.0
4090,2017-03-13,20.78,21.1,20.78,20.84,0.0,0.0,74340.0,1552819.1,80.0
4090,2017-03-12,20.99,20.99,20.73,20.84,-0.14,-0.67,144927.0,3019771.7,47.0
4090,2017-03-09,20.84,21.05,20.84,20.98,-0.11,-0.52,32825.0,685722.3,58.0
4090,2017-03-08,21.2,21.2,21.05,21.09,-0.17,-0.8,75974.0,1604062.8,70.0
4090,2017-03-07,21.15,21.31,21.15,21.26,-0.01,-0.05,31325.0,666054.8,34.0
4090,2017-03-06,21.36,21.36,21.2,21.27,-0.04,-0.19,21495.0,458302.1,41.0
4090,2017-03-05,21.62,21.62,21.31,21.31,-0.05,-0.23,71670.0,1539089.5,61.0
4090,2017-03-02,21.51,21.57,21.36,21.36,0.0,0.0,51304.0,1099690.2,55.0
4090,2017-03-01,21.93,21.93,21.41,21.36,0.22,1.04,47315.0,1023998.8,75.0
4090,2017-02-28,21.15,21.31,21.05,21.14,0.04,0.19,70433.0,1490167.4,33.0
4090,2017-02-27,21.05,21.25,21.05,21.1,-0.21,-0.99,72236.0,1527704.8,51.0
4090,2017-02-26,21.05,21.41,21.05,21.31,0.11,0.52,30965.0,658684.2,43.0
4090,2017-02-23,21.2,21.25,21.2,21.2,-0.29,-1.35,29749.0,632359.4,89.0
4090,2017-02-22,21.51,21.62,21.41,21.49,0.08,0.37,122557.0,2633102.6,202.0
4090,2017-02-21,21.62,21.67,21.15,21.41,-0.26,-1.2,54506.0,1170391.4,58.0
4090,2017-02-20,21.72,21.77,21.46,21.67,-0.2,-0.91,120583.0,2604645.1,89.0
4090,2017-02-19,21.67,21.98,21.67,21.87,-0.02,-0.09,310325.0,6785991.5,304.0
4090,2017-02-16,20.84,22.24,20.84,21.89,1.11,5.34,566776.0,12229542.6,519.0
4090,2017-02-15,20.63,20.78,20.63,20.78,0.0,0.0,67047.0,1392490.9,83.0
4090,2017-02-14,20.78,20.78,20.68,20.78,-0.06,-0.29,30623.0,634407.7,44.0
4090,2017-02-13,20.84,20.84,20.84,20.84,0.0,0.0,19913.0,414588.2,32.0
4090,2017-02-12,20.78,20.84,20.78,20.84,0.26,1.26,148144.0,3085992.1,82.0
4090,2017-02-09,20.63,20.78,20.58,20.58,0.0,0.0,21462.0,442661.1,32.0
4090,2017-02-08,20.89,20.94,20.58,20.58,-0.26,-1.25,146096.0,3041485.7,66.0
4090,2017-02-07,20.84,20.89,20.84,20.84,0.0,0.0,205287.0,4279035.1,57.0
4090,2017-02-06,20.47,20.84,20.47,20.84,0.06,0.29,49275.0,1021789.5,40.0
4090,2017-02-05,20.78,20.89,20.58,20.78,0.0,0.0,90402.0,1880092.7,63.0
4090,2017-02-02,20.68,20.84,20.68,20.78,0.1,0.48,158355.0,3286301.0,79.0
4090,2017-02-01,20.32,20.68,20.32,20.68,0.11,0.53,59687.0,1229096.4,57.0
4090,2017-01-31,20.37,20.58,20.37,20.57,0.1,0.49,66396.0,1356885.6,56.0
4090,2017-01-30,20.52,20.52,20.42,20.47,-0.12,-0.58,73603.0,1506714.7,77.0
4090,2017-01-29,20.58,20.68,20.32,20.59,-0.03,-0.15,355632.0,7267954.4,174.0
4090,2017-01-26,20.84,20.89,20.58,20.62,-0.21,-1.01,174313.0,3631037.1,85.0
4090,2017-01-25,20.89,20.94,20.84,20.83,-0.01,-0.05,183793.0,3838054.3,291.0
4090,2017-01-24,20.73,20.89,20.73,20.84,0.31,1.51,213736.0,4451839.7,141.0
4090,2017-01-23,20.26,20.68,20.26,20.53,0.21,1.03,541131.0,11013857.3,325.0
4090,2017-01-22,20.06,20.58,20.06,20.32,0.06,0.3,557477.0,11303756.2,385.0
4090,2017-01-19,19.79,20.37,19.79,20.26,-0.05,-0.25,109952.0,2218043.8,167.0
4090,2017-01-18,19.07,20.42,19.07,20.31,-0.14,-0.68,355904.0,7186239.1,810.0
4090,2017-01-17,20.26,20.52,20.06,20.45,0.17,0.84,460623.0,9358508.5,656.0
4090,2017-01-16,20.68,20.68,19.95,20.28,-0.46,-2.22,133712.0,2714480.2,226.0
4090,2017-01-15,20.84,20.94,20.73,20.74,0.03,0.14,494659.0,10305740.1,384.0
4090,2017-01-12,20.42,21.2,20.42,20.71,-0.02,-0.1,105180.0,2181070.1,317.0
4090,2017-01-11,20.99,21.25,20.73,20.73,-0.36,-1.71,155932.0,3270834.9,231.0
4090,2017-01-10,21.1,21.25,20.99,21.09,-0.1,-0.47,243167.0,5131694.3,312.0
4090,2017-01-09,21.36,21.57,21.1,21.19,-0.04,-0.19,284563.0,6058183.4,292.0
4090,2017-01-08,20.94,21.31,20.89,21.23,0.29,1.38,354349.0,7465844.1,313.0
4090,2017-01-05,20.58,21.15,20.58,20.94,0.36,1.75,646072.0,13475541.7,369.0
4090,2017-01-04,20.78,20.78,20.58,20.58,-0.17,-0.82,129944.0,2686469.8,100.0
4090,2017-01-03,20.89,20.89,20.58,20.75,-0.07,-0.34,142322.0,2945158.5,104.0
4090,2017-01-02,20.94,21.31,20.73,20.82,-0.26,-1.23,240166.0,5071058.4,229.0
4090,2017-01-01,20.84,21.15,20.84,21.08,0.15,0.72,171240.0,3602079.7,144.0
4090,2016-12-29,20.78,20.99,20.73,20.93,0.15,0.72,210686.0,4403817.4,153.0
4090,2016-12-28,21.1,21.1,20.63,20.78,-0.14,-0.67,322438.0,6705698.1,208.0
4090,2016-12-27,20.21,21.1,20.21,20.92,0.64,3.16,877640.0,18254373.4,598.0
4090,2016-12-26,20.06,20.63,20.06,20.28,0.24,1.2,480327.0,9811138.2,327.0
4090,2016-12-25,20.06,20.11,19.9,20.04,0.19,0.96,150233.0,3010584.3,114.0
4090,2016-12-22,20.21,20.21,19.79,19.85,-0.12,-0.6,253266.0,5036701.9,165.0
4090,2016-12-21,19.79,20.21,19.79,19.97,0.04,0.2,186774.0,3727884.5,136.0
4090,2016-12-20,20.26,20.42,19.79,19.93,-0.13,-0.65,225623.0,4517847.6,176.0
4090,2016-12-19,20.11,20.42,20.0,20.06,-0.04,-0.2,339664.0,6863067.9,359.0
4090,2016-12-18,19.48,20.11,19.48,20.1,0.45,2.29,173605.0,3471983.2,106.0
4090,2016-12-15,19.59,19.85,19.53,19.65,-0.01,-0.05,126356.0,2485366.9,107.0
4090,2016-12-14,20.06,20.06,19.64,19.66,-0.34,-1.7,39064.0,773272.1,60.0
4090,2016-12-13,20.21,20.21,20.0,20.0,-0.32,-1.57,54446.0,1091958.2,53.0
4090,2016-12-12,20.32,20.42,20.26,20.32,0.19,0.94,425687.0,8653935.8,334.0
4090,2016-12-11,20.06,20.42,20.06,20.13,0.07,0.35,210112.0,4250156.2,150.0
4090,2016-12-08,20.11,20.37,20.06,20.06,-0.08,-0.4,139598.0,2822663.0,129.0
4090,2016-12-07,20.37,20.37,20.11,20.14,-0.21,-1.03,189538.0,3832224.7,159.0
4090,2016-12-06,20.63,20.63,20.26,20.35,-0.17,-0.83,266007.0,5419022.9,209.0
4090,2016-12-05,20.32,20.63,20.16,20.52,0.01,0.05,156558.0,3180507.8,121.0
4090,2016-12-04,20.0,21.2,20.0,20.51,0.56,2.81,781103.0,16245868.1,511.0
4090,2016-12-01,20.0,20.11,19.85,19.95,0.0,0.0,132725.0,2646771.5,97.0
4090,2016-11-30,19.9,20.06,19.79,19.95,0.21,1.06,87553.0,1748193.7,77.0
4090,2016-11-29,19.9,20.21,19.64,19.74,-0.25,-1.25,89586.0,1785025.3,112.0
4090,2016-11-28,19.64,20.16,19.59,19.99,0.26,1.32,181455.0,3600839.4,123.0
4090,2016-11-27,19.85,19.9,19.59,19.73,-0.1,-0.5,139233.0,2750304.1,109.0
4090,2016-11-24,19.59,19.95,19.59,19.83,0.05,0.25,433841.0,8600833.3,541.0
4090,2016-11-23,19.53,19.85,19.27,19.78,0.37,1.91,436420.0,8545025.0,521.0
4090,2016-11-22,18.23,19.85,18.18,19.41,1.24,6.82,464914.0,8876505.8,462.0
4090,2016-11-21,18.23,18.34,18.08,18.17,-0.01,-0.06,39991.0,727233.6,51.0
4090,2016-11-20,18.23,18.23,18.08,18.18,0.08,0.44,43400.0,789007.0,76.0
4090,2016-11-17,18.18,18.44,18.08,18.1,-0.26,-1.42,90339.0,1649869.2,87.0
4090,2016-11-16,18.02,18.39,17.82,18.36,0.58,3.26,181729.0,3294465.3,172.0
4090,2016-11-15,17.97,18.18,17.71,17.78,-0.44,-2.41,89807.0,1609180.2,89.0
4090,2016-11-14,18.44,18.44,18.13,18.22,-0.12,-0.65,134906.0,2466739.8,104.0
4090,2016-11-13,18.08,18.44,18.08,18.34,0.35,1.95,185684.0,3384296.9,142.0
4090,2016-11-10,17.82,18.08,17.82,17.99,0.2,1.12,264853.0,4754814.5,142.0
4090,2016-11-09,17.71,17.82,17.5,17.79,0.08,0.45,174910.0,3098167.5,126.0
4090,2016-11-08,17.66,17.82,17.66,17.71,0.05,0.28,101039.0,1796667.7,84.0
4090,2016-11-07,17.55,17.71,17.5,17.66,0.16,0.91,170426.0,3004061.8,100.0
4090,2016-11-06,17.5,17.5,17.45,17.5,0.0,0.0,11960.0,208927.0,20.0
4090,2016-11-03,17.55,17.61,17.5,17.5,0.02,0.11,13780.0,241830.7,27.0
4090,2016-11-02,17.45,17.66,17.45,17.48,-0.07,-0.4,36923.0,647362.6,45.0
4090,2016-11-01,17.45,17.55,17.4,17.55,0.1,0.57,108263.0,1887705.7,97.0
4090,2016-10-31,17.4,17.45,17.4,17.45,0.04,0.23,46113.0,803076.4,79.0
4090,2016-10-30,17.5,17.61,17.29,17.41,-0.19,-1.08,471995.0,8228306.7,349.0
4090,2016-10-27,17.45,17.61,17.4,17.6,0.09,0.51,55897.0,978865.8,121.0
4090,2016-10-26,17.45,17.55,17.35,17.51,0.11,0.63,81836.0,1429078.9,110.0
4090,2016-10-25,17.45,17.61,17.45,17.4,-0.04,-0.23,40922.0,716099.3,31.0
4090,2016-10-24,17.14,17.45,17.14,17.44,0.13,0.75,68293.0,1184365.3,44.0
4090,2016-10-23,17.24,17.45,17.14,17.31,0.11,0.64,50006.0,864589.4,48.0
4090,2016-10-20,16.3,17.24,16.3,17.2,0.48,2.87,155917.0,2650817.7,106.0
4090,2016-10-19,17.29,17.29,16.67,16.72,-0.47,-2.73,261642.0,4423987.9,134.0
4090,2016-10-18,17.5,17.61,17.09,17.19,-0.4,-2.27,63380.0,1101002.7,47.0
4090,2016-10-17,17.71,17.71,17.45,17.59,-0.14,-0.79,110950.0,1956565.7,45.0
4090,2016-10-16,18.02,18.02,17.71,17.73,-0.43,-2.37,106345.0,1897516.0,54.0
4090,2016-10-13,17.97,18.39,17.97,18.16,-0.05,-0.27,53978.0,982906.5,71.0
4090,2016-10-12,18.23,18.39,18.13,18.21,-0.02,-0.11,41047.0,748627.3,41.0
4090,2016-10-11,18.13,18.39,18.13,18.23,-0.1,-0.55,69502.0,1266275.0,58.0
4090,2016-10-10,18.23,18.39,18.23,18.33,-0.11,-0.6,49603.0,905524.9,40.0
4090,2016-10-09,18.39,18.6,17.92,18.44,-0.01,-0.05,105784.0,1949913.5,145.0
4090,2016-10-06,17.97,18.65,17.97,18.45,0.43,2.39,85564.0,1570666.7,119.0
4090,2016-10-05,17.87,18.13,17.87,18.02,0.15,0.84,223008.0,4008178.3,1293.0
4090,2016-10-04,17.71,18.02,17.66,17.87,0.16,0.9,100302.0,1780635.5,101.0
4090,2016-10-03,17.71,17.82,17.29,17.71,-0.05,-0.28,361784.0,6296249.6,870.0
4090,2016-10-02,17.97,18.23,17.71,17.76,-0.25,-1.39,110943.0,1990988.8,150.0
4090,2016-09-29,17.03,18.08,17.03,18.01,0.15,0.84,249350.0,4360878.9,269.0
4090,2016-09-28,18.23,18.75,17.5,17.86,-0.86,-4.59,337224.0,6075556.5,527.0
4090,2016-09-27,19.9,19.95,18.28,18.72,-1.57,-7.74,625250.0,11849409.6,1237.0
4090,2016-09-26,19.95,20.73,19.85,20.29,0.45,2.27,521402.0,10613032.4,663.0
4090,2016-09-25,19.95,19.95,19.43,19.84,-0.05,-0.25,125094.0,2477460.1,146.0
4090,2016-09-21,19.79,20.11,19.27,19.89,0.11,0.56,349139.0,6888654.4,637.0
4090,2016-09-20,19.17,20.21,19.17,19.78,0.3,1.54,479966.0,9512536.8,229.0
4090,2016-09-19,19.12,19.64,19.12,19.48,0.34,1.78,523631.0,10185435.0,459.0
4090,2016-09-18,18.86,19.17,18.75,19.14,0.16,0.84,132487.0,2527342.2,87.0
4090,2016-09-08,18.81,19.07,18.75,18.98,0.17,0.9,139333.0,2633343.5,101.0
4090,2016-09-07,18.75,18.81,18.65,18.81,0.07,0.37,174864.0,3280948.8,147.0
4090,2016-09-06,19.01,19.01,18.65,18.74,-0.13,-0.69,189009.0,3541982.3,101.0
4090,2016-09-05,18.81,19.17,18.75,18.87,0.12,0.64,118819.0,2245794.6,111.0
4090,2016-09-04,18.6,18.86,18.49,18.75,0.31,1.68,282113.0,5288716.1,223.0
4090,2016-09-01,18.23,18.54,18.18,18.44,0.21,1.15,365195.0,6697694.4,302.0
4090,2016-08-31,18.23,18.28,18.23,18.23,0.09,0.5,41868.0,763396.7,99.0
4090,2016-08-30,17.97,18.23,17.97,18.14,0.01,0.06,188348.0,3425338.2,153.0
4090,2016-08-29,18.28,18.28,17.97,18.13,-0.1,-0.55,251475.0,4545962.7,266.0
4090,2016-08-28,17.82,18.34,17.82,18.23,0.25,1.39,243115.0,4424303.5,236.0
4090,2016-08-25,17.82,18.13,17.82,17.98,-0.02,-0.11,544863.0,9794914.1,992.0
4090,2016-08-24,17.97,18.08,17.92,18.0,0.03,0.17,747393.0,13436428.6,781.0
4090,2016-08-23,17.71,18.08,17.71,17.97,0.2,1.13,1607793.0,28892429.2,929.0
4090,2016-08-22,17.87,17.87,17.66,17.77,0.0,0.0,429664.0,7621397.2,246.0
4090,2016-08-21,17.55,17.82,17.55,17.77,0.1,0.57,162611.0,2865034.7,106.0
4090,2016-08-18,17.55,17.66,17.29,17.67,0.03,0.17,188459.0,3308602.0,415.0
4090,2016-08-17,17.66,17.66,17.61,17.64,-0.17,-0.95,44072.0,777227.9,28.0
4090,2016-08-16,17.71,17.82,17.66,17.81,0.01,0.06,76060.0,1352604.9,23.0
4090,2016-08-15,17.71,17.82,17.71,17.8,-0.11,-0.61,25138.0,445335.8,19.0
4090,2016-08-14,17.82,17.92,17.82,17.91,0.26,1.47,54179.0,968658.5,41.0
4090,2016-08-11,17.82,17.82,17.66,17.65,-0.27,-1.51,55193.0,977944.8,40.0
4090,2016-08-10,17.82,17.92,17.76,17.92,0.0,0.0,70806.0,1266071.3,35.0
4090,2016-08-09,17.5,17.92,17.5,17.92,0.34,1.93,470567.0,8394947.0,123.0
4090,2016-08-08,17.55,17.61,17.55,17.58,0.08,0.46,30596.0,537696.3,25.0
4090,2016-08-07,17.61,17.61,17.5,17.5,-0.04,-0.23,16241.0,285318.2,30.0
4090,2016-08-04,17.61,17.61,17.5,17.54,-0.05,-0.28,61136.0,1072675.0,35.0
4090,2016-08-03,17.66,17.71,17.5,17.59,-0.12,-0.68,127402.0,2237775.6,42.0
4090,2016-08-02,17.76,18.13,17.61,17.71,-0.15,-0.84,295684.0,5270566.5,113.0
4090,2016-08-01,17.87,17.92,17.82,17.86,0.07,0.39,233250.0,4167935.7,119.0
4090,2016-07-31,17.5,17.87,17.35,17.79,0.26,1.48,390386.0,6874261.0,175.0
4090,2016-07-28,17.5,17.61,17.19,17.53,0.09,0.52,649503.0,11288670.3,158.0
4090,2016-07-27,17.4,17.45,17.35,17.44,0.08,0.46,326925.0,5687749.4,103.0
4090,2016-07-26,17.29,17.45,17.29,17.36,-0.04,-0.23,428965.0,7454180.0,79.0
4090,2016-07-25,17.35,17.45,17.29,17.4,-0.05,-0.29,103836.0,1805015.2,60.0
4090,2016-07-24,17.5,17.55,17.35,17.45,-0.04,-0.23,147969.0,2583355.7,109.0
4090,2016-07-21,17.4,17.5,17.4,17.49,0.13,0.75,415914.0,7265882.2,195.0
4090,2016-07-20,17.35,17.4,17.35,17.36,-0.04,-0.23,77338.0,1343979.8,74.0
4090,2016-07-19,17.35,17.4,17.35,17.4,0.05,0.29,66517.0,1154547.6,38.0
4090,2016-07-18,17.4,17.4,17.35,17.35,-0.05,-0.29,63640.0,1104019.2,59.0
4090,2016-07-17,17.35,17.4,17.35,17.4,0.04,0.23,141243.0,2453185.1,91.0
4090,2016-07-14,17.4,17.45,17.35,17.36,-0.08,-0.46,94961.0,1650401.1,56.0
4090,2016-07-13,17.35,17.45,17.35,17.44,0.09,0.52,221645.0,3859477.2,90.0
4090,2016-07-12,17.24,17.4,17.24,17.35,0.05,0.29,116631.0,2020327.8,72.0
4090,2016-07-11,17.29,17.29,17.19,17.3,-0.05,-0.29,144781.0,2497415.9,96.0
4090,2016-07-10,17.29,17.45,17.29,17.35,0.06,0.35,110532.0,1917760.9,57.0
4090,2016-06-30,17.55,17.66,17.29,17.29,-0.26,-1.48,301679.0,5239946.2,162.0
4090,2016-06-29,17.55,17.66,17.55,17.55,-0.03,-0.17,152277.0,2676791.1,76.0
4090,2016-06-28,17.61,17.71,17.45,17.58,-0.05,-0.28,199845.0,3516715.1,122.0
4090,2016-06-27,17.55,17.71,17.45,17.63,0.06,0.34,188116.0,3315468.9,113.0
4090,2016-06-26,17.29,17.61,17.19,17.57,-0.19,-1.07,353973.0,6150332.0,167.0
4090,2016-06-23,17.82,17.82,17.71,17.76,0.1,0.57,100565.0,1784496.9,97.0
4090,2016-06-22,17.76,17.97,17.66,17.66,0.04,0.23,344513.0,6142803.1,155.0
4090,2016-06-21,17.71,17.82,17.61,17.62,-0.07,-0.4,335907.0,5947217.7,183.0
4090,2016-06-20,17.82,17.92,17.66,17.69,-0.1,-0.56,235196.0,4171274.7,129.0
4090,2016-06-19,17.71,17.97,17.5,17.79,0.24,1.37,263199.0,4677840.2,162.0
4090,2016-06-16,17.5,17.82,17.5,17.55,0.0,0.0,124305.0,2193974.7,100.0
4090,2016-06-15,17.55,17.61,17.55,17.55,-0.07,-0.4,41465.0,728867.7,39.0
4090,2016-06-14,17.61,17.66,17.55,17.62,-0.01,-0.06,67346.0,1184926.4,47.0
4090,2016-06-13,17.61,17.71,17.61,17.63,-0.07,-0.4,95159.0,1679172.0,64.0
4090,2016-06-12,17.71,17.87,17.61,17.7,-0.12,-0.67,198398.0,3512007.3,82.0
4090,2016-06-09,17.82,17.92,17.71,17.82,0.1,0.56,203009.0,3612509.4,106.0
4090,2016-06-08,17.71,18.13,17.71,17.72,0.18,1.03,690398.0,12334275.4,369.0
4090,2016-06-07,17.35,17.66,17.35,17.54,0.21,1.21,312001.0,5471550.4,178.0
4090,2016-06-06,17.29,17.35,17.24,17.33,0.1,0.58,61795.0,1068701.7,46.0
4090,2016-06-05,17.4,17.61,17.19,17.23,0.01,0.06,331409.0,5780134.9,200.0
4090,2016-06-02,17.35,17.45,17.19,17.22,-0.14,-0.81,143280.0,2473511.9,92.0
4090,2016-06-01,17.19,18.02,17.14,17.36,0.22,1.28,286268.0,5022931.6,256.0
4090,2016-05-31,17.09,17.19,16.93,17.14,0.11,0.65,77926.0,1333470.2,60.0
4090,2016-05-30,17.03,17.03,17.03,17.03,0.0,0.0,65970.0,1123795.5,57.0
4090,2016-05-29,16.98,17.09,16.88,17.03,-0.16,-0.93,116095.0,1971824.1,58.0
4090,2016-05-26,17.19,17.19,17.03,17.19,0.05,0.29,154189.0,2640853.5,95.0
4090,2016-05-25,17.19,17.24,17.03,17.14,0.02,0.12,180282.0,3089357.4,138.0
4090,2016-05-24,17.19,17.19,16.98,17.12,-0.07,-0.41,60610.0,1035854.2,54.0
4090,2016-05-23,17.61,17.61,17.14,17.19,-0.47,-2.66,218579.0,3774809.0,147.0
4090,2016-05-22,17.66,17.82,17.66,17.66,-0.09,-0.51,156552.0,2775397.8,90.0
4090,2016-05-19,17.76,18.08,17.71,17.75,-0.12,-0.67,545623.0,9742766.8,260.0
4090,2016-05-18,17.92,17.92,17.82,17.87,-0.05,-0.28,130861.0,2337370.3,83.0
4090,2016-05-17,17.97,18.08,17.92,17.92,-0.05,-0.28,198799.0,3576723.7,76.0
4090,2016-05-16,17.87,18.02,17.82,17.97,0.08,0.45,127083.0,2274292.3,88.0
4090,2016-05-15,18.08,18.13,17.87,17.89,-0.13,-0.72,157432.0,2833658.5,112.0
4090,2016-05-12,17.92,18.02,17.92,18.02,0.05,0.28,137791.0,2477467.8,106.0
4090,2016-05-11,18.08,18.13,17.92,17.97,0.07,0.39,117466.0,2112375.7,68.0
4090,2016-05-10,17.71,18.18,17.71,17.9,0.08,0.45,370144.0,6646186.6,251.0
4090,2016-05-09,18.23,18.23,17.76,17.82,-0.34,-1.87,485239.0,8714389.5,436.0
4090,2016-05-08,18.13,18.23,18.13,18.16,-0.02,-0.11,142172.0,2581999.7,69.0
4090,2016-05-05,18.13,18.23,18.13,18.18,0.06,0.33,87797.0,1594848.7,59.0
4090,2016-05-04,17.92,18.23,17.92,18.12,-0.13,-0.71,166285.0,3008462.0,70.0
4090,2016-05-03,18.39,18.6,18.23,18.25,-0.28,-1.51,223104.0,4104016.3,92.0
4090,2016-05-02,18.39,18.54,18.23,18.53,0.24,1.31,245179.0,4512393.0,120.0
4090,2016-05-01,18.75,18.75,18.23,18.29,-0.43,-2.3,373801.0,6920009.3,181.0
4090,2016-04-28,19.07,19.07,18.65,18.72,-0.16,-0.85,340660.0,6395049.3,166.0
4090,2016-04-27,18.86,19.38,18.54,18.88,0.23,1.23,1004927.0,19044696.5,509.0
4090,2016-04-26,18.08,19.64,17.87,18.65,0.57,3.15,1678069.0,31359222.0,832.0
4090,2016-04-25,17.76,18.23,17.71,18.08,0.26,1.46,974523.0,17520876.1,397.0
4090,2016-04-24,17.87,17.97,17.55,17.82,0.08,0.45,1334138.0,23744366.8,465.0
4090,2016-04-21,17.71,17.87,17.55,17.74,0.03,0.17,670690.0,11880150.6,192.0
4090,2016-04-20,17.66,17.71,17.61,17.71,0.06,0.34,287786.0,5091302.5,103.0
4090,2016-04-19,17.61,17.71,17.55,17.65,0.1,0.57,240817.0,4245860.5,145.0
4090,2016-04-18,17.4,17.55,17.4,17.55,0.07,0.4,184490.0,3230652.3,54.0
4090,2016-04-17,17.45,17.55,17.35,17.48,-0.08,-0.46,111808.0,1948253.3,68.0
4090,2016-04-14,17.45,17.66,17.45,17.56,0.05,0.29,332048.0,5831779.2,124.0
4090,2016-04-13,17.61,17.61,17.4,17.51,-0.04,-0.23,269415.0,4703872.3,135.0
4090,2016-04-12,17.61,17.66,17.45,17.55,0.0,0.0,252347.0,4434335.5,119.0
4090,2016-04-11,17.4,17.55,17.4,17.55,0.06,0.34,213200.0,3731079.8,127.0
4090,2016-04-10,17.5,17.61,17.4,17.49,0.06,0.34,172753.0,3021224.9,114.0
4090,2016-04-07,17.45,17.45,17.4,17.43,0.01,0.06,182985.0,3188540.4,83.0
4090,2016-04-06,17.4,17.45,17.35,17.42,0.09,0.52,90918.0,1581147.6,68.0
4090,2016-04-05,17.4,17.55,17.29,17.33,-0.17,-0.97,317203.0,5502843.1,148.0
4090,2016-04-04,17.5,17.61,17.5,17.5,0.0,0.0,102321.0,1794350.3,70.0
4090,2016-04-03,17.45,17.5,17.24,17.5,-0.05,-0.28,195355.0,3403146.0,65.0
4090,2016-03-31,17.55,17.61,17.45,17.55,0.02,0.11,148703.0,2604408.9,72.0
4090,2016-03-30,17.45,17.55,17.45,17.53,0.03,0.17,77910.0,1364384.9,49.0
4090,2016-03-29,17.55,17.55,17.4,17.5,-0.11,-0.62,161503.0,2823171.5,84.0
4090,2016-03-28,17.55,17.97,17.4,17.61,0.16,0.92,553413.0,9775536.9,234.0
4090,2016-03-27,17.5,17.61,17.4,17.45,-0.16,-0.91,95144.0,1663731.7,95.0
4090,2016-03-24,17.55,17.61,17.4,17.61,0.07,0.4,136446.0,2387824.3,76.0
4090,2016-03-23,17.66,17.76,17.5,17.54,-0.01,-0.06,316151.0,5579294.4,147.0
4090,2016-03-22,17.66,17.66,17.45,17.55,-0.06,-0.34,237989.0,4177532.8,129.0
4090,2016-03-21,17.71,17.82,17.55,17.61,-0.02,-0.11,379059.0,6698710.1,183.0
4090,2016-03-20,17.66,17.97,17.55,17.63,0.02,0.11,550535.0,9774301.9,242.0
4090,2016-03-17,17.66,17.82,17.55,17.61,0.11,0.63,364600.0,6443923.4,168.0
4090,2016-03-16,15.84,17.76,15.84,17.5,-0.05,-0.28,444503.0,7670529.7,236.0
4090,2016-03-15,17.5,17.61,17.5,17.55,-0.04,-0.23,55085.0,966024.4,63.0
4090,2016-03-14,17.5,17.61,17.5,17.59,-0.02,-0.11,72313.0,1270700.1,57.0
4090,2016-03-13,17.61,17.71,17.61,17.61,0.02,0.11,198004.0,3490571.8,91.0
4090,2016-03-10,17.76,17.82,17.55,17.59,-0.12,-0.68,102563.0,1813277.0,71.0
4090,2016-03-09,17.71,17.87,17.66,17.71,-0.01,-0.06,254733.0,4517342.0,146.0
4090,2016-03-08,17.76,17.97,17.71,17.72,-0.04,-0.23,310864.0,5536505.7,159.0
4090,2016-03-07,17.45,18.08,17.45,17.76,0.22,1.25,846879.0,15110748.9,488.0
4090,2016-03-06,17.45,17.71,17.45,17.54,0.19,1.1,368827.0,6488861.4,215.0
4090,2016-03-03,17.24,17.61,17.19,17.35,0.13,0.75,431200.0,7527673.5,216.0
4090,2016-03-02,17.29,17.29,17.14,17.22,0.02,0.12,188008.0,3236583.1,112.0
4090,2016-03-01,17.19,17.45,17.19,17.2,0.06,0.35,191016.0,3297190.3,134.0
4090,2016-02-29,17.4,17.4,17.09,17.14,-0.21,-1.21,273058.0,4708495.5,189.0
4090,2016-02-28,17.24,17.55,17.24,17.35,0.27,1.58,510792.0,8882428.1,372.0
4090,2016-02-25,17.19,17.66,16.98,17.08,0.05,0.29,821171.0,14199229.0,376.0
4090,2016-02-24,17.19,17.19,17.03,17.03,-0.26,-1.5,225863.0,3857440.8,106.0
4090,2016-02-23,17.29,17.35,17.19,17.29,0.0,0.0,36165.0,625133.1,40.0
4090,2016-02-22,17.24,17.29,17.19,17.29,0.13,0.76,178980.0,3083712.9,74.0
4090,2016-02-21,17.03,17.24,17.03,17.16,0.03,0.18,115556.0,1981741.9,90.0
4090,2016-02-18,17.29,17.45,16.98,17.13,0.31,1.84,216139.0,3712542.5,119.0
4090,2016-02-17,16.67,16.93,16.57,16.82,0.2,1.2,127997.0,2142419.7,81.0
4090,2016-02-16,16.67,16.98,16.41,16.62,0.19,1.16,253045.0,4209849.2,111.0
4090,2016-02-15,16.88,16.88,16.41,16.43,0.02,0.12,163692.0,2721534.4,88.0
4090,2016-02-14,17.24,17.24,16.41,16.41,-0.68,-3.98,241541.0,4090896.0,94.0
4090,2016-02-11,17.14,17.19,17.03,17.09,-0.1,-0.58,102870.0,1758038.5,74.0
4090,2016-02-10,17.29,17.4,17.14,17.19,-0.07,-0.41,504534.0,8693467.3,98.0
4090,2016-02-09,17.19,17.4,17.19,17.26,-0.11,-0.63,203360.0,3522708.1,98.0
4090,2016-02-08,17.24,17.45,17.19,17.37,0.17,0.99,289686.0,4998700.3,134.0
4090,2016-02-07,17.14,17.29,17.14,17.2,-0.01,-0.06,84034.0,1446821.8,67.0
4090,2016-02-04,17.19,17.45,17.19,17.21,-0.01,-0.06,278126.0,4814404.0,178.0
4090,2016-02-03,16.93,17.29,16.93,17.22,0.24,1.41,111382.0,1903683.0,82.0
4090,2016-02-02,17.19,17.35,16.98,16.98,-0.21,-1.22,300978.0,5146558.4,131.0
4090,2016-02-01,17.4,17.45,17.09,17.19,-0.21,-1.21,443023.0,7640520.6,190.0
4090,2016-01-31,17.45,17.71,17.35,17.4,0.08,0.46,376957.0,6624925.8,243.0
4090,2016-01-28,17.35,17.66,17.19,17.32,0.0,0.0,438589.0,7677528.5,186.0
4090,2016-01-27,17.09,17.35,17.09,17.32,0.54,3.22,153005.0,2636460.6,70.0
4090,2016-01-26,16.62,16.88,16.46,16.78,0.32,1.94,182217.0,3037992.0,103.0
4090,2016-01-25,16.93,16.93,16.41,16.46,-0.2,-1.2,188406.0,3107335.8,80.0
4090,2016-01-24,17.09,17.19,16.62,16.66,0.67,4.19,211659.0,3543798.8,103.0
4090,2016-01-21,15.58,16.46,15.58,15.99,0.41,2.63,137069.0,2191376.2,95.0
4090,2016-01-20,15.52,16.15,15.52,15.58,-0.62,-3.83,408911.0,6413270.1,152.0
4090,2016-01-19,16.1,16.46,15.58,16.2,0.84,5.47,387139.0,6201230.0,175.0
4090,2016-01-18,15.16,15.42,14.64,15.36,0.35,2.33,325523.0,4934397.6,150.0
4090,2016-01-17,14.33,15.16,14.33,15.01,-0.9,-5.66,2015682.0,29383242.5,424.0
4090,2016-01-14,17.09,17.09,15.78,15.91,-1.25,-7.28,304942.0,5007580.4,165.0
4090,2016-01-13,17.4,17.4,17.03,17.16,-0.13,-0.75,180906.0,3112079.2,128.0
4090,2016-01-12,17.29,17.45,16.72,17.29,-0.37,-2.1,220441.0,3818015.2,139.0
4090,2016-01-11,17.19,17.76,17.19,17.66,0.31,1.79,276475.0,4847596.5,173.0
4090,2016-01-10,17.87,17.87,17.35,17.35,-0.52,-2.91,453042.0,7931670.7,154.0
4090,2016-01-07,17.92,18.08,17.71,17.87,-0.62,-3.35,182103.0,3259925.4,165.0
4090,2016-01-06,19.38,19.48,18.39,18.49,-0.87,-4.49,280316.0,5294311.5,241.0
4090,2016-01-05,19.53,19.95,19.22,19.36,-0.15,-0.77,270564.0,5285833.3,237.0
4090,2016-01-04,19.53,20.16,19.27,19.51,-0.12,-0.61,867934.0,17048494.0,471.0
4090,2016-01-03,19.38,19.85,19.27,19.63,0.35,1.82,702062.0,13779740.4,414.0
4090,2015-12-31,18.54,19.53,18.34,19.28,0.83,4.5,1054900.0,20097952.9,664.0
4090,2015-12-30,18.34,18.54,18.34,18.45,0.1,0.54,386836.0,7122762.9,176.0
4090,2015-12-29,18.23,18.39,18.18,18.35,-0.12,-0.65,248436.0,4543757.6,111.0
4090,2015-12-28,18.34,18.65,18.34,18.47,0.02,0.11,197799.0,3666680.1,122.0
4090,2015-12-27,18.49,18.49,18.18,18.45,0.11,0.6,159497.0,2932112.7,129.0
4090,2015-12-24,18.39,18.6,18.28,18.34,-0.03,-0.16,148058.0,2728109.0,110.0
4090,2015-12-23,18.49,18.6,18.23,18.37,0.01,0.05,239848.0,4418068.4,128.0
4090,2015-12-22,18.18,18.49,18.18,18.36,0.21,1.16,312462.0,5732929.0,170.0
4090,2015-12-21,18.08,18.54,18.02,18.15,0.12,0.67,393064.0,7162960.3,240.0
4090,2015-12-20,18.91,18.91,17.97,18.03,-0.98,-5.16,727625.0,13382895.1,502.0
4090,2015-12-17,17.35,19.01,17.35,19.01,1.71,9.88,791176.0,14487555.7,385.0
4090,2015-12-16,17.35,17.61,17.24,17.3,0.08,0.46,179105.0,3111705.7,95.0
4090,2015-12-15,17.35,17.35,17.19,17.22,0.12,0.7,99542.0,1717683.6,70.0
4090,2015-12-14,17.35,17.45,17.09,17.1,-0.14,-0.81,127054.0,2190713.6,89.0
4090,2015-12-13,17.35,17.35,16.98,17.24,-0.47,-2.65,142961.0,2463378.6,99.0
4090,2015-12-10,17.87,17.87,17.61,17.71,-0.16,-0.9,169030.0,2994256.0,99.0
4090,2015-12-09,17.61,18.44,17.61,17.87,0.29,1.65,300268.0,5442267.4,250.0
4090,2015-12-08,17.71,17.71,17.45,17.58,-0.22,-1.24,72835.0,1275528.7,76.0
4090,2015-12-07,18.23,18.23,17.71,17.8,-0.48,-2.63,159225.0,2869607.5,99.0
4090,2015-12-06,18.18,18.49,18.18,18.28,0.06,0.33,156652.0,2862612.5,101.0
4090,2015-12-03,18.49,18.6,18.18,18.22,-0.34,-1.83,377203.0,6922989.6,197.0
4090,2015-12-02,18.65,19.07,18.49,18.56,-0.09,-0.48,432484.0,8115988.8,302.0
4090,2015-12-01,18.18,18.91,18.18,18.65,0.49,2.7,466265.0,8661753.1,282.0
4090,2015-11-30,18.23,18.39,17.97,18.16,-0.07,-0.38,217330.0,3950106.5,208.0
4090,2015-11-29,18.34,18.6,18.08,18.23,0.02,0.11,503192.0,9242285.9,343.0
4090,2015-11-26,17.76,18.75,17.66,18.21,0.5,2.82,1188367.0,21738872.2,667.0
4090,2015-11-25,17.66,17.87,17.61,17.71,0.05,0.28,129300.0,2297233.3,103.0
4090,2015-11-24,17.92,17.92,17.61,17.66,0.11,0.63,112689.0,1998976.6,94.0
4090,2015-11-23,17.76,17.82,17.5,17.55,-0.22,-1.24,429618.0,7576293.8,160.0
4090,2015-11-22,17.71,18.23,17.71,17.77,0.23,1.31,927667.0,16587428.7,345.0
4090,2015-11-19,17.45,17.87,17.29,17.54,0.17,0.98,445790.0,7834342.0,225.0
4090,2015-11-18,17.29,17.45,17.19,17.37,0.13,0.75,144453.0,2497642.8,64.0
4090,2015-11-17,17.29,17.29,17.19,17.24,0.0,0.0,167963.0,2891213.5,80.0
4090,2015-11-16,17.35,17.35,17.09,17.24,0.14,0.82,52089.0,895491.5,44.0
4090,2015-11-15,17.24,17.35,16.77,17.1,-0.35,-2.01,151256.0,2602377.9,87.0
4090,2015-11-12,17.5,17.55,17.4,17.45,-0.08,-0.46,125446.0,2193658.3,51.0
4090,2015-11-11,17.35,17.55,17.35,17.53,0.2,1.15,121510.0,2120778.9,76.0
4090,2015-11-10,17.35,17.4,17.24,17.33,-0.1,-0.57,383897.0,6648463.4,175.0
4090,2015-11-09,17.4,17.5,17.29,17.43,0.09,0.52,141654.0,2457420.2,110.0
4090,2015-11-08,17.29,17.4,17.24,17.34,-0.05,-0.29,134065.0,2316424.9,57.0
4090,2015-11-05,17.4,17.5,17.4,17.39,-0.11,-0.63,150893.0,2629457.3,123.0
4090,2015-11-04,17.4,17.61,17.24,17.5,0.15,0.86,104425.0,1812686.4,69.0
4090,2015-11-03,17.61,17.61,17.19,17.35,-0.27,-1.53,145134.0,2522740.6,77.0
4090,2015-11-02,16.93,17.71,16.93,17.62,0.43,2.5,284206.0,4975002.9,141.0
4090,2015-11-01,17.45,17.45,16.98,17.19,-0.4,-2.27,223459.0,3866954.5,84.0
4090,2015-10-29,17.66,17.71,17.4,17.59,0.06,0.34,158445.0,2791309.9,197.0
4090,2015-10-28,17.29,17.55,17.19,17.53,0.13,0.75,146631.0,2549323.0,106.0
4090,2015-10-27,17.66,17.71,17.35,17.4,-0.31,-1.75,309093.0,5443925.1,121.0
4090,2015-10-26,17.66,17.71,17.5,17.71,0.05,0.28,202227.0,3562085.3,127.0
4090,2015-10-25,17.82,17.82,17.5,17.66,-0.1,-0.56,234131.0,4126591.3,104.0
4090,2015-10-22,17.61,17.76,17.45,17.76,0.03,0.17,259325.0,4569277.2,92.0
4090,2015-10-21,17.92,17.92,17.55,17.73,-0.25,-1.39,242287.0,4282261.7,132.0
4090,2015-10-20,18.23,18.6,17.97,17.98,-0.4,-2.18,416837.0,7616737.8,166.0
4090,2015-10-19,18.54,18.54,18.28,18.38,-0.21,-1.13,336490.0,6205871.2,138.0
4090,2015-10-18,18.6,18.65,18.54,18.59,0.04,0.22,138828.0,2582721.1,91.0
4090,2015-10-15,18.7,18.75,18.54,18.55,-0.2,-1.07,282776.0,5275431.6,118.0
4090,2015-10-14,18.7,18.75,18.65,18.75,-0.04,-0.21,157608.0,2949180.6,120.0
4090,2015-10-13,18.81,18.91,18.7,18.79,-0.07,-0.37,313915.0,5894963.6,140.0
4090,2015-10-12,18.75,18.96,18.7,18.86,0.21,1.13,741227.0,13964150.3,363.0
4090,2015-10-11,18.6,18.75,18.6,18.65,0.11,0.59,608017.0,11366012.3,256.0
4090,2015-10-08,18.75,18.75,18.44,18.54,-0.21,-1.12,468064.0,8682435.0,243.0
4090,2015-10-07,18.39,19.01,18.39,18.75,0.38,2.07,802809.0,15020212.0,474.0
4090,2015-10-06,18.39,18.44,18.23,18.37,0.03,0.16,193946.0,3557239.2,112.0
4090,2015-10-05,18.39,18.39,18.28,18.34,-0.02,-0.11,131188.0,2407788.7,78.0
4090,2015-10-04,18.23,18.44,18.18,18.36,0.13,0.71,378735.0,6920060.7,118.0
4090,2015-10-01,18.49,18.49,18.18,18.23,-0.33,-1.78,446047.0,8150340.7,248.0
4090,2015-09-30,18.49,18.6,18.34,18.56,0.28,1.53,326349.0,6023255.9,161.0
4090,2015-09-29,18.28,18.44,18.23,18.28,-0.04,-0.22,638970.0,11692635.2,261.0
4090,2015-09-21,18.18,18.44,18.08,18.32,0.25,1.38,413499.0,7554249.3,208.0
4090,2015-09-20,18.02,18.13,17.87,18.07,0.12,0.67,174991.0,3150107.7,86.0
4090,2015-09-17,17.92,18.02,17.92,17.95,-0.04,-0.22,178527.0,3206792.4,125.0
4090,2015-09-16,18.08,18.08,17.87,17.99,0.02,0.11,330315.0,5920591.3,143.0
4090,2015-09-15,17.92,18.08,17.61,17.97,0.01,0.06,146271.0,2616960.4,94.0
4090,2015-09-14,18.23,18.23,17.82,17.96,-0.35,-1.91,292754.0,5270922.6,133.0
4090,2015-09-13,18.23,18.44,18.23,18.31,0.05,0.27,274734.0,5033411.8,165.0
4090,2015-09-10,18.02,18.34,17.97,18.26,0.0,0.0,290022.0,5272050.5,178.0
4090,2015-09-09,18.13,18.44,18.08,18.26,0.36,2.01,740567.0,13487131.6,296.0
4090,2015-09-08,17.76,17.92,17.55,17.9,0.15,0.85,242299.0,4291998.6,127.0
4090,2015-09-07,17.71,17.97,17.61,17.75,0.13,0.74,225352.0,4006902.4,147.0
4090,2015-09-06,17.61,17.71,17.45,17.62,0.07,0.4,229658.0,4045834.9,137.0
4090,2015-09-03,17.71,17.71,17.5,17.55,0.0,0.0,157533.0,2777914.6,112.0
4090,2015-09-02,17.61,17.71,17.45,17.55,-0.25,-1.4,573539.0,10070644.3,249.0
4090,2015-09-01,18.08,18.13,17.55,17.8,-0.13,-0.73,340790.0,6057454.6,199.0
4090,2015-08-31,17.71,18.02,17.5,17.93,-0.13,-0.72,299103.0,5312503.7,192.0
4090,2015-08-30,18.7,18.86,17.97,18.06,0.1,0.56,861682.0,15910082.0,305.0
4090,2015-08-27,18.02,18.49,17.87,17.96,0.38,2.16,900805.0,16363389.0,392.0
4090,2015-08-26,17.45,17.82,16.98,17.58,-0.12,-0.68,753615.0,13258050.6,344.0
4090,2015-08-25,16.72,17.76,16.57,17.7,1.23,7.47,1367569.0,23422052.4,535.0
4090,2015-08-24,18.23,18.28,16.46,16.47,-1.78,-9.75,1438673.0,24458470.6,684.0
4090,2015-08-23,18.23,18.75,17.76,18.25,-1.39,-7.08,592907.0,10905450.1,320.0
4090,2015-08-20,18.49,19.79,18.44,19.64,0.24,1.24,586063.0,11258365.8,298.0
4090,2015-08-19,20.0,20.32,19.27,19.4,-0.72,-3.58,268583.0,5359161.5,165.0
4090,2015-08-18,20.63,20.73,19.85,20.12,-0.84,-4.01,411160.0,8361334.0,176.0
4090,2015-08-17,20.94,21.25,20.63,20.96,-0.24,-1.13,332618.0,6964743.1,152.0
4090,2015-08-16,21.67,21.77,20.21,21.2,-0.55,-2.53,599407.0,12747372.8,253.0
4090,2015-08-13,21.72,21.88,21.57,21.75,0.0,0.0,189427.0,4118957.7,142.0
4090,2015-08-12,21.41,21.77,21.2,21.75,0.26,1.21,603567.0,12996812.9,327.0
4090,2015-08-11,21.57,21.67,21.36,21.49,-0.07,-0.32,689135.0,14801649.6,292.0
4090,2015-08-10,21.25,21.67,21.25,21.56,0.34,1.6,711467.0,15278321.2,319.0
4090,2015-08-09,20.89,21.36,20.89,21.22,-0.15,-0.7,462585.0,9792714.2,186.0
4090,2015-08-06,21.83,21.83,21.36,21.37,-0.52,-2.38,368021.0,7927117.7,170.0
4090,2015-08-05,21.88,21.98,21.83,21.89,0.02,0.09,157650.0,3449255.1,97.0
4090,2015-08-04,21.83,21.88,21.62,21.87,0.04,0.18,142867.0,3109864.9,86.0
4090,2015-08-03,21.67,21.88,21.46,21.83,0.0,0.0,231793.0,5020188.5,156.0
4090,2015-08-02,22.56,22.56,21.62,21.83,-0.85,-3.75,439451.0,9692906.9,266.0
4090,2015-07-30,22.71,22.76,22.66,22.68,-0.06,-0.26,213941.0,4853011.6,147.0
4090,2015-07-29,22.82,22.82,22.71,22.74,-0.03,-0.13,207676.0,4725424.8,116.0
4090,2015-07-28,22.71,22.87,22.66,22.77,0.1,0.44,344378.0,7845184.8,167.0
4090,2015-07-27,23.02,23.02,22.66,22.67,-0.4,-1.73,990810.0,22602348.5,397.0
4090,2015-07-26,22.97,23.29,22.82,23.07,0.2,0.87,1971864.0,45501951.8,907.0
4090,2015-07-23,22.76,22.92,22.66,22.87,0.11,0.48,573034.0,13054720.3,224.0
4090,2015-07-22,22.92,22.92,22.71,22.76,-0.08,-0.35,328825.0,7498289.6,154.0
4090,2015-07-15,22.76,22.92,22.71,22.84,0.04,0.18,316453.0,7225552.4,138.0
4090,2015-07-14,22.82,22.97,22.76,22.8,0.03,0.13,370014.0,8453587.0,163.0
4090,2015-07-13,22.87,22.92,22.71,22.77,-0.05,-0.22,315760.0,7203360.8,179.0
4090,2015-07-12,23.02,23.18,22.76,22.82,-0.17,-0.74,1153509.0,26486588.0,434.0
4090,2015-07-09,22.71,23.18,22.66,22.99,0.27,1.19,2283431.0,52401334.7,783.0
4090,2015-07-08,22.71,22.76,22.66,22.72,-0.04,-0.18,172371.0,3912166.0,93.0
4090,2015-07-07,22.76,22.82,22.66,22.76,-0.02,-0.09,263540.0,5982723.4,112.0
4090,2015-07-06,22.92,22.92,22.76,22.78,-0.19,-0.83,359523.0,8204380.3,148.0
4090,2015-07-05,22.82,23.02,22.82,22.97,0.0,0.0,427213.0,9803403.6,149.0
4090,2015-07-02,22.82,23.08,22.82,22.97,0.05,0.22,433473.0,9944913.6,200.0
4090,2015-07-01,22.92,23.08,22.71,22.92,-0.13,-0.56,636797.0,14574175.6,206.0
4090,2015-06-30,22.92,23.13,22.66,23.05,0.15,0.66,794409.0,18195074.9,303.0
4090,2015-06-29,22.76,22.92,22.66,22.9,-0.02,-0.09,856699.0,19483035.9,240.0
4090,2015-06-28,22.92,22.92,22.71,22.92,0.0,0.0,463990.0,10594771.9,186.0
4090,2015-06-25,22.87,22.97,22.76,22.92,0.11,0.48,281854.0,6451966.9,129.0
4090,2015-06-24,22.82,22.82,22.71,22.81,0.08,0.35,209885.0,4779350.9,75.0
4090,2015-06-23,22.71,22.82,22.66,22.73,0.0,0.0,237868.0,5409173.4,101.0
4090,2015-06-22,22.76,22.76,22.61,22.73,-0.01,-0.04,308664.0,7004223.0,106.0
4090,2015-06-21,22.92,22.92,22.66,22.74,-0.17,-0.74,473859.0,10799676.7,173.0
4090,2015-06-18,22.92,23.02,22.82,22.91,-0.04,-0.17,440468.0,10099676.4,171.0
4090,2015-06-17,22.82,22.97,22.82,22.95,0.13,0.57,305184.0,6986872.8,184.0
4090,2015-06-16,22.76,22.97,22.76,22.82,0.03,0.13,254474.0,5809590.2,105.0
4090,2015-06-15,22.87,22.92,22.76,22.79,-0.07,-0.31,359365.0,8201307.5,145.0
4090,2015-06-14,22.71,22.97,22.71,22.86,0.16,0.7,413969.0,9457030.3,188.0
4090,2015-06-11,22.71,22.76,22.61,22.7,0.07,0.31,303067.0,6872639.5,154.0
4090,2015-06-10,22.66,22.87,22.56,22.63,-0.08,-0.35,678500.0,15404074.1,335.0
4090,2015-06-09,22.92,22.92,22.61,22.71,-0.26,-1.13,458636.0,10422278.0,219.0
4090,2015-06-08,23.08,23.08,22.92,22.97,-0.08,-0.35,349627.0,8036877.3,137.0
4090,2015-06-07,22.71,23.08,22.71,23.05,0.18,0.79,1130525.0,25941303.2,426.0
4090,2015-06-04,22.71,22.92,22.66,22.87,0.2,0.88,339646.0,7731714.7,182.0
4090,2015-06-03,22.76,22.82,22.66,22.67,-0.03,-0.13,209877.0,4765273.9,176.0
4090,2015-06-02,22.82,22.82,22.66,22.7,-0.02,-0.09,319294.0,7264875.5,181.0
4090,2015-06-01,22.71,22.92,22.61,22.72,-0.05,-0.22,732541.0,16637056.3,298.0
4090,2015-05-31,22.92,22.92,22.76,22.77,-0.16,-0.7,587946.0,13430108.7,262.0
4090,2015-05-28,22.92,23.02,22.82,22.93,0.01,0.04,678989.0,15545474.8,244.0
4090,2015-05-27,23.08,23.29,22.87,22.92,-0.16,-0.69,1454193.0,33579728.3,612.0
4090,2015-05-26,23.18,23.18,22.87,23.08,-0.01,-0.04,1366062.0,31400340.2,480.0
4090,2015-05-25,22.82,23.18,22.82,23.09,0.22,0.96,949014.0,21850933.6,381.0
4090,2015-05-24,22.82,22.92,22.71,22.87,-0.02,-0.09,613388.0,14007110.1,318.0
4090,2015-05-21,22.92,22.92,22.71,22.89,-0.03,-0.13,712442.0,16281141.2,311.0
4090,2015-05-20,23.02,23.08,22.87,22.92,-0.1,-0.43,864556.0,19848920.8,422.0
4090,2015-05-19,23.08,23.13,22.92,23.02,-0.06,-0.26,930319.0,21441991.7,387.0
4090,2015-05-18,23.23,23.23,23.02,23.08,-0.13,-0.56,585829.0,13533233.3,270.0
4090,2015-05-17,23.08,23.29,23.08,23.21,0.2,0.87,828692.0,19215016.7,321.0
4090,2015-05-14,22.92,23.08,22.92,23.01,0.09,0.39,576042.0,13232903.4,254.0
4090,2015-05-13,23.13,23.13,22.87,22.92,-0.06,-0.26,436903.0,10025256.2,232.0
4090,2015-05-12,22.76,23.13,22.56,22.98,0.02,0.09,868405.0,19849960.4,368.0
4090,2015-05-11,23.39,23.44,22.92,22.96,-0.48,-2.05,814813.0,18893904.5,376.0
4090,2015-05-10,23.23,23.65,23.23,23.44,0.13,0.56,903514.0,21164248.9,353.0
4090,2015-05-07,23.44,23.55,23.18,23.31,-0.16,-0.68,669857.0,15604175.4,424.0
4090,2015-05-06,23.6,23.65,23.39,23.47,-0.17,-0.72,1217225.0,28602771.2,589.0
4090,2015-05-05,23.96,24.01,23.44,23.64,-0.17,-0.71,1429343.0,34018420.2,673.0
4090,2015-05-04,23.91,24.07,23.7,23.81,-0.15,-0.63,1492362.0,35554499.4,677.0
4090,2015-05-03,24.59,24.69,23.75,23.96,-0.48,-1.96,3456336.0,83923489.3,1374.0
4090,2015-04-30,24.33,24.59,24.07,24.44,0.27,1.12,3891266.0,94755202.7,1463.0
4090,2015-04-29,24.07,24.38,23.81,24.17,0.25,1.05,3940197.0,95007737.4,1205.0
4090,2015-04-28,23.86,24.17,23.75,23.92,0.22,0.93,4630576.0,111052466.2,1634.0
4090,2015-04-27,23.44,23.91,23.23,23.7,0.32,1.37,3937567.0,92428704.2,1218.0
4090,2015-04-26,23.44,23.55,23.18,23.38,0.17,0.73,4063257.0,95087282.2,1289.0
4090,2015-04-23,23.13,23.55,23.08,23.21,0.19,0.83,4128031.0,96247371.7,1406.0
4090,2015-04-22,22.82,23.23,22.71,23.02,0.45,1.99,5934358.0,136131696.3,1868.0
4090,2015-04-21,22.61,22.71,22.4,22.57,-0.03,-0.13,1780692.0,40148740.4,678.0
4090,2015-04-20,22.92,22.97,22.4,22.6,-0.24,-1.05,2518456.0,57137823.7,1012.0
4090,2015-04-19,22.92,23.18,22.71,22.84,0.18,0.79,7834924.0,180104241.7,2457.0
4090,2015-04-16,22.66,22.87,22.5,22.66,0.09,0.4,4285560.0,97197647.2,1296.0
4090,2015-04-15,22.66,22.82,22.5,22.57,0.14,0.62,3002605.0,67924945.1,1083.0
4090,2015-04-14,22.5,22.87,22.35,22.43,0.03,0.13,4962952.0,112274191.7,1869.0
4090,2015-04-13,22.45,22.71,22.3,22.4,-0.25,-1.1,2663377.0,60026548.4,1090.0
4090,2015-04-12,22.56,23.29,22.45,22.65,0.05,0.22,8074108.0,184779286.8,2891.0
4090,2015-04-09,22.14,22.92,22.03,22.6,0.45,2.03,7046144.0,158715501.9,2299.0
4090,2015-04-08,22.45,22.82,22.09,22.15,-0.14,-0.63,6342798.0,142169955.8,2805.0
4090,2015-04-07,21.2,22.5,21.2,22.29,1.33,6.35,5172309.0,113384468.2,2117.0
4090,2015-04-06,21.05,21.2,20.73,20.96,0.11,0.53,2376257.0,49837684.3,928.0
4090,2015-04-05,21.57,21.72,20.37,20.85,-0.74,-3.43,3487646.0,73128823.6,1720.0
4090,2015-04-02,22.5,22.56,21.1,21.59,-0.69,-3.1,4617810.0,101157608.1,1907.0
4090,2015-04-01,22.4,22.61,22.09,22.28,0.01,0.04,3135560.0,69915462.9,1420.0
4090,2015-03-31,23.18,23.6,22.14,22.27,-1.04,-4.46,6899521.0,156498937.7,2995.0
4090,2015-03-30,23.96,24.27,23.02,23.31,-0.63,-2.63,5680067.0,135931615.6,1711.0
4090,2015-03-29,23.55,24.17,23.29,23.94,1.1,4.82,5081560.0,121211467.7,2069.0
4090,2015-03-26,21.88,23.08,21.77,22.84,0.17,0.75,6060072.0,136006613.5,2502.0
4090,2015-03-25,25.0,25.42,22.61,22.67,-2.41,-9.61,10185947.0,239811096.4,3903.0
4090,2015-03-24,26.05,26.18,24.54,25.08,-1.66,-6.21,12850347.0,323670345.65,5203.0
4090,2015-03-23,26.83,28.13,26.31,26.74,-0.11,-0.41,16046009.0,439385956.75,5658.0
4090,2015-03-22,24.95,26.96,24.64,26.85,2.24,9.1,19358859.0,501070333.4,5598.0
4090,2015-03-19,24.8,24.9,24.38,24.61,0.14,0.57,7893440.0,194662206.9,2452.0
4090,2015-03-18,24.9,24.95,22.92,24.47,-0.51,-2.04,7474448.0,181286387.5,3128.0
4090,2015-03-17,24.85,25.68,24.74,24.98,0.22,0.89,12772759.0,321281980.5,3897.0
4090,2015-03-16,24.85,25.52,24.38,24.76,-0.1,-0.4,10741647.0,269570792.4,4121.0
4090,2015-03-15,24.22,25.16,24.17,24.86,0.96,4.02,13006138.0,321784163.3,5110.0
4090,2015-03-12,23.86,24.17,23.81,23.9,0.11,0.46,4863534.0,116522304.6,1495.0
4090,2015-03-11,23.6,23.91,23.49,23.79,0.17,0.72,2658244.0,63171896.0,745.0
4090,2015-03-10,23.6,23.91,23.49,23.62,-0.13,-0.55,1965819.0,46530385.5,668.0
4090,2015-03-09,23.96,24.01,23.7,23.75,-0.21,-0.88,2395087.0,57111924.9,674.0
4090,2015-03-08,23.91,24.01,23.7,23.96,0.01,0.04,2385228.0,57024586.6,722.0
4090,2015-03-05,24.07,24.12,23.86,23.95,-0.01,-0.04,1999920.0,48004695.7,570.0
4090,2015-03-04,24.12,24.27,23.75,23.96,-0.01,-0.04,2776792.0,66834897.3,1098.0
4090,2015-03-03,23.7,24.17,23.6,23.97,0.34,1.44,4822007.0,115412450.2,1876.0
4090,2015-03-02,23.55,23.86,23.34,23.63,0.15,0.64,5802447.0,136873216.1,1509.0
4090,2015-03-01,22.92,23.55,22.87,23.48,0.71,3.12,4154357.0,96622580.6,1098.0
4090,2015-02-26,23.08,23.08,22.71,22.77,-0.13,-0.57,782199.0,17895789.9,278.0
4090,2015-02-25,22.92,23.02,22.71,22.9,0.01,0.04,731416.0,16710812.0,271.0
4090,2015-02-24,22.71,22.92,22.71,22.89,0.07,0.31,699311.0,15974288.1,283.0
4090,2015-02-23,23.23,23.23,22.76,22.82,-0.32,-1.38,873776.0,20089065.7,471.0
4090,2015-02-22,23.23,23.49,23.08,23.14,0.0,0.0,2100872.0,48949456.2,799.0
4090,2015-02-19,23.23,23.34,23.08,23.14,-0.21,-0.9,756871.0,17559441.9,413.0
4090,2015-02-18,23.44,23.81,23.18,23.35,-0.09,-0.38,1694937.0,39644607.5,890.0
4090,2015-02-17,23.18,24.22,22.97,23.44,0.54,2.36,6280262.0,148379627.0,2749.0
4090,2015-02-16,23.08,23.18,22.82,22.9,-0.11,-0.48,1721464.0,39587650.0,535.0
4090,2015-02-15,23.02,23.29,22.66,23.01,0.4,1.77,1381468.0,31883870.5,637.0
4090,2015-02-12,22.4,23.13,22.4,22.61,0.11,0.49,1022373.0,23378037.4,475.0
4090,2015-02-11,22.87,22.87,22.45,22.5,-0.37,-1.62,288563.0,6525605.9,179.0
4090,2015-02-10,22.92,23.08,22.82,22.87,-0.1,-0.44,295776.0,6789419.0,178.0
4090,2015-02-09,23.08,23.18,22.92,22.97,-0.11,-0.48,428069.0,9876292.3,233.0
4090,2015-02-08,22.97,23.13,22.82,23.08,0.2,0.87,955559.0,21990601.4,384.0
4090,2015-02-05,23.08,23.44,22.87,22.88,-0.29,-1.25,556172.0,12809261.2,293.0
4090,2015-02-04,23.23,23.34,22.92,23.17,0.17,0.74,1336948.0,30906271.1,510.0
4090,2015-02-03,22.35,23.39,22.19,23.0,0.84,3.79,2067163.0,47061440.7,772.0
4090,2015-02-02,21.83,22.24,21.77,22.16,0.32,1.47,871651.0,19231489.2,395.0
4090,2015-02-01,22.09,22.24,21.83,21.84,0.21,0.97,1220132.0,26826274.0,509.0
4090,2015-01-29,21.46,21.72,21.46,21.63,0.17,0.79,857756.0,18492639.8,446.0
4090,2015-01-28,21.31,21.57,21.25,21.46,0.15,0.7,1166947.0,24977554.4,563.0
4090,2015-01-27,21.31,21.46,21.15,21.31,0.04,0.19,505152.0,10774376.7,249.0
4090,2015-01-26,21.25,21.31,21.05,21.27,0.07,0.33,239007.0,5068372.9,162.0
4090,2015-01-22,21.1,21.25,20.94,21.2,0.04,0.19,188158.0,3971933.3,130.0
4090,2015-01-21,21.36,21.41,21.1,21.16,-0.16,-0.75,242216.0,5150189.1,139.0
4090,2015-01-20,21.51,21.51,21.15,21.32,-0.25,-1.16,228308.0,4862135.9,147.0
4090,2015-01-19,21.62,21.67,21.51,21.57,0.05,0.23,138141.0,2981736.0,70.0
4090,2015-01-18,21.46,21.67,21.46,21.52,0.06,0.28,357432.0,7697779.4,170.0
4090,2015-01-15,21.93,21.98,21.41,21.46,-0.36,-1.65,394031.0,8570577.6,294.0
4090,2015-01-14,22.09,22.14,21.77,21.82,0.26,1.21,1222130.0,26807048.4,422.0
4090,2015-01-13,21.25,21.57,21.15,21.56,-0.01,-0.05,236340.0,5072792.8,126.0
4090,2015-01-12,21.51,21.67,21.46,21.57,0.0,0.0,225003.0,4859209.9,92.0
4090,2015-01-11,21.57,21.67,21.2,21.57,0.09,0.42,464144.0,9983356.4,217.0
4090,2015-01-08,21.36,21.77,21.36,21.48,0.28,1.32,523510.0,11261827.7,265.0
4090,2015-01-07,21.1,21.36,20.89,21.2,0.23,1.1,473863.0,10022520.3,290.0
4090,2015-01-06,20.58,21.05,20.58,20.97,-0.23,-1.08,317641.0,6608435.1,189.0
4090,2015-01-05,21.2,21.36,21.15,21.2,-0.05,-0.24,235069.0,5001234.0,182.0
4090,2015-01-04,20.99,21.51,20.99,21.25,0.07,0.33,399201.0,8498508.9,184.0
4090,2015-01-01,21.36,21.41,20.99,21.18,-0.02,-0.09,560222.0,11879793.9,271.0
4090,2014-12-31,22.24,22.4,20.58,21.2,-0.67,-3.06,1033170.0,22128090.4,416.0
4090,2014-12-30,21.88,22.45,21.46,21.87,-0.63,-2.8,1309363.0,28968513.1,536.0
4090,2014-12-29,21.77,22.71,21.77,22.5,0.72,3.31,1103221.0,24718480.6,499.0
4090,2014-12-28,21.72,22.09,21.41,21.78,0.19,0.88,471356.0,10259470.0,268.0
4090,2014-12-25,20.84,21.62,20.78,21.59,0.66,3.15,806409.0,17118139.4,354.0
4090,2014-12-24,20.58,21.1,20.52,20.93,0.5,2.45,769727.0,15997498.7,303.0
4090,2014-12-23,20.37,20.58,20.06,20.43,0.01,0.05,291850.0,5955049.1,161.0
4090,2014-12-22,19.74,20.84,19.74,20.42,0.26,1.29,1196508.0,24376731.7,341.0
4090,2014-12-21,19.01,20.21,19.01,20.16,1.77,9.62,1718548.0,33744773.4,502.0
4090,2014-12-18,17.55,18.44,17.55,18.39,1.62,9.66,1100990.0,20038580.7,329.0
4090,2014-12-17,16.3,17.03,15.11,16.77,0.73,4.55,657621.0,10763633.5,296.0
4090,2014-12-16,17.55,17.55,16.04,16.04,-1.76,-9.89,1047746.0,16993271.3,374.0
4090,2014-12-15,18.49,18.7,17.55,17.8,-0.42,-2.31,759167.0,13930797.8,271.0
4090,2014-12-14,18.54,18.86,18.08,18.22,-1.25,-6.42,681226.0,12623756.8,277.0
4090,2014-12-11,19.64,19.64,18.65,19.47,-0.4,-2.01,533139.0,10265349.6,277.0
4090,2014-12-10,20.26,20.32,19.85,19.87,-0.44,-2.17,261839.0,5236983.2,166.0
4090,2014-12-09,20.37,20.37,19.9,20.31,-0.24,-1.17,230936.0,4636422.5,178.0
4090,2014-12-08,20.78,20.84,20.52,20.55,-0.23,-1.11,267295.0,5531042.6,187.0
4090,2014-12-07,20.84,20.99,20.73,20.78,-0.2,-0.95,271075.0,5643451.5,156.0
4090,2014-12-04,20.78,21.05,20.78,20.98,0.2,0.96,209119.0,4381029.7,134.0
4090,2014-12-03,20.63,20.78,20.63,20.78,0.1,0.48,231029.0,4785822.7,112.0
4090,2014-12-02,20.89,20.99,20.63,20.68,0.08,0.39,240573.0,5004450.0,169.0
4090,2014-12-01,20.26,20.94,20.16,20.6,0.45,2.23,266314.0,5462199.5,197.0
4090,2014-11-30,19.27,20.26,19.27,20.15,-0.83,-3.96,375529.0,7493588.0,249.0
4090,2014-11-27,19.95,20.99,19.95,20.98,-0.05,-0.24,294012.0,6105647.8,190.0
4090,2014-11-26,21.36,21.36,20.84,21.03,-0.38,-1.77,353612.0,7448731.0,218.0
4090,2014-11-25,21.77,21.83,21.36,21.41,-0.48,-2.19,390082.0,8382359.2,202.0
4090,2014-11-24,22.14,22.14,21.88,21.89,-0.25,-1.13,386909.0,8501316.0,184.0
4090,2014-11-23,22.19,22.3,22.03,22.14,0.2,0.91,333079.0,7381770.2,192.0
4090,2014-11-20,21.98,22.09,21.88,21.94,0.11,0.5,199406.0,4378164.2,140.0
4090,2014-11-19,21.77,21.88,21.46,21.83,0.16,0.74,573330.0,12415015.0,292.0
4090,2014-11-18,21.67,21.83,21.62,21.67,0.08,0.37,468571.0,10158526.5,259.0
4090,2014-11-17,22.14,22.14,21.46,21.59,-0.58,-2.62,491190.0,10659355.3,271.0
4090,2014-11-16,22.4,22.4,22.14,22.17,-0.23,-1.03,240957.0,5362675.7,128.0
4090,2014-11-13,21.98,22.45,21.98,22.4,-0.06,-0.27,393636.0,8799663.0,161.0
4090,2014-11-12,22.24,22.5,22.24,22.46,0.36,1.63,439505.0,9828394.8,220.0
4090,2014-11-11,22.56,22.66,22.09,22.1,-0.52,-2.3,855625.0,19117699.2,320.0
4090,2014-11-10,22.66,22.71,22.56,22.62,0.05,0.22,401662.0,9083848.9,147.0
4090,2014-11-09,22.71,22.76,22.5,22.57,-0.04,-0.18,442693.0,10003041.0,168.0
4090,2014-11-06,22.24,22.66,22.24,22.61,0.5,2.26,589434.0,13234406.4,268.0
4090,2014-11-05,22.19,22.35,21.77,22.11,-0.2,-0.9,607746.0,13362112.6,343.0
4090,2014-11-04,22.76,22.87,22.14,22.31,-0.67,-2.92,774302.0,17410303.5,402.0
4090,2014-11-03,22.87,23.02,22.87,22.98,0.16,0.7,559030.0,12833123.5,317.0
4090,2014-11-02,22.92,23.13,22.76,22.82,0.29,1.29,590513.0,13556599.3,258.0
4090,2014-10-30,22.82,22.82,22.45,22.53,-0.33,-1.44,886306.0,20034951.4,381.0
4090,2014-10-29,23.13,23.29,22.82,22.86,-0.29,-1.25,999636.0,23052816.6,407.0
4090,2014-10-28,23.34,23.34,23.02,23.15,-0.19,-0.81,755235.0,17475185.7,381.0
4090,2014-10-27,23.55,23.6,23.18,23.34,-0.17,-0.72,1051289.0,24601709.5,483.0
4090,2014-10-26,23.49,23.65,23.34,23.51,-0.01,-0.04,1145245.0,26925697.2,580.0
4090,2014-10-23,24.27,24.43,23.39,23.52,0.49,2.13,6044619.0,145164852.4,2516.0
4090,2014-10-22,22.97,23.13,22.76,23.03,0.11,0.48,516165.0,11839729.9,213.0
4090,2014-10-21,22.5,22.97,22.5,22.92,0.51,2.28,512364.0,11713889.3,245.0
4090,2014-10-20,21.98,22.82,21.88,22.41,0.63,2.89,713340.0,15859026.4,343.0
4090,2014-10-19,21.83,22.19,21.51,21.78,0.73,3.47,590467.0,12833747.3,281.0
4090,2014-10-16,21.88,22.14,20.0,21.05,-1.16,-5.22,1049493.0,22198524.4,446.0
4090,2014-10-15,22.92,22.97,22.03,22.21,-0.77,-3.35,897995.0,20358461.4,281.0
4090,2014-10-14,22.97,23.08,22.76,22.98,-0.27,-1.16,608625.0,13948185.7,261.0
4090,2014-10-13,22.92,23.34,22.71,23.25,0.43,1.88,1188593.0,27364805.7,391.0
4090,2014-10-12,23.7,24.01,22.5,22.82,-1.14,-4.76,1391777.0,32705757.4,652.0
4090,2014-10-02,23.75,24.01,23.7,23.96,0.06,0.25,600038.0,14329024.4,212.0
4090,2014-10-01,23.91,23.96,23.86,23.9,-0.21,-0.87,306534.0,7326715.0,206.0
4090,2014-09-30,24.12,24.22,24.01,24.11,0.02,0.08,571151.0,13784627.9,224.0
4090,2014-09-29,23.96,24.12,23.91,24.09,0.03,0.12,412495.0,9903575.4,226.0
4090,2014-09-28,23.91,24.12,23.81,24.06,0.12,0.5,428376.0,10251505.1,250.0
4090,2014-09-25,24.01,24.12,23.75,23.94,-0.07,-0.29,360579.0,8645659.4,205.0
4090,2014-09-24,24.22,24.22,23.7,24.01,-0.2,-0.83,807802.0,19361286.6,419.0
4090,2014-09-22,24.38,24.38,23.96,24.21,-0.15,-0.62,1057887.0,25621870.8,379.0
4090,2014-09-21,24.54,24.54,24.33,24.36,-0.17,-0.69,763534.0,18672932.0,254.0
4090,2014-09-18,24.48,24.64,24.43,24.53,-0.01,-0.04,685027.0,16796618.0,309.0
4090,2014-09-17,24.48,24.59,24.43,24.54,-0.02,-0.08,969666.0,23755464.2,343.0
4090,2014-09-16,24.43,24.69,24.38,24.56,0.14,0.57,1390402.0,34114082.7,457.0
4090,2014-09-15,24.54,24.59,24.33,24.42,-0.13,-0.53,1282447.0,31339125.2,619.0
4090,2014-09-14,24.48,25.16,24.43,24.55,0.07,0.29,7811882.0,194105327.2,1971.0
4090,2014-09-11,24.48,24.59,24.33,24.48,-0.05,-0.2,873267.0,21397447.8,317.0
4090,2014-09-10,24.54,24.64,24.48,24.53,-0.08,-0.33,947753.0,23249628.7,340.0
4090,2014-09-09,24.69,24.69,24.48,24.61,-0.05,-0.2,1657997.0,40736314.3,416.0
4090,2014-09-08,24.69,24.74,24.59,24.66,0.0,0.0,646378.0,15932906.6,289.0
4090,2014-09-07,24.8,24.95,24.64,24.66,0.05,0.2,1315085.0,32528539.5,427.0
4090,2014-09-04,24.74,24.74,24.54,24.61,-0.08,-0.32,668928.0,16479049.9,238.0
4090,2014-09-03,24.48,24.74,24.48,24.69,0.09,0.37,766619.0,18875917.4,295.0
4090,2014-09-02,24.74,24.8,24.54,24.6,-0.19,-0.77,1268967.0,31287087.6,423.0
4090,2014-09-01,25.0,25.26,24.69,24.79,-0.21,-0.84,2103692.0,52441861.2,642.0
4090,2014-08-31,24.95,25.06,24.9,25.0,0.11,0.44,1006762.0,25153636.3,369.0
4090,2014-08-28,24.95,25.0,24.85,24.89,-0.06,-0.24,740749.0,18441813.1,267.0
4090,2014-08-27,25.06,25.16,24.95,24.95,-0.11,-0.44,1551662.0,38840516.2,421.0
4090,2014-08-26,24.74,25.37,24.69,25.06,0.22,0.89,2668727.0,67122865.7,822.0
4090,2014-08-25,25.06,25.11,24.38,24.84,-0.25,-1.0,2883557.0,71367491.6,763.0
4090,2014-08-24,24.64,25.21,24.59,25.09,0.45,1.83,4882178.0,122050452.8,1013.0
4090,2014-08-21,24.59,24.8,24.59,24.64,0.07,0.28,1422319.0,35092334.2,452.0
4090,2014-08-20,24.54,24.8,24.48,24.57,0.04,0.16,2552982.0,62842453.8,676.0
4090,2014-08-19,24.54,24.64,24.43,24.53,0.02,0.08,3201692.0,78580110.3,811.0
4090,2014-08-18,24.22,24.74,24.22,24.51,0.35,1.45,4923021.0,120487525.3,1538.0
4090,2014-08-17,24.12,24.22,24.07,24.16,0.05,0.21,1056419.0,25493015.2,419.0
4090,2014-08-14,24.12,24.22,24.01,24.11,0.0,0.0,1396566.0,33708593.5,603.0
4090,2014-08-13,24.17,24.27,24.07,24.11,-0.1,-0.41,1888175.0,45623368.8,617.0
4090,2014-08-12,24.12,24.38,24.07,24.21,0.09,0.37,3543392.0,85799304.1,1105.0
4090,2014-08-11,24.17,24.22,24.01,24.12,0.0,0.0,1286063.0,30982087.2,453.0
4090,2014-08-10,24.27,24.33,24.07,24.12,-0.07,-0.29,1254602.0,30329716.7,484.0
4090,2014-08-07,24.07,24.38,24.01,24.19,0.12,0.5,2363624.0,57194966.7,886.0
4090,2014-08-06,24.12,24.27,24.01,24.07,-0.04,-0.17,1917020.0,46204671.4,725.0
4090,2014-08-05,24.12,24.27,23.91,24.11,-0.07,-0.29,4088406.0,98576266.8,1326.0
4090,2014-08-04,24.01,24.22,23.86,24.18,0.16,0.67,1822577.0,43828946.8,699.0
4090,2014-08-03,23.91,24.12,23.86,24.02,-0.37,-1.52,1542125.0,36997085.0,670.0
4090,2014-07-24,24.27,24.54,24.27,24.39,0.43,1.79,3680450.0,89834218.6,1373.0
4090,2014-07-23,24.01,24.01,23.86,23.96,-0.03,-0.13,1026898.0,24599116.6,408.0
4090,2014-07-22,23.91,24.27,23.75,23.99,0.14,0.59,4272911.0,102446543.6,1337.0
4090,2014-07-21,23.55,24.01,23.44,23.85,0.33,1.4,2447529.0,58243291.8,892.0
4090,2014-07-20,23.39,23.6,23.23,23.52,0.2,0.86,2617520.0,61261209.0,925.0
4090,2014-07-17,22.97,23.34,22.92,23.32,0.35,1.52,1589136.0,36831215.8,658.0
4090,2014-07-16,22.82,22.97,22.82,22.97,0.13,0.57,887661.0,20333412.6,278.0
4090,2014-07-15,23.02,23.08,22.82,22.84,-0.13,-0.57,817428.0,18728933.6,333.0
4090,2014-07-14,23.08,23.44,22.92,22.97,0.2,0.88,3382181.0,78343966.1,1198.0
4090,2014-07-13,22.87,22.92,22.66,22.77,-0.13,-0.57,899066.0,20495374.2,368.0
4090,2014-07-10,22.92,23.02,22.87,22.9,-0.04,-0.17,703337.0,16143120.9,288.0
4090,2014-07-09,23.02,23.02,22.87,22.94,-0.08,-0.35,894973.0,20538421.8,338.0
4090,2014-07-08,22.92,23.18,22.82,23.02,0.1,0.44,1562362.0,35995642.6,611.0
4090,2014-07-07,22.92,23.08,22.71,22.92,0.14,0.61,1666935.0,38170907.7,668.0
4090,2014-07-06,22.45,23.02,22.4,22.78,0.34,1.52,4022868.0,91729878.8,1097.0
4090,2014-07-03,22.4,22.56,22.35,22.44,0.08,0.36,993305.0,22281311.3,428.0
4090,2014-07-02,22.19,22.45,22.14,22.36,0.25,1.13,1034208.0,23032169.0,502.0
4090,2014-07-01,22.14,22.3,21.88,22.11,-0.15,-0.67,1785266.0,39452711.7,632.0
4090,2014-06-30,22.3,22.4,22.14,22.26,0.02,0.09,561668.0,12528507.4,253.0
4090,2014-06-29,22.19,22.3,21.88,22.24,-0.14,-0.63,538090.0,11911637.5,281.0
4090,2014-06-26,22.4,22.5,22.24,22.38,0.0,0.0,588397.0,13179117.9,380.0
4090,2014-06-25,22.61,22.71,22.35,22.38,-0.09,-0.4,1151069.0,25929132.3,526.0
4090,2014-06-24,22.4,22.56,21.88,22.47,0.21,0.94,1872165.0,41519037.7,736.0
4090,2014-06-23,22.5,22.5,22.14,22.26,-0.34,-1.5,984390.0,21962733.5,527.0
4090,2014-06-22,22.87,23.02,22.14,22.6,-0.31,-1.35,895847.0,20408357.2,551.0
4090,2014-06-19,22.66,22.97,22.66,22.91,0.06,0.26,1806959.0,41237698.6,537.0
4090,2014-06-18,22.87,23.02,22.56,22.85,0.08,0.35,1635786.0,37298412.0,625.0
4090,2014-06-17,22.66,22.92,22.3,22.77,0.0,0.0,2168599.0,49142473.6,857.0
4090,2014-06-16,23.18,23.34,22.66,22.77,-0.37,-1.6,1987471.0,45805776.7,832.0
4090,2014-06-15,23.39,23.39,22.92,23.14,-0.51,-2.16,1933556.0,44822342.5,912.0
4090,2014-06-12,23.75,23.86,23.55,23.65,-0.21,-0.88,1612343.0,38222310.4,764.0
4090,2014-06-11,24.07,24.22,23.75,23.86,-0.2,-0.83,3308515.0,79318995.1,1624.0
4090,2014-06-10,24.8,25.26,23.96,24.06,0.5,2.12,16946945.0,418763652.1,5691.0
4090,2014-06-09,23.6,23.65,23.39,23.56,-0.02,-0.08,1579272.0,37151646.6,596.0
4090,2014-06-08,24.01,24.01,23.23,23.58,-0.42,-1.75,2546109.0,60091909.7,1103.0
4090,2014-06-05,24.01,24.22,23.96,24.0,-0.05,-0.21,1781867.0,42897508.7,683.0
4090,2014-06-04,24.12,24.22,23.96,24.05,-0.07,-0.29,1283080.0,30908519.3,597.0
4090,2014-06-03,24.12,24.27,24.01,24.12,0.02,0.08,2282396.0,55101538.4,923.0
4090,2014-06-02,23.91,24.38,23.86,24.1,0.22,0.92,8065181.0,194749771.3,2182.0
4090,2014-06-01,23.81,24.17,23.65,23.88,0.09,0.38,1540445.0,36828774.7,695.0
4090,2014-05-29,24.01,24.22,23.55,23.79,-0.14,-0.59,2395901.0,57261016.9,919.0
4090,2014-05-28,24.17,24.33,23.81,23.93,-0.22,-0.91,2855916.0,68862926.1,1215.0
4090,2014-05-27,23.75,24.54,23.75,24.15,0.45,1.9,12112744.0,294261680.0,4048.0
4090,2014-05-26,23.6,23.81,23.6,23.7,0.15,0.64,1583720.0,37532652.2,622.0
4090,2014-05-25,23.39,23.65,23.23,23.55,0.06,0.26,2063444.0,48402819.4,608.0
4090,2014-05-22,23.55,23.81,23.44,23.49,0.03,0.13,2647017.0,62565459.5,891.0
4090,2014-05-21,23.34,23.55,23.29,23.46,0.03,0.13,1581910.0,37023613.7,588.0
4090,2014-05-20,23.44,23.6,23.18,23.43,0.01,0.04,1908245.0,44533557.9,821.0
4090,2014-05-19,23.91,23.91,23.23,23.42,-0.38,-1.6,2342338.0,54988162.1,1068.0
4090,2014-05-18,23.96,23.96,23.7,23.8,-0.12,-0.5,1361323.0,32393052.9,668.0
4090,2014-05-15,24.12,24.12,23.86,23.92,-0.16,-0.66,1953642.0,46783989.5,653.0
4090,2014-05-14,24.33,24.38,24.01,24.08,-0.19,-0.78,1959430.0,47341991.4,994.0
4090,2014-05-13,24.07,24.43,24.01,24.27,0.23,0.96,3625729.0,87842709.4,1153.0
4090,2014-05-12,23.96,24.07,23.86,24.04,0.06,0.25,1256533.0,30118049.2,522.0
4090,2014-05-11,24.01,24.17,23.86,23.98,-0.02,-0.08,1851052.0,44398543.9,734.0
4090,2014-05-08,24.01,24.22,23.86,24.0,0.0,0.0,2480097.0,59594453.6,970.0
4090,2014-05-07,24.33,24.43,23.91,24.0,0.23,0.97,5574507.0,134762456.7,2225.0
4090,2014-05-06,23.65,23.86,23.6,23.77,0.14,0.59,1386724.0,32942605.6,563.0
4090,2014-05-05,23.75,23.81,23.49,23.63,-0.06,-0.25,1379706.0,32619119.1,528.0
4090,2014-05-04,23.7,23.91,23.65,23.69,0.04,0.17,1109836.0,26370600.7,527.0
4090,2014-05-01,23.91,23.96,23.55,23.65,-0.2,-0.84,1135596.0,26996407.0,557.0
4090,2014-04-30,23.96,24.12,23.7,23.85,-0.1,-0.42,1636539.0,39146777.0,670.0
4090,2014-04-29,24.22,24.54,23.75,23.95,-0.27,-1.11,6861518.0,166104778.8,2217.0
4090,2014-04-28,23.44,24.54,23.29,24.22,0.77,3.28,6472918.0,156241448.7,2345.0
4090,2014-04-27,23.7,23.7,23.29,23.45,-0.3,-1.26,1331168.0,31320757.3,616.0
4090,2014-04-24,23.39,23.91,23.18,23.75,0.38,1.63,2003990.0,47362352.1,831.0
4090,2014-04-23,24.01,24.01,22.92,23.37,-0.66,-2.75,1582580.0,37551431.6,724.0
4090,2014-04-22,24.43,24.43,23.96,24.03,-0.48,-1.96,2102057.0,50844477.8,817.0
4090,2014-04-21,24.9,25.0,24.43,24.51,-0.25,-1.01,3021095.0,74350170.3,1070.0
4090,2014-04-20,24.64,25.32,24.48,24.76,0.29,1.19,5068940.0,126005735.9,1668.0
4090,2014-04-17,23.75,24.9,23.7,24.47,0.71,2.99,9015374.0,219555346.9,2822.0
4090,2014-04-16,23.55,23.96,23.34,23.76,0.25,1.06,3475742.0,82337425.3,1242.0
4090,2014-04-15,23.7,24.07,23.49,23.51,0.09,0.38,4787940.0,113626686.9,1766.0
4090,2014-04-14,22.92,23.44,22.87,23.42,0.46,2.0,3228884.0,74877016.1,1051.0
4090,2014-04-13,22.71,23.13,22.4,22.96,0.14,0.61,2785895.0,64025727.0,1071.0
4090,2014-04-10,22.97,23.02,22.76,22.82,-0.15,-0.65,1509972.0,34515305.5,487.0
4090,2014-04-09,22.97,23.18,22.82,22.97,-0.05,-0.22,2247287.0,51646021.5,968.0
4090,2014-04-08,23.08,23.08,22.92,23.02,-0.11,-0.48,1600113.0,36769165.8,789.0
4090,2014-04-07,23.23,23.29,22.97,23.13,-0.26,-1.11,1772700.0,40956440.4,773.0
4090,2014-04-06,23.23,23.44,23.08,23.39,0.31,1.34,2659563.0,61865788.6,986.0
4090,2014-04-03,23.23,23.23,23.02,23.08,-0.1,-0.43,1708239.0,39462677.3,619.0
4090,2014-04-02,23.29,23.29,23.08,23.18,-0.16,-0.69,1856398.0,43080343.2,686.0
4090,2014-04-01,23.13,23.39,23.08,23.34,0.21,0.91,1384666.0,32190106.9,614.0
4090,2014-03-31,23.18,23.29,23.02,23.13,-0.05,-0.22,1140472.0,26353061.6,466.0
4090,2014-03-30,23.18,23.29,23.02,23.18,0.21,0.91,1337411.0,30921366.5,587.0
4090,2014-03-27,23.39,23.49,22.97,22.97,-0.42,-1.8,2486960.0,58005837.5,948.0
4090,2014-03-26,23.55,23.65,23.34,23.39,0.0,0.0,2130652.0,50053275.6,1050.0
4090,2014-03-25,23.02,23.49,22.92,23.39,0.37,1.61,4732050.0,110227991.3,1622.0
4090,2014-03-24,23.13,23.13,22.82,23.02,0.05,0.22,3137135.0,71998627.6,1061.0
4090,2014-03-23,22.97,23.23,22.92,22.97,0.05,0.22,2900136.0,66964029.0,920.0
4090,2014-03-20,22.97,22.97,22.76,22.92,-0.1,-0.43,1322685.0,30273688.0,622.0
4090,2014-03-19,23.18,23.23,22.92,23.02,-0.27,-1.16,1201063.0,27670778.0,569.0
4090,2014-03-18,23.49,23.55,23.13,23.29,-0.1,-0.43,1969986.0,45961903.3,581.0
4090,2014-03-17,23.08,23.44,23.08,23.39,0.16,0.69,1584175.0,36886984.6,654.0
4090,2014-03-16,23.34,23.49,23.08,23.23,-0.26,-1.11,1719995.0,40083987.2,755.0
4090,2014-03-13,23.6,23.75,23.39,23.49,-0.11,-0.47,2644134.0,62310308.9,894.0
4090,2014-03-12,23.7,23.7,23.39,23.6,-0.1,-0.42,2647071.0,62322721.5,956.0
4090,2014-03-11,23.65,24.01,23.49,23.7,0.0,0.0,3679826.0,87584510.2,1556.0
4090,2014-03-10,24.38,24.43,23.34,23.7,-0.47,-1.94,4080722.0,97788983.0,1960.0
4090,2014-03-09,23.55,24.43,23.55,24.17,0.62,2.63,8623891.0,207903258.9,2788.0
4090,2014-03-06,23.29,24.33,23.08,23.55,0.21,0.9,13261452.0,317440084.4,4067.0
4090,2014-03-05,23.49,23.75,22.71,23.34,-0.05,-0.21,4311829.0,100692847.5,1668.0
4090,2014-03-04,22.82,23.91,22.82,23.39,0.78,3.45,5727679.0,134098440.3,1881.0
4090,2014-03-03,23.34,23.49,22.61,22.61,-0.88,-3.75,3989295.0,91971273.9,1799.0
4090,2014-03-02,23.23,23.75,23.13,23.49,0.26,1.12,5045092.0,118467980.1,1854.0
4090,2014-02-27,23.08,23.39,22.92,23.23,0.1,0.43,2204008.0,51151399.3,824.0
4090,2014-02-26,23.55,23.55,23.08,23.13,-0.47,-1.99,2130119.0,49784219.4,791.0
4090,2014-02-25,23.55,23.81,23.34,23.6,0.11,0.47,2906081.0,68547052.6,1341.0
4090,2014-02-24,22.61,23.55,22.5,23.49,0.73,3.21,6761643.0,156502636.7,1991.0
4090,2014-02-23,22.45,22.82,22.24,22.76,0.31,1.38,2444917.0,54973116.0,1093.0
4090,2014-02-20,21.51,22.45,21.51,22.45,0.88,4.08,6677543.0,147633573.8,2145.0
4090,2014-02-19,21.41,21.57,21.31,21.57,0.11,0.51,1256905.0,26948213.7,617.0
4090,2014-02-18,21.46,21.57,21.36,21.46,0.0,0.0,1211818.0,26030541.4,619.0
4090,2014-02-17,21.77,21.93,21.31,21.46,-0.26,-1.2,4638082.0,100394952.2,1713.0
4090,2014-02-16,22.03,22.24,21.67,21.72,-0.37,-1.67,2747215.0,60015653.7,1219.0
4090,2014-02-13,22.24,22.35,21.88,22.09,-0.15,-0.67,2917899.0,64316565.9,1207.0
4090,2014-02-12,23.02,23.13,22.19,22.24,-0.68,-2.97,4046542.0,91497169.6,1527.0
4090,2014-02-11,23.18,23.23,22.5,22.92,-0.26,-1.12,4205582.0,96175885.0,1625.0
4090,2014-02-10,23.18,23.34,23.02,23.18,-0.11,-0.47,2675701.0,62041968.9,1023.0
4090,2014-02-09,23.18,23.65,22.76,23.29,0.27,1.17,6289855.0,145980194.3,2853.0
4090,2014-02-06,22.76,23.86,22.66,23.02,0.26,1.14,12188944.0,283592787.0,4800.0
4090,2014-02-05,21.88,22.92,21.57,22.76,0.99,4.55,8131637.0,180553024.8,3107.0
4090,2014-02-04,20.73,22.03,20.63,21.77,0.78,3.72,9471586.0,204611219.1,3634.0
4090,2014-02-03,20.94,21.31,20.84,20.99,0.0,0.0,2319813.0,48926459.7,1019.0
4090,2014-02-02,20.78,21.25,20.63,20.99,0.31,1.5,3233821.0,67834689.3,1289.0
4090,2014-01-30,20.84,20.99,20.58,20.68,-0.21,-1.01,2392676.0,49625757.1,995.0
4090,2014-01-29,20.73,21.15,20.58,20.89,0.31,1.51,3122566.0,65285880.7,1178.0
4090,2014-01-28,20.32,20.68,20.32,20.58,0.21,1.03,1373781.0,28164274.8,635.0
4090,2014-01-27,20.94,20.99,20.32,20.37,-0.47,-2.26,2237122.0,46385154.3,1046.0
4090,2014-01-26,20.0,21.2,19.79,20.84,0.58,2.86,6445739.0,133988204.6,2617.0
4090,2014-01-23,20.06,20.32,20.0,20.26,0.15,0.75,1094970.0,22007501.9,387.0
4090,2014-01-22,20.21,20.21,19.95,20.11,-0.1,-0.49,747000.0,14985299.6,378.0
4090,2014-01-21,19.9,20.26,19.79,20.21,0.26,1.3,1221316.0,24392459.0,560.0
4090,2014-01-20,19.9,20.0,19.79,19.95,0.0,0.0,880756.0,17515642.8,442.0
4090,2014-01-19,19.95,20.0,19.79,19.95,0.0,0.0,516281.0,10287843.9,274.0
4090,2014-01-16,19.95,20.06,19.9,19.95,0.0,0.0,836392.0,16717496.7,395.0
4090,2014-01-15,19.95,20.21,19.9,19.95,0.0,0.0,1580238.0,31725418.6,704.0
4090,2014-01-14,19.9,20.0,19.79,19.95,-0.05,-0.25,1038892.0,20686781.9,589.0
4090,2014-01-13,20.32,20.32,19.95,20.0,-0.42,-2.06,1209036.0,24342146.2,717.0
4090,2014-01-12,20.52,20.58,20.21,20.42,-0.21,-1.02,1977694.0,40170981.6,954.0
4090,2014-01-09,20.78,20.84,20.58,20.63,-0.21,-1.01,767345.0,15887184.3,394.0
4090,2014-01-08,20.73,20.89,20.58,20.84,0.11,0.53,1259476.0,26062938.2,662.0
4090,2014-01-07,20.94,20.94,20.63,20.73,-0.21,-1.0,1377283.0,28626420.2,707.0
4090,2014-01-06,21.15,21.2,20.94,20.94,-0.21,-0.99,1423092.0,30009619.6,717.0
4090,2014-01-05,21.2,21.46,21.1,21.15,0.0,0.0,4718914.0,100508728.3,1675.0
4090,2014-01-02,20.68,21.36,20.47,21.15,0.47,2.27,5789905.0,121582993.5,2179.0
4090,2014-01-01,20.42,20.99,20.37,20.68,0.16,0.78,1860746.0,38479595.2,977.0
4090,2013-12-31,20.89,20.89,20.52,20.52,-0.42,-2.01,1569219.0,32478544.9,872.0
4090,2013-12-30,21.1,21.1,20.84,20.94,-0.16,-0.76,1642870.0,34412253.0,708.0
4090,2013-12-29,21.25,21.25,21.05,21.1,-0.21,-0.99,1170757.0,24757449.9,578.0
4090,2013-12-26,21.25,21.36,21.15,21.31,0.06,0.28,808557.0,17188308.8,416.0
4090,2013-12-25,21.41,21.46,21.25,21.25,-0.16,-0.75,1017115.0,21711452.7,505.0
4090,2013-12-24,21.51,21.51,21.36,21.41,-0.1,-0.46,1395030.0,29910255.9,517.0
4090,2013-12-23,21.51,21.62,21.41,21.51,0.05,0.23,2788925.0,59965323.5,686.0
4090,2013-12-22,21.51,21.57,21.46,21.46,-0.05,-0.23,874214.0,18792184.5,345.0
4090,2013-12-19,21.57,21.62,21.41,21.51,-0.06,-0.28,1522275.0,32756136.1,460.0
4090,2013-12-18,21.51,21.62,21.41,21.57,0.06,0.28,1687593.0,36326510.6,570.0
4090,2013-12-17,21.62,21.62,21.41,21.51,-0.11,-0.51,1003697.0,21578523.4,424.0
4090,2013-12-16,21.57,21.67,21.51,21.62,0.05,0.23,1054296.0,22754042.5,529.0
4090,2013-12-15,21.62,21.83,21.57,21.57,0.0,0.0,3218679.0,69834262.5,1295.0
4090,2013-12-12,21.41,21.57,21.31,21.57,0.11,0.51,1562070.0,33441645.9,414.0
4090,2013-12-11,21.46,21.51,21.36,21.46,-0.05,-0.23,1171506.0,25067663.9,399.0
4090,2013-12-10,21.41,21.51,21.36,21.51,0.05,0.23,2261608.0,48446031.1,613.0
4090,2013-12-09,21.46,21.51,21.36,21.46,-0.05,-0.23,1455973.0,31180437.2,650.0
4090,2013-12-08,21.41,21.57,21.36,21.51,0.1,0.47,1128783.0,24216494.5,482.0
4090,2013-12-05,21.51,21.51,21.36,21.41,-0.1,-0.46,815782.0,17473043.4,416.0
4090,2013-12-04,21.51,21.62,21.31,21.51,-0.06,-0.28,1092501.0,23394468.0,622.0
4090,2013-12-03,21.77,21.98,21.41,21.57,-0.2,-0.92,2219712.0,48218011.8,763.0
4090,2013-12-02,21.72,21.88,21.72,21.77,0.1,0.46,1199000.0,26132994.9,448.0
4090,2013-12-01,21.98,21.98,21.67,21.67,-0.31,-1.41,2039702.0,44558134.8,593.0
4090,2013-11-28,21.93,21.98,21.83,21.98,0.05,0.23,1313140.0,28754410.1,545.0
4090,2013-11-27,21.83,22.09,21.77,21.93,0.16,0.73,1765190.0,38711248.8,697.0
4090,2013-11-26,21.93,21.98,21.77,21.77,-0.26,-1.18,1716422.0,37572330.0,600.0
4090,2013-11-25,22.03,22.09,21.77,22.03,0.05,0.23,1240217.0,27165349.9,707.0
4090,2013-11-24,22.03,22.14,21.88,21.98,-0.05,-0.23,1668891.0,36719744.0,868.0
4090,2013-11-21,22.45,22.5,21.83,22.03,-0.16,-0.72,5004892.0,110614296.9,2117.0
4090,2013-11-20,21.31,22.35,21.31,22.19,0.94,4.42,4012688.0,87227423.5,1591.0
4090,2013-11-19,21.36,21.41,21.15,21.25,-0.11,-0.51,1821195.0,38779077.7,832.0
4090,2013-11-18,21.41,21.62,21.31,21.36,0.0,0.0,2421051.0,52036347.8,1134.0
4090,2013-11-17,21.88,21.93,21.25,21.36,-0.52,-2.38,4971808.0,106838334.4,2090.0
4090,2013-11-14,22.14,22.24,21.83,21.88,-0.26,-1.17,3221065.0,70796408.5,1337.0
4090,2013-11-13,22.56,22.56,22.03,22.14,-0.42,-1.86,3589226.0,80026450.9,1236.0
4090,2013-11-12,22.76,22.82,22.45,22.56,-0.1,-0.44,2337437.0,52875073.1,935.0
4090,2013-11-11,22.97,23.08,22.66,22.66,-0.26,-1.13,3272998.0,74768107.9,1085.0
4090,2013-11-10,23.23,23.44,22.87,22.92,-0.16,-0.69,4119310.0,95357649.7,1308.0
4090,2013-11-07,22.76,23.29,22.76,23.08,0.32,1.41,3388320.0,77951177.2,1385.0
4090,2013-11-06,22.71,22.76,22.61,22.76,0.05,0.22,1052683.0,23885515.1,475.0
4090,2013-11-05,22.66,22.87,22.5,22.71,0.1,0.44,2647298.0,60124253.2,1110.0
4090,2013-11-04,22.87,23.08,22.61,22.61,-0.41,-1.78,3041273.0,69373528.7,1530.0
4090,2013-11-03,24.38,24.54,22.82,23.02,0.41,1.81,10969886.0,260753437.0,4932.0
4090,2013-10-31,22.45,22.61,22.24,22.61,0.21,0.94,987830.0,22178361.9,478.0
4090,2013-10-30,22.61,22.66,22.35,22.4,-0.21,-0.93,909778.0,20446947.7,456.0
4090,2013-10-29,22.82,22.87,22.5,22.61,-0.15,-0.66,787912.0,17822183.6,413.0
4090,2013-10-28,22.71,22.82,22.5,22.76,0.05,0.22,989184.0,22408710.9,563.0
4090,2013-10-27,22.92,22.97,22.5,22.71,-0.26,-1.13,1793033.0,40845457.5,798.0
4090,2013-10-24,23.02,23.18,22.87,22.97,-0.11,-0.48,1370412.0,31552349.9,631.0
4090,2013-10-23,22.76,23.34,22.71,23.08,0.16,0.7,3262001.0,74931254.6,1385.0
4090,2013-10-22,22.87,23.34,22.56,22.92,0.05,0.22,4397200.0,101248793.0,1728.0
4090,2013-10-21,23.08,23.08,22.71,22.87,-0.15,-0.65,1694139.0,38741959.9,714.0
4090,2013-10-20,23.13,23.49,22.97,23.02,0.2,0.88,2526039.0,58488121.1,1100.0
4090,2013-10-10,22.4,22.97,22.3,22.82,0.37,1.65,4488746.0,101856030.5,2325.0
4090,2013-10-09,23.7,24.01,22.45,22.45,-1.25,-5.27,8844117.0,205188043.9,3973.0
4090,2013-10-08,22.45,23.81,22.45,23.7,1.14,5.05,7552187.0,175988156.8,2835.0
4090,2013-10-07,22.45,23.13,21.93,22.56,0.0,0.0,3201108.0,72624771.9,1736.0
4090,2013-10-06,22.97,22.97,21.77,22.56,-0.36,-1.57,2764351.0,61767131.6,1327.0
4090,2013-10-03,23.02,23.13,22.71,22.92,-0.21,-0.91,1997977.0,45821157.4,884.0
4090,2013-10-02,23.34,23.34,22.76,23.13,-0.05,-0.22,4389619.0,101159350.9,1843.0
4090,2013-10-01,22.14,23.18,21.93,23.18,0.94,4.23,5508253.0,124568262.7,2419.0
4090,2013-09-30,22.82,23.08,22.24,22.24,-0.89,-3.85,3653715.0,82703608.2,1920.0
4090,2013-09-29,22.4,23.7,22.4,23.13,1.46,6.74,10162652.0,234755379.8,4086.0
4090,2013-09-26,21.36,21.88,21.25,21.67,0.47,2.22,5007756.0,108131364.2,2001.0
4090,2013-09-25,20.32,21.36,20.32,21.2,0.83,4.07,2940313.0,61523881.3,1294.0
4090,2013-09-24,20.21,20.37,20.16,20.37,0.16,0.79,616795.0,12516262.6,283.0
4090,2013-09-19,20.32,20.37,20.16,20.21,0.0,0.0,547243.0,11091205.3,274.0
4090,2013-09-18,20.26,20.26,20.11,20.21,0.05,0.25,471727.0,9526551.5,249.0
4090,2013-09-17,20.42,20.42,20.16,20.16,-0.26,-1.27,871006.0,17676761.7,404.0
4090,2013-09-16,20.47,20.52,20.32,20.42,-0.05,-0.24,922859.0,18865368.1,371.0
4090,2013-09-15,20.21,20.63,20.21,20.47,0.47,2.35,2029639.0,41361872.5,721.0
4090,2013-09-12,19.9,20.11,19.79,20.0,0.21,1.06,2134392.0,42640978.8,733.0
4090,2013-09-11,19.74,19.85,19.53,19.79,0.26,1.33,1804187.0,35538244.0,778.0
4090,2013-09-10,19.64,19.74,19.22,19.53,0.67,3.55,2353952.0,45921570.0,878.0
4090,2013-09-09,18.65,18.91,18.34,18.86,0.16,0.86,876533.0,16371762.7,453.0
4090,2013-09-08,18.96,19.17,18.6,18.7,0.26,1.41,1527882.0,28840201.9,695.0
4090,2013-09-05,18.7,19.27,18.13,18.44,-0.31,-1.65,2349846.0,43811859.1,1273.0
4090,2013-09-04,19.48,19.59,18.75,18.75,-0.73,-3.75,1461601.0,28014133.0,689.0
4090,2013-09-03,20.26,20.52,19.33,19.48,-0.84,-4.13,1879546.0,37410890.7,921.0
4090,2013-09-02,19.53,20.42,19.48,20.32,0.89,4.58,2818488.0,55960599.4,1117.0
4090,2013-09-01,18.49,19.53,18.49,19.43,1.2,6.58,1237941.0,23448670.0,602.0
4090,2013-08-29,18.49,18.7,18.08,18.23,-0.16,-0.87,1783124.0,32678102.3,763.0
4090,2013-08-28,17.66,18.54,17.29,18.39,0.37,2.05,2471907.0,44860814.0,746.0
4090,2013-08-27,19.27,19.43,17.87,18.02,-1.83,-9.22,2253660.0,42044222.5,1007.0
4090,2013-08-26,20.26,20.52,19.48,19.85,-0.36,-1.78,1871214.0,37215960.0,972.0
4090,2013-08-25,20.58,20.58,20.21,20.21,-0.37,-1.8,753055.0,15333400.5,429.0
4090,2013-08-22,20.68,20.99,20.58,20.58,0.0,0.0,1093453.0,22739672.7,663.0
4090,2013-08-21,20.42,20.68,20.32,20.58,0.16,0.78,1220878.0,25010087.1,548.0
4090,2013-08-20,20.21,20.68,20.06,20.42,0.31,1.54,1503370.0,30751515.9,868.0
4090,2013-08-19,20.32,20.32,19.95,20.11,-0.21,-1.03,1005248.0,20205850.8,569.0
4090,2013-08-18,20.73,20.73,20.21,20.32,-0.41,-1.98,1207519.0,24667907.7,674.0
4090,2013-08-15,20.84,21.1,20.58,20.73,-0.21,-1.0,1164624.0,24321276.5,715.0
4090,2013-08-14,21.2,21.83,20.73,20.94,-0.16,-0.76,2670031.0,56569010.1,1498.0
4090,2013-08-13,21.05,21.98,21.05,21.1,0.16,0.76,2369150.0,51227061.9,1192.0
4090,2013-08-05,19.9,21.1,19.59,20.94,0.99,4.96,3348047.0,69032604.2,1650.0
4090,2013-08-04,20.47,20.84,19.79,19.95,-0.57,-2.78,2375549.0,48024933.4,1017.0
4090,2013-08-01,20.99,20.99,20.42,20.52,-0.58,-2.75,1132926.0,23493828.8,666.0
4090,2013-07-31,21.72,21.88,20.99,21.1,-0.67,-3.08,2329079.0,49855156.3,1278.0
4090,2013-07-30,21.57,22.3,21.36,21.77,0.2,0.93,3940305.0,86242139.7,1802.0
4090,2013-07-29,20.63,21.98,20.52,21.57,0.99,4.81,5505907.0,117981034.4,2439.0
4090,2013-07-28,20.26,20.63,19.9,20.58,0.47,2.34,1459449.0,29631210.8,709.0
4090,2013-07-25,19.9,20.32,19.85,20.11,0.32,1.62,2058618.0,41282397.5,938.0
4090,2013-07-24,19.79,20.32,19.59,19.79,0.15,0.76,3300498.0,65831913.1,1144.0
4090,2013-07-23,18.86,19.9,18.86,19.64,0.89,4.75,3706316.0,72120684.6,1281.0
4090,2013-07-22,18.65,18.81,18.6,18.75,0.15,0.81,1631918.0,30518829.0,445.0
4090,2013-07-21,18.18,18.65,18.18,18.6,0.32,1.75,925617.0,17142977.4,340.0
4090,2013-07-18,18.44,18.54,18.28,18.28,-0.16,-0.87,1015725.0,18716380.8,377.0
4090,2013-07-17,17.97,18.6,17.92,18.44,0.36,1.99,2557627.0,46970347.7,909.0
4090,2013-07-16,18.08,18.08,17.71,18.08,0.11,0.61,646487.0,11600075.9,283.0
4090,2013-07-15,18.02,18.18,17.87,17.97,0.0,0.0,894998.0,16109380.8,368.0
4090,2013-07-14,17.82,18.44,17.76,17.97,0.15,0.84,2737623.0,49796528.1,773.0
4090,2013-07-11,17.87,17.92,17.71,17.82,0.06,0.34,481918.0,8575203.5,194.0
4090,2013-07-10,17.97,17.97,17.76,17.76,-0.21,-1.17,444782.0,7953288.6,216.0
4090,2013-07-09,17.92,18.23,17.82,17.97,0.1,0.56,702830.0,12676233.7,286.0
4090,2013-07-08,17.97,17.97,17.71,17.87,-0.1,-0.56,453407.0,8090708.4,227.0
4090,2013-07-07,18.18,18.23,17.87,17.97,-0.16,-0.88,811903.0,14649792.2,330.0
4090,2013-07-04,18.28,18.39,18.13,18.13,-0.05,-0.28,562284.0,10279659.4,245.0
4090,2013-07-03,18.28,18.44,18.08,18.18,-0.16,-0.87,940140.0,17161174.4,353.0
4090,2013-07-02,17.71,18.34,17.71,18.34,0.63,3.56,1592269.0,28829014.4,599.0
4090,2013-07-01,17.55,17.92,17.55,17.71,0.0,0.0,878790.0,15539616.3,409.0
4090,2013-06-30,17.71,17.76,17.61,17.71,-0.11,-0.62,381758.0,6753321.3,242.0
4090,2013-06-26,17.92,18.02,17.82,17.82,-0.05,-0.28,560980.0,10030939.7,288.0
4090,2013-06-25,17.92,17.97,17.82,17.87,-0.05,-0.28,354472.0,6352460.8,245.0
4090,2013-06-24,18.02,18.13,17.71,17.92,-0.16,-0.88,638492.0,11441737.2,418.0
4090,2013-06-23,18.23,18.34,18.08,18.08,-0.2,-1.09,968605.0,17623687.7,562.0
4090,2013-06-22,17.76,18.54,17.66,18.28,0.2,1.11,2089922.0,38178574.3,1069.0
4090,2013-06-19,18.34,18.44,17.97,18.08,-0.15,-0.82,2209302.0,40204363.9,1213.0
4090,2013-06-18,17.87,18.34,17.87,18.23,0.52,2.94,4154973.0,75371923.3,1753.0
4090,2013-06-17,17.4,18.08,17.4,17.71,0.47,2.73,3780546.0,67423010.9,1702.0
4090,2013-06-16,16.15,17.29,16.15,17.24,0.99,6.09,5961600.0,100111347.3,2527.0
4090,2013-06-15,17.5,17.55,16.25,16.25,-1.77,-9.82,3500084.0,59514049.0,1378.0
4090,2013-06-12,17.92,18.39,17.82,18.02,0.05,0.28,2848583.0,51643477.6,1401.0
4090,2013-06-11,18.81,19.22,17.87,17.97,-0.73,-3.9,7016969.0,131642269.3,3414.0
4090,2013-06-10,17.5,19.07,17.5,18.7,1.25,7.16,10283199.0,189593003.7,4317.0
4090,2013-06-09,17.14,17.55,17.09,17.45,0.31,1.81,1695298.0,29416342.5,590.0
4090,2013-06-08,17.14,17.35,17.09,17.14,0.0,0.0,1296203.0,22312096.8,388.0
4090,2013-06-05,16.98,17.24,16.88,17.14,0.05,0.29,2031979.0,34749480.0,515.0
4090,2013-06-04,16.88,17.4,16.77,17.09,0.21,1.24,3660408.0,62956312.4,1239.0
4090,2013-06-03,16.57,17.09,16.51,16.88,0.26,1.56,2062840.0,34787719.1,515.0
4090,2013-06-02,16.77,16.83,16.62,16.62,-0.15,-0.89,817024.0,13612293.1,315.0
4090,2013-06-01,16.62,16.88,16.51,16.77,0.05,0.3,741431.0,12388524.1,266.0
4090,2013-05-29,16.77,16.83,16.67,16.72,-0.16,-0.95,679750.0,11393231.1,315.0
4090,2013-05-28,16.72,16.88,16.67,16.88,0.16,0.96,1036427.0,17357591.4,434.0
4090,2013-05-27,16.83,16.83,16.62,16.72,-0.11,-0.65,1008573.0,16880980.0,399.0
4090,2013-05-26,16.98,17.09,16.77,16.83,-0.2,-1.17,1315888.0,22336467.0,480.0
4090,2013-05-25,17.03,17.24,16.93,17.03,-0.06,-0.35,1164634.0,19871350.0,502.0
4090,2013-05-22,17.14,17.24,16.93,17.09,0.0,0.0,1567121.0,26745831.1,555.0
4090,2013-05-21,17.19,17.45,17.09,17.09,-0.1,-0.58,1183339.0,20380970.9,578.0
4090,2013-05-20,17.29,17.76,17.09,17.19,0.0,0.0,3847653.0,67524008.7,1521.0
4090,2013-05-19,17.14,17.35,17.03,17.19,0.16,0.94,2360927.0,40656311.0,796.0
4090,2013-05-18,16.67,17.24,16.51,17.03,0.41,2.47,2088571.0,35335816.1,860.0
4090,2013-05-15,16.51,16.67,16.25,16.62,0.11,0.67,1344552.0,22125929.6,540.0
4090,2013-05-14,16.72,16.83,16.46,16.51,-0.16,-0.96,1441844.0,24048752.8,574.0
4090,2013-05-13,16.3,16.83,16.3,16.67,0.05,0.3,1745149.0,28926287.7,865.0
4090,2013-05-12,16.72,16.98,16.36,16.62,-0.1,-0.6,2646927.0,44038144.3,1244.0
4090,2013-05-11,17.29,17.29,16.62,16.72,-0.37,-2.17,2821171.0,48040864.3,1035.0
4090,2013-05-08,17.03,17.35,16.77,17.09,0.06,0.35,3545486.0,60611774.4,1342.0
4090,2013-05-07,16.67,17.24,16.67,17.03,0.36,2.16,3777333.0,64448687.9,1677.0
4090,2013-05-06,16.57,17.09,16.3,16.67,0.05,0.3,2660357.0,44402151.1,1179.0
4090,2013-05-05,17.09,17.14,16.41,16.62,-0.47,-2.75,3676219.0,61215087.8,1868.0
4090,2013-05-04,17.19,17.71,16.77,17.09,-0.05,-0.29,3820988.0,66176494.0,2062.0
4090,2013-05-01,16.36,17.5,16.25,17.14,0.99,6.13,7177439.0,122488393.8,2544.0
4090,2013-04-30,15.26,16.62,15.16,16.15,0.78,5.07,4529397.0,72899582.8,1582.0
4090,2013-04-29,15.26,15.37,15.21,15.37,0.06,0.39,232785.0,3564757.2,132.0
4090,2013-04-28,15.26,15.42,15.21,15.31,0.1,0.66,277738.0,4254479.4,161.0
4090,2013-04-27,15.47,15.52,15.21,15.21,-0.21,-1.36,855898.0,13138459.0,345.0
4090,2013-04-24,15.68,15.73,15.26,15.42,-0.26,-1.66,778619.0,12057473.4,354.0
4090,2013-04-23,15.78,15.84,15.63,15.68,-0.16,-1.01,525199.0,8248804.3,228.0
4090,2013-04-22,15.52,15.84,15.52,15.84,0.21,1.34,1210030.0,18931820.4,430.0
4090,2013-04-21,15.89,15.94,15.58,15.63,-0.15,-0.95,987951.0,15527118.7,449.0
4090,2013-04-20,15.16,16.04,14.95,15.78,0.57,3.75,2118092.0,33131625.5,673.0
4090,2013-04-17,15.31,15.37,15.11,15.21,-0.05,-0.33,294154.0,4474974.5,173.0
4090,2013-04-16,15.26,15.37,15.16,15.26,-0.21,-1.36,325498.0,4969494.3,156.0
4090,2013-04-15,15.47,15.52,15.37,15.47,-0.11,-0.71,383916.0,5932184.4,213.0
4090,2013-04-14,15.52,15.58,15.47,15.58,0.06,0.39,525560.0,8157435.9,275.0
4090,2013-04-13,15.58,15.73,15.47,15.52,-0.11,-0.7,660155.0,10288666.6,279.0
4090,2013-04-10,15.68,15.78,15.58,15.63,-0.1,-0.64,566285.0,8872462.3,326.0
4090,2013-04-09,15.73,15.94,15.73,15.73,-0.05,-0.32,1098354.0,17366823.6,434.0
4090,2013-04-08,15.68,15.99,15.68,15.78,0.1,0.64,1352978.0,21447205.3,510.0
4090,2013-04-07,15.63,16.04,15.52,15.68,0.0,0.0,1657521.0,26163377.9,666.0
4090,2013-04-06,15.42,15.84,15.26,15.68,0.21,1.36,2359552.0,36705775.4,924.0
4090,2013-04-03,15.89,15.89,15.42,15.47,-0.31,-1.96,1951891.0,30411385.5,730.0
4090,2013-04-02,15.84,15.99,15.63,15.78,-0.06,-0.38,1738240.0,27513695.3,673.0
4090,2013-04-01,15.63,16.04,15.42,15.84,0.0,0.0,2625935.0,41467210.9,1151.0
4090,2013-03-31,16.1,16.3,15.63,15.84,-0.36,-2.22,2718044.0,43365427.6,1398.0
4090,2013-03-30,15.78,16.67,15.21,16.2,0.26,1.63,6657899.0,107020117.9,2983.0
4090,2013-03-27,16.41,16.98,15.73,15.94,-0.26,-1.6,8657339.0,142589080.9,3846.0
4090,2013-03-26,15.21,16.36,15.11,16.2,1.15,7.64,10326649.0,163929243.9,3526.0
4090,2013-03-25,13.96,15.26,13.91,15.05,0.93,6.59,5474927.0,80578299.0,1974.0
4090,2013-03-24,13.02,14.22,13.02,14.12,1.18,9.12,4636442.0,64578843.05,1243.0
4090,2013-03-23,12.61,13.08,12.61,12.94,0.39,3.11,1124349.0,14469300.35,332.0
4090,2013-03-20,12.55,12.61,12.5,12.55,0.05,0.4,196294.0,2463394.3,71.0
4090,2013-03-19,12.42,12.55,12.42,12.5,0.08,0.64,349500.0,4368226.8,101.0
4090,2013-03-18,12.37,12.42,12.35,12.42,0.0,0.0,268580.0,3324091.9,77.0
4090,2013-03-17,12.42,12.42,12.35,12.42,0.0,0.0,154780.0,1914975.8,99.0
4090,2013-03-16,12.4,12.5,12.4,12.42,0.0,0.0,183015.0,2280292.75,104.0
4090,2013-03-13,12.35,12.45,12.29,12.42,0.13,1.06,140056.0,1736997.35,66.0
4090,2013-03-12,12.5,12.5,12.29,12.29,-0.16,-1.29,453551.0,5612533.45,108.0
4090,2013-03-11,12.42,12.5,12.35,12.45,0.1,0.81,314040.0,3906567.85,100.0
4090,2013-03-10,12.32,12.48,12.29,12.35,0.03,0.24,117356.0,1454484.05,62.0
4090,2013-03-09,12.32,12.5,12.27,12.32,0.08,0.65,476985.0,5929604.2,108.0
4090,2013-03-06,12.29,12.29,12.24,12.24,-0.03,-0.24,102427.0,1257099.7,35.0
4090,2013-03-05,12.19,12.27,12.19,12.27,0.03,0.25,247089.0,3019455.65,55.0
4090,2013-03-04,12.14,12.24,12.14,12.24,0.1,0.82,345651.0,4217025.9,96.0
4090,2013-03-03,12.22,12.27,12.14,12.14,-0.05,-0.41,403169.0,4920018.25,83.0
4090,2013-03-02,12.22,12.22,12.16,12.19,-0.03,-0.25,197459.0,2406954.9,63.0
4090,2013-02-27,12.22,12.24,12.19,12.22,0.03,0.25,259446.0,3170000.05,72.0
4090,2013-02-26,12.19,12.22,12.16,12.19,-0.03,-0.25,185927.0,2265132.4,89.0
4090,2013-02-25,12.19,12.27,12.19,12.22,0.06,0.49,296636.0,3629202.75,130.0
4090,2013-02-24,12.22,12.24,12.11,12.16,-0.06,-0.49,202957.0,2466271.9,93.0
4090,2013-02-23,12.16,12.24,12.11,12.22,0.06,0.49,108144.0,1319971.3,72.0
4090,2013-02-20,12.16,12.19,12.09,12.16,-0.03,-0.25,175388.0,2127662.0,69.0
4090,2013-02-19,12.24,12.24,12.16,12.19,-0.08,-0.65,81675.0,996771.75,53.0
4090,2013-02-18,12.32,12.4,12.27,12.27,-0.05,-0.41,67968.0,836173.0,55.0
4090,2013-02-17,12.29,12.42,12.22,12.32,0.0,0.0,213715.0,2634279.45,91.0
4090,2013-02-16,12.24,12.37,12.14,12.32,0.08,0.65,153091.0,1871106.35,77.0
4090,2013-02-13,12.09,12.29,12.09,12.24,0.0,0.0,102496.0,1256094.9,49.0
4090,2013-02-12,12.24,12.32,12.24,12.24,0.1,0.82,87006.0,1067054.8,54.0
4090,2013-02-11,12.11,12.27,11.98,12.14,0.0,0.0,71981.0,872605.55,69.0
4090,2013-02-10,12.16,12.16,12.06,12.14,-0.02,-0.16,133666.0,1617881.85,83.0
4090,2013-02-09,12.24,12.27,12.14,12.16,-0.08,-0.65,129830.0,1586204.75,87.0
4090,2013-02-06,12.35,12.37,12.24,12.24,-0.05,-0.41,168548.0,2073557.6,57.0
4090,2013-02-05,12.24,12.29,12.22,12.29,-0.03,-0.24,46931.0,575222.6,41.0
4090,2013-02-04,12.27,12.35,12.27,12.32,0.05,0.41,165014.0,2032740.75,49.0
4090,2013-02-03,12.37,12.37,12.27,12.27,-0.13,-1.05,86453.0,1063825.75,33.0
4090,2013-02-02,12.42,12.42,12.4,12.4,0.03,0.24,93122.0,1155807.35,63.0
4090,2013-01-30,12.37,12.45,12.32,12.37,0.05,0.41,147516.0,1828013.2,59.0
4090,2013-01-29,12.4,12.4,12.32,12.32,0.0,0.0,47547.0,587088.25,44.0
4090,2013-01-28,12.4,12.42,12.29,12.32,-0.13,-1.04,78966.0,977638.35,40.0
4090,2013-01-27,12.42,12.45,12.42,12.45,0.03,0.24,60098.0,746706.1,43.0
4090,2013-01-26,12.24,12.45,12.24,12.42,0.18,1.47,218551.0,2696353.45,75.0
4090,2013-01-23,12.35,12.5,12.24,12.24,-0.05,-0.41,766830.0,8757009.75,85.0
4090,2013-01-22,12.29,12.45,12.19,12.29,-0.03,-0.24,207317.0,2548731.9,70.0
4090,2013-01-21,12.42,12.42,12.19,12.32,-0.13,-1.04,257937.0,3172396.45,92.0
4090,2013-01-20,12.42,12.45,12.42,12.45,0.03,0.24,85760.0,1066965.15,53.0
4090,2013-01-19,12.5,12.61,12.4,12.42,-0.11,-0.88,229456.0,2864199.45,100.0
4090,2013-01-16,12.74,12.74,12.53,12.53,-0.21,-1.65,204842.0,2578080.55,100.0
4090,2013-01-15,12.89,12.89,12.71,12.74,-0.15,-1.16,94867.0,1215250.65,54.0
4090,2013-01-14,12.84,12.89,12.76,12.89,0.08,0.62,165377.0,2123188.05,77.0
4090,2013-01-13,12.89,12.89,12.76,12.81,-0.06,-0.47,400850.0,5146429.75,133.0
4090,2013-01-12,12.94,12.97,12.87,12.87,-0.07,-0.54,434590.0,5615156.55,125.0
4090,2013-01-09,12.89,12.97,12.89,12.94,0.02,0.15,206215.0,2665546.05,88.0
4090,2013-01-08,12.97,12.97,12.87,12.92,-0.02,-0.15,195489.0,2526220.15,89.0
4090,2013-01-07,13.0,13.0,12.87,12.94,-0.06,-0.46,123278.0,1591191.25,49.0
4090,2013-01-06,13.02,13.02,12.92,13.0,0.11,0.85,240986.0,3131860.3,100.0
4090,2013-01-05,12.94,13.02,12.84,12.89,-0.05,-0.39,570109.0,7400015.3,148.0
4090,2013-01-02,12.87,12.94,12.87,12.94,0.1,0.78,141251.0,1822856.25,67.0
4090,2013-01-01,12.97,13.0,12.71,12.84,-0.1,-0.77,518884.0,6688996.95,191.0
4090,2012-12-31,12.97,12.97,12.84,12.94,0.02,0.15,157027.0,2028986.0,50.0
4090,2012-12-30,13.08,13.08,12.84,12.92,-0.26,-1.97,520316.0,6779745.95,159.0
4090,2012-12-29,13.02,13.28,13.02,13.18,0.0,0.0,239471.0,3163617.5,92.0
4090,2012-12-26,13.08,13.18,13.0,13.18,0.05,0.38,170512.0,2226610.8,79.0
4090,2012-12-25,12.92,13.23,12.87,13.13,0.11,0.84,550735.0,7203221.05,166.0
4090,2012-12-24,12.89,13.08,12.89,13.02,0.1,0.77,688617.0,8969345.8,176.0
4090,2012-12-23,13.18,13.18,12.92,12.92,-0.26,-1.97,576754.0,7496902.75,180.0
4090,2012-12-22,12.71,13.18,12.63,13.18,0.42,3.29,835603.0,10743030.1,263.0
4090,2012-12-19,12.79,12.81,12.55,12.76,-0.05,-0.39,93502.0,1188702.95,63.0
4090,2012-12-18,12.76,12.84,12.76,12.81,0.15,1.18,80640.0,1032626.25,56.0
4090,2012-12-17,12.76,12.84,12.66,12.66,-0.13,-1.02,364272.0,4652007.5,91.0
4090,2012-12-16,12.48,13.02,12.45,12.79,0.26,2.08,582608.0,7471260.5,232.0
4090,2012-12-15,12.35,12.53,12.27,12.53,0.26,2.12,422312.0,5262060.45,149.0
4090,2012-12-12,12.27,12.37,12.22,12.27,0.03,0.25,281374.0,3464162.7,129.0
4090,2012-12-11,12.19,12.29,12.19,12.24,0.05,0.41,125655.0,1536317.0,61.0
4090,2012-12-10,12.19,12.24,12.16,12.19,-0.03,-0.25,127941.0,1563065.6,56.0
4090,2012-12-09,12.29,12.29,12.22,12.22,-0.1,-0.81,142445.0,1747424.0,71.0
4090,2012-12-08,12.4,12.42,12.32,12.32,0.05,0.41,131003.0,1620100.65,58.0
4090,2012-12-05,12.32,12.5,12.27,12.27,0.03,0.25,235098.0,2904160.15,101.0
4090,2012-12-04,12.27,12.32,12.24,12.24,-0.08,-0.65,64179.0,786616.8,50.0
4090,2012-12-03,12.4,12.4,12.24,12.32,-0.03,-0.24,141375.0,1740821.0,57.0
4090,2012-12-02,12.24,12.37,12.11,12.35,0.11,0.9,209620.0,2567654.85,69.0
4090,2012-12-01,12.09,12.24,12.09,12.24,0.26,2.17,211379.0,2575457.9,60.0
4090,2012-11-28,11.96,12.09,11.96,11.98,0.02,0.17,122633.0,1471192.05,50.0
4090,2012-11-27,12.03,12.09,11.93,11.96,-0.15,-1.24,100847.0,1213337.2,46.0
4090,2012-11-26,12.06,12.11,11.98,12.11,0.05,0.41,117596.0,1413325.2,61.0
4090,2012-11-25,12.11,12.11,11.98,12.06,-0.13,-1.07,183303.0,2201989.75,60.0
4090,2012-11-24,12.01,12.19,12.01,12.19,0.1,0.83,36278.0,440993.95,32.0
4090,2012-11-21,12.03,12.11,12.03,12.09,0.03,0.25,112330.0,1357247.35,52.0
4090,2012-11-20,12.14,12.19,12.01,12.06,-0.1,-0.82,68134.0,826196.35,38.0
4090,2012-11-19,12.35,12.45,12.09,12.16,-0.21,-1.7,258743.0,3162599.5,96.0
4090,2012-11-18,12.48,12.5,12.37,12.37,-0.11,-0.88,282998.0,3521718.3,62.0
4090,2012-11-17,12.45,12.48,12.37,12.48,0.03,0.24,204122.0,2538206.4,53.0
4090,2012-11-14,12.4,12.5,12.37,12.45,0.05,0.4,114966.0,1430420.0,47.0
4090,2012-11-13,12.48,12.48,12.35,12.4,0.0,0.0,102669.0,1274553.9,42.0
4090,2012-11-12,12.37,12.5,12.37,12.4,-0.18,-1.43,162981.0,2029166.3,70.0
4090,2012-11-11,12.71,12.74,12.55,12.58,-0.08,-0.63,146975.0,1857712.65,62.0
4090,2012-11-10,12.63,12.76,12.63,12.66,-0.26,-2.01,221282.0,2809114.05,105.0
4090,2012-11-07,13.18,13.18,12.81,12.92,-0.36,-2.71,585264.0,7537728.25,244.0
4090,2012-11-06,12.29,13.28,12.19,13.28,0.99,8.06,301587.0,3795858.2,116.0
4090,2012-11-05,12.14,12.29,12.11,12.29,0.1,0.82,253038.0,3100270.45,92.0
4090,2012-11-04,12.11,12.19,12.11,12.19,0.1,0.83,176362.0,2144382.9,86.0
4090,2012-11-03,12.11,12.11,11.98,12.09,-0.02,-0.17,176045.0,2124601.2,50.0
4090,2012-10-24,11.96,12.11,11.96,12.11,0.15,1.25,390812.0,4691579.3,86.0
4090,2012-10-23,11.96,12.01,11.9,11.96,0.0,0.0,182414.0,2181186.55,73.0
4090,2012-10-22,11.98,11.98,11.9,11.96,-0.1,-0.83,226456.0,2703619.05,121.0
4090,2012-10-21,12.32,12.32,12.01,12.06,-0.26,-2.11,298793.0,3635960.95,162.0
4090,2012-10-20,12.4,12.4,12.27,12.32,-0.23,-1.83,437969.0,5394070.15,170.0
4090,2012-10-17,12.09,12.63,12.03,12.55,0.54,4.5,644026.0,7942562.8,182.0
4090,2012-10-16,11.98,12.09,11.98,12.01,-0.02,-0.17,164442.0,1979631.5,77.0
4090,2012-10-15,11.98,12.03,11.93,12.03,0.15,1.26,429559.0,5143073.3,95.0
4090,2012-10-14,11.96,11.96,11.85,11.88,-0.02,-0.17,157278.0,1871148.1,68.0
4090,2012-10-13,12.01,12.11,11.88,11.9,-0.08,-0.67,300262.0,3590459.15,85.0
4090,2012-10-10,12.11,12.11,11.98,11.98,-0.18,-1.48,252807.0,3049682.1,73.0
4090,2012-10-09,12.35,12.35,12.09,12.16,-0.11,-0.9,42462.0,517499.7,33.0
4090,2012-10-08,12.11,12.27,12.06,12.27,0.11,0.9,461642.0,5581174.8,73.0
4090,2012-10-07,12.29,12.29,12.11,12.16,-0.13,-1.06,460233.0,5600734.65,98.0
4090,2012-10-06,12.4,12.45,12.29,12.29,-0.19,-1.52,99444.0,1230835.7,59.0
4090,2012-10-03,12.24,12.5,12.24,12.48,0.13,1.05,169577.0,2111288.65,73.0
4090,2012-10-02,12.19,12.35,12.11,12.35,0.11,0.9,227420.0,2787536.9,79.0
4090,2012-10-01,12.19,12.24,12.11,12.24,0.0,0.0,303543.0,3691646.1,153.0
4090,2012-09-30,12.5,12.66,12.19,12.24,-0.42,-3.32,325819.0,4040686.5,183.0
4090,2012-09-29,12.87,12.97,12.5,12.66,-0.23,-1.78,697317.0,8864389.85,157.0
4090,2012-09-26,12.66,12.92,12.63,12.89,0.15,1.18,841427.0,10773637.75,210.0
4090,2012-09-25,12.81,12.89,12.63,12.74,0.03,0.24,315464.0,4040554.1,100.0
4090,2012-09-24,12.87,12.87,12.55,12.71,-0.18,-1.4,127678.0,1616580.4,102.0
4090,2012-09-22,12.89,13.02,12.76,12.89,0.21,1.66,504830.0,6518262.6,147.0
4090,2012-09-19,12.68,12.71,12.58,12.68,0.0,0.0,711854.0,8997335.85,112.0
4090,2012-09-18,12.79,12.79,12.63,12.68,-0.19,-1.48,270674.0,3442208.95,84.0
4090,2012-09-17,12.89,12.94,12.79,12.87,-0.02,-0.16,137826.0,1773834.05,101.0
4090,2012-09-16,12.92,13.02,12.68,12.89,0.31,2.46,1099188.0,14232321.6,229.0
4090,2012-09-15,12.5,12.61,12.5,12.58,0.05,0.4,277376.0,3482803.1,109.0
4090,2012-09-12,12.29,12.53,12.29,12.53,0.26,2.12,604768.0,7511019.2,155.0
4090,2012-09-11,12.14,12.27,12.06,12.27,0.05,0.41,156387.0,1907588.65,74.0
4090,2012-09-10,12.14,12.22,12.11,12.22,-0.02,-0.16,138826.0,1689443.7,78.0
4090,2012-09-09,12.09,12.24,12.09,12.24,0.13,1.07,144775.0,1763265.55,81.0
4090,2012-09-08,12.11,12.19,12.11,12.11,0.05,0.41,391002.0,4747064.15,91.0
4090,2012-09-05,11.85,12.06,11.85,12.06,0.16,1.34,670775.0,8042162.05,110.0
4090,2012-09-04,12.03,12.03,11.75,11.9,-0.13,-1.08,831881.0,9871521.0,114.0
4090,2012-09-03,11.96,12.09,11.96,12.03,0.07,0.59,298843.0,3593027.5,74.0
4090,2012-09-02,12.03,12.03,11.96,11.96,-0.07,-0.58,178959.0,2143672.45,40.0
4090,2012-09-01,11.96,12.14,11.96,12.03,0.1,0.84,130452.0,1564660.65,67.0
4090,2012-08-29,12.03,12.09,11.88,11.93,-0.1,-0.83,180930.0,2168977.2,98.0
4090,2012-08-28,12.03,12.03,11.98,12.03,0.02,0.17,450785.0,5403621.15,106.0
4090,2012-08-27,11.93,12.24,11.85,12.01,0.08,0.67,349456.0,4182801.1,117.0
4090,2012-08-26,11.77,11.93,11.72,11.93,0.21,1.79,694840.0,8213628.3,131.0
4090,2012-08-25,11.62,11.77,11.49,11.72,0.05,0.43,338391.0,3942472.2,110.0
4090,2012-08-15,11.41,11.67,11.41,11.67,0.26,2.28,293436.0,3378737.5,70.0
4090,2012-08-14,11.41,11.41,11.38,11.41,-0.02,-0.17,260626.0,2972802.55,64.0
4090,2012-08-13,11.46,11.49,11.41,11.43,-0.03,-0.26,63384.0,725705.85,46.0
4090,2012-08-12,11.49,11.49,11.38,11.46,-0.03,-0.26,179894.0,2056618.45,36.0
4090,2012-08-11,11.46,11.62,11.46,11.49,0.03,0.26,183804.0,2115921.4,68.0
4090,2012-08-08,11.49,11.51,11.43,11.46,-0.05,-0.43,246085.0,2820690.15,61.0
4090,2012-08-07,11.51,11.51,11.49,11.51,-0.03,-0.26,110935.0,1276249.4,45.0
4090,2012-08-06,11.46,11.54,11.43,11.54,0.08,0.7,221701.0,2553398.35,80.0
4090,2012-08-05,11.43,11.49,11.41,11.46,0.0,0.0,117967.0,1352291.05,56.0
4090,2012-08-04,11.33,11.49,11.33,11.46,0.18,1.6,719738.0,8229470.95,154.0
4090,2012-08-01,10.99,11.28,10.99,11.28,0.24,2.17,443242.0,4956152.95,119.0
4090,2012-07-31,10.86,11.07,10.84,11.04,0.15,1.38,608351.0,6670535.95,93.0
4090,2012-07-30,10.84,10.91,10.84,10.89,0.0,0.0,101980.0,1109714.35,50.0
4090,2012-07-29,10.94,10.94,10.84,10.89,-0.05,-0.46,287940.0,3130103.4,55.0
4090,2012-07-28,10.94,10.99,10.78,10.94,0.1,0.92,284156.0,3111943.4,100.0
4090,2012-07-25,10.68,10.91,10.68,10.84,0.16,1.5,254174.0,2737648.7,96.0
4090,2012-07-24,10.57,10.78,10.57,10.68,0.03,0.28,235050.0,2517469.95,104.0
4090,2012-07-23,10.65,10.73,10.57,10.65,-0.11,-1.02,191122.0,2039023.3,73.0
4090,2012-07-22,10.65,10.78,10.63,10.76,0.13,1.22,235651.0,2521272.65,105.0
4090,2012-07-21,10.63,10.65,10.52,10.63,0.06,0.57,142949.0,1517017.95,62.0
4090,2012-07-18,10.6,10.76,10.52,10.57,-0.08,-0.75,708389.0,7537047.65,135.0
4090,2012-07-17,10.6,10.76,10.6,10.65,0.05,0.47,501589.0,5355059.75,138.0
4090,2012-07-16,10.7,10.73,10.52,10.6,0.05,0.47,539129.0,5743958.8,159.0
4090,2012-07-15,10.5,10.57,10.37,10.55,0.03,0.29,169961.0,1785292.25,91.0
4090,2012-07-14,10.42,10.52,10.42,10.52,0.13,1.25,311323.0,3266831.8,97.0
4090,2012-07-11,10.47,10.47,10.37,10.39,-0.11,-1.05,196985.0,2055207.95,73.0
4090,2012-07-10,10.47,10.6,10.29,10.5,0.0,0.0,345709.0,3618003.15,102.0
4090,2012-07-09,10.73,10.76,10.47,10.5,-0.23,-2.14,519600.0,5492110.25,130.0
4090,2012-07-08,10.65,10.99,10.6,10.73,0.1,0.94,791573.0,8502391.25,216.0
4090,2012-07-07,10.57,10.68,10.47,10.63,0.11,1.05,407296.0,4308241.55,117.0
4090,2012-07-04,10.63,10.68,10.52,10.52,-0.11,-1.03,466173.0,4948047.9,125.0
4090,2012-07-03,10.57,10.76,10.57,10.63,0.16,1.53,1864593.0,19861119.7,341.0
4090,2012-07-02,10.11,10.57,10.11,10.47,0.39,3.87,1550606.0,16093290.65,399.0
4090,2012-07-01,9.9,10.08,9.9,10.08,0.05,0.5,453351.0,4526755.25,120.0
4090,2012-06-30,10.08,10.11,9.98,10.03,0.26,2.66,1438210.0,14434296.25,258.0
4090,2012-06-27,10.16,10.16,9.77,9.77,-0.36,-3.55,1053820.0,10493249.3,259.0
4090,2012-06-26,10.13,10.21,10.11,10.13,-0.03,-0.3,1835311.0,18598519.45,225.0
4090,2012-06-25,10.29,10.29,10.11,10.16,-0.1,-0.97,413783.0,4238126.4,163.0
4090,2012-06-24,10.37,10.37,10.24,10.26,-0.08,-0.77,680930.0,7006806.1,197.0
4090,2012-06-23,10.37,10.39,10.31,10.34,-0.05,-0.48,455098.0,4712610.7,156.0
4090,2012-06-20,10.52,10.52,10.37,10.39,-0.08,-0.76,925479.0,9647726.65,258.0
4090,2012-06-19,10.47,10.57,10.44,10.47,-0.03,-0.29,878245.0,9210821.95,248.0
4090,2012-06-18,10.44,10.55,10.42,10.5,0.06,0.57,603292.0,6320804.15,192.0
4090,2012-06-17,10.26,10.47,10.26,10.44,0.13,1.26,636282.0,6574463.9,245.0
4090,2012-06-16,10.47,10.47,10.03,10.31,-0.06,-0.58,644965.0,6645391.25,271.0
4090,2012-06-13,10.47,10.47,10.37,10.37,-0.05,-0.48,635111.0,6597977.8,161.0
4090,2012-06-12,10.44,10.47,10.37,10.42,-0.21,-1.98,503008.0,5240214.75,215.0
4090,2012-06-11,10.55,10.68,10.52,10.63,0.11,1.05,370137.0,3920317.1,140.0
4090,2012-06-10,10.37,10.52,10.31,10.52,0.18,1.74,328324.0,3417069.85,128.0
4090,2012-06-09,10.7,10.76,10.21,10.34,-0.21,-1.99,569043.0,5946296.4,225.0
4090,2012-06-06,10.73,10.78,10.42,10.55,-0.15,-1.4,631141.0,6728546.15,214.0
4090,2012-06-05,10.84,10.84,10.7,10.7,-0.11,-1.02,329207.0,3552608.95,158.0
4090,2012-06-04,10.89,10.89,10.78,10.81,-0.13,-1.19,459894.0,4973386.7,128.0
4090,2012-06-03,10.99,10.99,10.84,10.94,0.03,0.27,385615.0,4214802.15,130.0
4090,2012-06-02,11.1,11.25,10.91,10.91,-0.55,-4.8,912627.0,10056980.4,217.0
4090,2012-05-30,11.54,11.72,11.38,11.46,-0.05,-0.43,1301845.0,15038509.15,318.0
4090,2012-05-29,11.62,11.69,11.51,11.51,-0.05,-0.43,570329.0,6613203.0,176.0
4090,2012-05-28,11.51,11.62,11.49,11.56,0.13,1.14,387869.0,4474753.95,143.0
4090,2012-05-27,11.59,11.62,11.43,11.43,-0.21,-1.8,387692.0,4466052.6,190.0
4090,2012-05-26,11.46,11.96,11.46,11.64,0.18,1.57,650202.0,7585946.65,318.0
4090,2012-05-23,11.46,11.54,11.33,11.46,-0.05,-0.43,455344.0,5212733.7,195.0
4090,2012-05-22,11.54,11.56,11.51,11.51,0.05,0.44,399698.0,4611170.25,182.0
4090,2012-05-21,11.36,11.56,11.33,11.46,0.05,0.44,843288.0,9630653.55,305.0
4090,2012-05-20,11.46,11.46,11.3,11.41,0.05,0.44,343395.0,3908969.9,183.0
4090,2012-05-19,11.62,11.64,11.36,11.36,-0.41,-3.48,383166.0,4415654.0,163.0
4090,2012-05-16,11.75,11.93,11.69,11.77,-0.21,-1.75,445995.0,5256382.8,212.0
4090,2012-05-15,11.85,11.98,11.67,11.98,0.13,1.1,347148.0,4097337.6,178.0
4090,2012-05-14,11.88,12.09,11.75,11.85,-0.34,-2.79,438957.0,5214725.5,238.0
4090,2012-05-13,12.29,12.45,12.19,12.19,-0.21,-1.69,282680.0,3476181.55,127.0
4090,2012-05-12,12.37,12.4,12.03,12.4,0.08,0.65,346918.0,4234259.5,144.0
4090,2012-05-09,12.55,12.55,12.24,12.32,-0.26,-2.07,365666.0,4538627.3,160.0
4090,2012-05-08,12.66,12.68,12.45,12.58,-0.08,-0.63,1122725.0,14103592.15,242.0
4090,2012-05-07,12.63,12.74,12.53,12.66,-0.05,-0.39,638042.0,8071528.95,223.0
4090,2012-05-06,12.87,12.87,12.71,12.71,-0.18,-1.4,378053.0,4843048.5,146.0
4090,2012-05-05,13.0,13.0,12.84,12.89,-0.19,-1.45,430476.0,5555787.65,177.0
4090,2012-05-02,13.02,13.23,12.97,13.08,0.11,0.85,858597.0,11216165.6,281.0
4090,2012-05-01,12.97,13.02,12.92,12.97,-0.05,-0.38,248962.0,3230136.35,101.0
4090,2012-04-30,12.94,13.08,12.87,13.02,0.1,0.77,849438.0,11010234.75,193.0
4090,2012-04-29,13.0,13.08,12.92,12.92,-0.16,-1.22,1068832.0,13878603.0,262.0
4090,2012-04-28,12.81,13.08,12.81,13.08,0.32,2.51,1260860.0,16238376.8,297.0
4090,2012-04-25,12.68,12.87,12.58,12.76,0.1,0.79,1315582.0,16752679.6,305.0
4090,2012-04-24,12.76,12.84,12.63,12.66,-0.1,-0.78,513508.0,6541255.35,149.0
4090,2012-04-23,12.87,12.92,12.66,12.76,-0.16,-1.24,663643.0,8524530.1,216.0
4090,2012-04-22,12.87,13.02,12.79,12.92,0.16,1.25,1249324.0,16069357.35,354.0
4090,2012-04-21,12.81,12.87,12.71,12.76,0.02,0.16,432012.0,5514421.9,204.0
4090,2012-04-18,12.68,12.81,12.66,12.74,0.08,0.63,895697.0,11411600.4,273.0
4090,2012-04-17,12.89,12.89,12.58,12.66,0.03,0.24,1301751.0,16528720.1,300.0
4090,2012-04-16,12.66,12.81,12.35,12.63,-0.03,-0.24,720491.0,9096880.7,239.0
4090,2012-04-15,13.13,13.13,12.5,12.66,0.03,0.24,2011217.0,26054020.7,566.0
4090,2012-04-14,12.71,12.76,12.5,12.63,-0.24,-1.86,563896.0,7164296.4,197.0
4090,2012-04-11,12.68,12.87,11.96,12.87,0.13,1.02,2136984.0,26031681.1,485.0
4090,2012-04-10,12.68,13.0,12.68,12.74,0.06,0.47,425032.0,5447641.75,204.0
4090,2012-04-09,12.5,12.68,12.4,12.68,0.15,1.2,571615.0,7156736.55,179.0
4090,2012-04-08,12.89,12.89,12.03,12.53,-0.39,-3.02,701761.0,8794252.4,282.0
4090,2012-04-07,12.97,12.97,12.89,12.92,-0.08,-0.62,154901.0,2000978.7,119.0
4090,2012-04-04,13.08,13.08,13.0,13.0,-0.08,-0.61,226114.0,2944788.55,128.0
4090,2012-04-03,13.02,13.08,13.0,13.08,0.06,0.46,217030.0,2831680.55,118.0
4090,2012-04-02,13.13,13.13,12.92,13.02,0.0,0.0,374861.0,4883192.65,178.0
4090,2012-04-01,13.08,13.18,13.0,13.02,-0.21,-1.59,1054029.0,13749033.8,295.0
4090,2012-03-31,13.28,13.34,13.13,13.23,-0.05,-0.38,245359.0,3246579.8,164.0
4090,2012-03-28,12.97,13.28,12.94,13.28,0.26,2.0,632041.0,8290071.6,219.0
4090,2012-03-27,13.18,13.28,13.02,13.02,-0.26,-1.96,941449.0,12367929.1,270.0
4090,2012-03-26,13.18,13.28,13.13,13.28,0.1,0.76,691955.0,9137522.6,227.0
4090,2012-03-25,13.34,13.44,13.02,13.18,-0.21,-1.57,1802520.0,23823638.9,458.0
4090,2012-03-24,13.28,13.65,13.23,13.39,0.0,0.0,1158972.0,15508808.1,341.0
4090,2012-03-21,13.6,13.65,13.28,13.39,-0.31,-2.26,818637.0,10981285.3,291.0
4090,2012-03-20,13.34,13.75,12.92,13.7,0.42,3.16,1282815.0,17038877.3,371.0
4090,2012-03-19,13.49,14.06,13.28,13.28,-0.21,-1.56,1757298.0,24044148.1,485.0
4090,2012-03-18,13.49,13.49,13.28,13.49,0.0,0.0,505052.0,6751996.1,204.0
4090,2012-03-17,12.97,13.54,12.94,13.49,0.57,4.41,1718628.0,22728783.65,511.0
4090,2012-03-14,12.74,12.92,12.71,12.92,0.24,1.89,780904.0,9993436.5,242.0
4090,2012-03-13,12.81,12.97,12.5,12.68,-0.13,-1.01,1797462.0,22879285.5,609.0
4090,2012-03-12,12.89,12.94,12.68,12.81,0.05,0.39,657422.0,8402847.15,202.0
4090,2012-03-11,12.55,12.84,12.5,12.76,0.26,2.08,1293333.0,16371746.65,315.0
4090,2012-03-10,12.55,12.87,12.48,12.5,0.0,0.0,997385.0,12614194.3,322.0
4090,2012-03-07,12.09,12.66,11.9,12.5,0.05,0.4,1222263.0,15198969.45,408.0
4090,2012-03-06,11.98,12.48,11.9,12.45,0.49,4.1,1836357.0,22250341.6,542.0
4090,2012-03-05,11.56,12.16,11.51,11.96,0.37,3.19,2161880.0,25593195.9,541.0
4090,2012-03-04,11.51,11.62,11.46,11.59,0.03,0.26,469252.0,5405444.9,133.0
4090,2012-03-03,11.54,11.59,11.49,11.56,0.05,0.43,570627.0,6594551.75,157.0
4090,2012-02-29,11.54,11.56,11.38,11.51,0.05,0.44,613889.0,7036126.75,154.0
4090,2012-02-28,11.59,11.64,11.33,11.46,-0.13,-1.12,895747.0,10334195.8,223.0
4090,2012-02-27,11.46,11.59,11.41,11.59,0.1,0.87,284766.0,3280870.95,161.0
4090,2012-02-26,11.51,11.56,11.46,11.49,-0.02,-0.17,293002.0,3375159.55,152.0
4090,2012-02-25,11.51,11.59,11.43,11.51,0.08,0.7,616868.0,7109231.3,179.0
4090,2012-02-22,11.43,11.49,11.38,11.43,0.02,0.18,432722.0,4937121.65,118.0
4090,2012-02-21,11.33,11.46,11.3,11.41,0.03,0.26,680252.0,7753140.8,132.0
4090,2012-02-20,11.46,11.46,11.23,11.38,0.02,0.18,269511.0,3075785.5,132.0
4090,2012-02-19,11.2,11.46,11.07,11.36,0.34,3.09,1303644.0,14842459.0,353.0
4090,2012-02-18,10.73,11.02,10.68,11.02,0.24,2.23,591784.0,6452278.15,266.0
4090,2012-02-15,10.6,10.89,10.6,10.78,0.15,1.41,654024.0,7016477.5,189.0
4090,2012-02-14,10.57,10.68,10.57,10.63,0.03,0.28,221716.0,2356127.1,117.0
4090,2012-02-13,10.63,10.68,10.5,10.6,-0.03,-0.28,336475.0,3570253.55,161.0
4090,2012-02-12,10.55,10.68,10.5,10.63,0.13,1.24,490866.0,5198262.15,217.0
4090,2012-02-11,10.44,10.6,10.44,10.5,0.03,0.29,420095.0,4415041.4,141.0
4090,2012-02-08,10.44,10.52,10.42,10.47,0.05,0.48,268670.0,2815165.65,120.0
4090,2012-02-07,10.37,10.47,10.37,10.42,0.05,0.48,246780.0,2567533.95,113.0
4090,2012-02-06,10.42,10.42,10.29,10.37,-0.07,-0.67,489967.0,5079908.4,160.0
4090,2012-02-05,10.42,10.47,10.37,10.44,0.05,0.48,283837.0,2952938.85,102.0
4090,2012-02-04,10.39,10.47,10.37,10.39,0.02,0.19,579217.0,6033425.55,226.0
4090,2012-02-01,10.31,10.5,10.26,10.37,0.06,0.58,600580.0,6217797.45,241.0
4090,2012-01-31,10.24,10.37,10.24,10.31,0.07,0.68,372124.0,3826239.75,141.0
4090,2012-01-30,10.24,10.31,10.18,10.24,-0.05,-0.49,315589.0,3229820.55,141.0
4090,2012-01-29,10.31,10.37,10.24,10.29,-0.05,-0.48,605033.0,6221561.55,215.0
4090,2012-01-28,10.21,10.65,10.16,10.34,0.16,1.57,1822846.0,18858033.2,490.0
4090,2012-01-25,10.16,10.31,10.16,10.18,0.02,0.2,300444.0,3083391.25,139.0
4090,2012-01-24,10.16,10.21,10.16,10.16,0.0,0.0,205996.0,2097166.85,95.0
4090,2012-01-23,10.13,10.18,10.13,10.16,0.03,0.3,137494.0,1397727.85,72.0
4090,2012-01-22,10.11,10.18,10.11,10.13,0.02,0.2,203022.0,2061285.3,93.0
4090,2012-01-21,10.08,10.21,10.05,10.11,0.06,0.6,407039.0,4128690.8,127.0
4090,2012-01-18,10.03,10.11,10.03,10.05,0.0,0.0,453593.0,4570266.6,111.0
4090,2012-01-17,10.05,10.08,10.03,10.05,0.0,0.0,509302.0,5123566.7,133.0
4090,2012-01-16,10.08,10.21,10.0,10.05,0.0,0.0,1540911.0,15606253.7,396.0
4090,2012-01-15,10.05,10.08,10.0,10.05,0.0,0.0,429630.0,4317713.5,132.0
4090,2012-01-14,10.05,10.08,10.03,10.05,-0.03,-0.3,161728.0,1625254.8,79.0
4090,2012-01-11,10.08,10.13,10.03,10.08,0.08,0.8,282994.0,2847928.45,127.0
4090,2012-01-10,10.11,10.29,10.0,10.0,-0.03,-0.3,550837.0,5585617.15,236.0
4090,2012-01-09,10.0,10.16,9.98,10.03,0.0,0.0,499850.0,5023424.95,163.0
4090,2012-01-08,10.0,10.18,9.95,10.03,0.03,0.3,558871.0,5624098.35,195.0
4090,2012-01-07,9.98,10.05,9.9,10.0,0.05,0.5,323909.0,3232206.3,172.0
4090,2012-01-04,9.85,9.95,9.85,9.95,0.05,0.51,240051.0,2374734.55,100.0
4090,2012-01-03,9.92,10.0,9.85,9.9,0.0,0.0,818284.0,8121491.75,204.0
4090,2012-01-02,9.9,9.92,9.79,9.9,0.03,0.3,658418.0,6507948.3,158.0
4090,2012-01-01,10.03,10.03,9.82,9.87,-0.16,-1.6,820589.0,8162062.7,235.0
4090,2011-12-31,10.18,10.21,10.03,10.03,0.03,0.3,789613.0,7969415.05,301.0
4090,2011-12-28,9.87,10.05,9.85,10.0,0.13,1.32,400370.0,3987461.0,178.0
4090,2011-12-27,9.95,9.95,9.85,9.87,-0.08,-0.8,406989.0,4025156.35,155.0
4090,2011-12-26,9.85,10.0,9.85,9.95,0.1,1.02,644663.0,6398554.2,205.0
4090,2011-12-25,9.82,9.85,9.77,9.85,0.03,0.31,391336.0,3838243.0,146.0
4090,2011-12-24,9.77,9.82,9.74,9.82,0.05,0.51,2519331.0,24626297.45,174.0
4090,2011-12-21,9.72,9.79,9.72,9.77,0.03,0.31,917487.0,8963701.05,226.0
4090,2011-12-20,9.61,9.85,9.56,9.74,0.16,1.67,1385828.0,13371360.65,452.0
4090,2011-12-19,9.74,9.74,9.56,9.58,-0.08,-0.83,2498315.0,23995365.35,671.0
4090,2011-12-18,9.69,10.47,9.56,9.66,-0.03,-0.31,6113198.0,61430876.1,1634.0
4090,2011-12-17,9.72,9.74,9.61,9.69,0.05,0.52,334054.0,3235264.4,92.0
4090,2011-12-14,9.56,9.66,9.56,9.64,0.03,0.31,143122.0,1375554.25,71.0
4090,2011-12-13,9.61,9.69,9.58,9.61,0.03,0.31,510491.0,4921655.5,152.0
4090,2011-12-12,9.64,9.72,9.53,9.58,0.02,0.21,635213.0,6110845.2,258.0
4090,2011-12-11,9.56,9.58,9.56,9.56,0.05,0.53,384315.0,3680878.75,97.0
4090,2011-12-10,9.58,9.61,9.48,9.51,-0.05,-0.52,385308.0,3665148.1,158.0
4090,2011-12-07,9.56,9.69,9.56,9.56,0.0,0.0,407582.0,3902069.05,81.0
4090,2011-12-06,9.58,9.58,9.56,9.56,-0.13,-1.34,87568.0,837173.55,43.0
4090,2011-12-05,9.64,9.69,9.56,9.69,0.13,1.36,106036.0,1017562.6,59.0
4090,2011-12-04,9.53,9.61,9.53,9.56,0.08,0.84,318708.0,3050506.55,84.0
4090,2011-12-03,9.51,9.51,9.45,9.48,0.03,0.32,134900.0,1278773.85,60.0
4090,2011-11-30,9.45,9.48,9.43,9.45,0.0,0.0,183407.0,1734630.6,51.0
4090,2011-11-29,9.43,9.48,9.4,9.45,-0.06,-0.63,800350.0,7557921.65,102.0
4090,2011-11-28,9.45,9.51,9.45,9.51,0.08,0.85,701985.0,6647238.7,119.0
4090,2011-11-27,9.38,9.48,9.35,9.43,0.05,0.53,455075.0,4287607.95,109.0
4090,2011-11-26,9.45,9.56,9.38,9.38,-0.2,-2.09,599942.0,5662930.1,176.0
4090,2011-11-23,9.53,9.64,9.48,9.58,0.0,0.0,138152.0,1321608.6,59.0
4090,2011-11-22,9.38,9.9,9.38,9.58,0.2,2.13,827629.0,7960023.15,254.0
4090,2011-11-21,9.27,9.51,9.27,9.38,0.11,1.19,287972.0,2716655.4,81.0
4090,2011-11-20,9.3,9.38,9.27,9.27,-0.05,-0.54,170793.0,1593057.75,72.0
4090,2011-11-19,9.4,9.48,9.32,9.32,-0.08,-0.85,231912.0,2180503.25,79.0
4090,2011-11-16,9.45,9.45,9.4,9.4,0.0,0.0,147303.0,1388935.25,48.0
4090,2011-11-15,9.38,9.45,9.38,9.4,0.0,0.0,55963.0,526552.8,41.0
4090,2011-11-14,9.43,9.43,9.4,9.4,-0.03,-0.32,155358.0,1463045.2,59.0
4090,2011-11-13,9.38,9.45,9.38,9.43,0.05,0.53,104498.0,983706.5,60.0
4090,2011-11-12,9.4,9.43,9.32,9.38,0.0,0.0,139841.0,1314492.7,75.0
4090,2011-11-02,9.32,9.48,9.27,9.38,-0.02,-0.21,381394.0,3580925.85,124.0
4090,2011-11-01,9.22,9.61,9.22,9.4,0.18,1.95,1003883.0,9423995.1,284.0
4090,2011-10-31,9.06,9.27,9.04,9.22,0.16,1.77,254518.0,2325558.95,74.0
4090,2011-10-30,9.06,9.12,8.96,9.06,0.0,0.0,205220.0,1861917.35,82.0
4090,2011-10-29,9.04,9.12,9.04,9.06,0.0,0.0,145338.0,1319195.75,73.0
4090,2011-10-26,9.09,9.12,9.04,9.06,-0.03,-0.33,86413.0,783180.9,39.0
4090,2011-10-25,9.12,9.14,9.06,9.09,-0.03,-0.33,120418.0,1097964.25,40.0
4090,2011-10-24,9.09,9.25,9.04,9.12,0.08,0.88,145460.0,1329757.55,63.0
4090,2011-10-23,9.06,9.12,9.04,9.04,-0.05,-0.55,80633.0,731179.0,50.0
4090,2011-10-22,9.06,9.14,8.91,9.09,-0.03,-0.33,182388.0,1648292.3,54.0
4090,2011-10-19,9.12,9.12,9.06,9.12,-0.07,-0.76,95397.0,867832.05,52.0
4090,2011-10-18,9.17,9.19,9.12,9.19,0.02,0.22,134551.0,1232984.55,69.0
4090,2011-10-17,9.12,9.17,9.12,9.17,-0.05,-0.54,217886.0,1996385.05,71.0
4090,2011-10-16,9.17,9.22,9.12,9.22,0.13,1.43,463076.0,4244061.65,152.0
4090,2011-10-15,9.06,9.09,9.04,9.09,0.05,0.55,115926.0,1052750.55,70.0
4090,2011-10-12,8.99,9.06,8.96,9.04,0.03,0.33,92709.0,835587.6,57.0
4090,2011-10-11,9.06,9.17,9.01,9.01,-0.08,-0.88,332267.0,3017845.5,117.0
4090,2011-10-10,9.04,9.14,9.04,9.09,0.08,0.89,585794.0,5317595.35,148.0
4090,2011-10-09,8.91,9.09,8.88,9.01,0.1,1.12,515895.0,4637886.5,164.0
4090,2011-10-08,8.86,8.93,8.86,8.91,0.05,0.56,214049.0,1901851.35,97.0
4090,2011-10-05,8.78,8.88,8.78,8.86,0.11,1.26,414577.0,3667484.3,106.0
4090,2011-10-04,8.83,8.83,8.75,8.75,-0.08,-0.91,425975.0,3740003.2,131.0
4090,2011-10-03,8.75,9.19,8.75,8.83,0.05,0.57,3234263.0,28901121.4,714.0
4090,2011-10-02,8.78,8.8,8.75,8.78,0.03,0.34,306693.0,2690578.0,86.0
4090,2011-10-01,8.7,8.78,8.7,8.75,-0.05,-0.57,397129.0,3465719.5,124.0
4090,2011-09-28,8.86,8.86,8.78,8.8,-0.03,-0.34,435796.0,3843206.85,112.0
4090,2011-09-27,8.86,8.86,8.8,8.83,0.03,0.34,202573.0,1789470.1,79.0
4090,2011-09-26,8.8,8.83,8.8,8.8,0.0,0.0,193756.0,1707337.35,58.0
4090,2011-09-25,8.75,8.83,8.75,8.8,0.02,0.23,440023.0,3868118.4,142.0
4090,2011-09-21,8.78,8.8,8.75,8.78,0.0,0.0,181625.0,1592951.75,71.0
4090,2011-09-20,8.75,8.8,8.75,8.78,0.0,0.0,243493.0,2135237.25,78.0
4090,2011-09-19,8.75,8.78,8.75,8.78,0.0,0.0,224079.0,1964691.65,68.0
4090,2011-09-18,8.8,8.8,8.75,8.78,0.0,0.0,272799.0,2397593.75,95.0
4090,2011-09-17,8.83,8.83,8.75,8.78,-0.02,-0.23,1143264.0,10029255.05,266.0
4090,2011-09-14,8.75,8.8,8.75,8.8,0.05,0.57,126935.0,1116492.85,47.0
4090,2011-09-13,8.8,8.8,8.6,8.75,-0.03,-0.34,513844.0,4483217.15,133.0
4090,2011-09-12,8.83,8.83,8.78,8.78,-0.05,-0.57,163425.0,1437718.85,55.0
4090,2011-09-11,8.88,8.88,8.83,8.83,-0.05,-0.56,149240.0,1321844.45,49.0
4090,2011-09-10,8.86,8.88,8.8,8.88,0.05,0.57,251692.0,2227469.15,79.0
4090,2011-09-07,8.86,8.93,8.75,8.83,0.05,0.57,377938.0,3340240.25,142.0
4090,2011-09-06,8.83,8.86,8.78,8.78,-0.08,-0.9,144318.0,1273961.4,76.0
4090,2011-09-05,8.83,8.96,8.8,8.86,-0.02,-0.23,103237.0,917971.95,79.0
4090,2011-09-04,8.86,8.91,8.83,8.88,0.02,0.23,161094.0,1427656.5,65.0
4090,2011-09-03,8.83,8.88,8.8,8.86,0.0,0.0,178110.0,1576258.55,73.0
4090,2011-08-24,8.75,8.86,8.75,8.86,0.11,1.26,295762.0,2602879.85,60.0
4090,2011-08-23,8.8,8.8,8.73,8.75,-0.24,-2.67,377228.0,3311721.7,137.0
4090,2011-08-22,8.93,9.01,8.88,8.99,0.16,1.81,418018.0,3742633.6,147.0
4090,2011-08-21,8.83,8.93,8.83,8.83,0.05,0.57,114081.0,1011912.75,67.0
4090,2011-08-20,8.78,8.78,8.73,8.78,0.0,0.0,153285.0,1342951.75,66.0
4090,2011-08-17,8.75,8.8,8.75,8.78,0.03,0.34,35217.0,309178.7,24.0
4090,2011-08-16,8.78,8.8,8.73,8.75,0.0,0.0,350230.0,3071648.95,80.0
4090,2011-08-15,8.73,8.8,8.73,8.75,0.02,0.23,96220.0,843753.25,53.0
4090,2011-08-14,8.8,8.83,8.73,8.73,-0.05,-0.57,292915.0,2569708.6,83.0
4090,2011-08-13,8.75,8.86,8.75,8.78,0.03,0.34,192669.0,1695976.3,91.0
4090,2011-08-10,8.75,8.8,8.7,8.75,0.08,0.92,173012.0,1515524.05,61.0
4090,2011-08-09,8.46,8.73,8.41,8.67,-0.03,-0.34,304556.0,2630085.95,82.0
4090,2011-08-08,8.78,8.83,8.67,8.7,-0.03,-0.34,292270.0,2547731.25,78.0
4090,2011-08-07,8.75,8.78,8.67,8.73,0.0,0.0,293355.0,2563320.35,88.0
4090,2011-08-06,8.73,8.8,8.6,8.73,-0.18,-2.02,621268.0,5408036.1,196.0
4090,2011-08-03,8.99,8.99,8.88,8.91,-0.1,-1.11,559391.0,4992382.65,105.0
4090,2011-08-02,9.01,9.06,9.01,9.01,-0.03,-0.33,317971.0,2875639.75,78.0
4090,2011-08-01,9.01,9.04,8.99,9.04,0.08,0.89,372427.0,3358261.2,89.0
4090,2011-07-31,8.96,9.01,8.93,8.96,0.03,0.34,762542.0,6839967.85,182.0
4090,2011-07-30,8.91,9.06,8.91,8.93,0.15,1.71,2775174.0,24909385.6,753.0
4090,2011-07-27,8.8,8.86,8.78,8.78,-0.05,-0.57,98196.0,867107.0,47.0
4090,2011-07-26,8.78,8.86,8.78,8.83,0.03,0.34,276757.0,2442089.65,50.0
4090,2011-07-25,8.78,8.83,8.78,8.8,0.02,0.23,315428.0,2778543.7,67.0
4090,2011-07-24,8.75,8.83,8.75,8.78,0.0,0.0,65507.0,575819.9,38.0
4090,2011-07-23,8.83,8.86,8.75,8.78,-0.02,-0.23,169648.0,1491524.75,66.0
4090,2011-07-20,8.73,8.86,8.73,8.8,0.1,1.15,395045.0,3481608.75,103.0
4090,2011-07-19,8.62,8.83,8.62,8.7,0.05,0.58,108879.0,949218.85,44.0
4090,2011-07-18,8.52,8.65,8.52,8.65,-0.05,-0.57,125079.0,1071928.35,62.0
4090,2011-07-17,8.73,8.73,8.67,8.7,-0.03,-0.34,192251.0,1674910.95,69.0
4090,2011-07-16,8.73,8.8,8.73,8.73,0.0,0.0,175903.0,1540320.2,51.0
4090,2011-07-13,8.7,8.75,8.7,8.73,0.03,0.34,168558.0,1470978.7,65.0
4090,2011-07-12,8.8,8.8,8.49,8.7,-0.13,-1.47,343440.0,2970001.65,114.0
4090,2011-07-11,8.8,8.83,8.78,8.83,0.0,0.0,243938.0,2148434.45,49.0
4090,2011-07-10,8.83,8.86,8.78,8.83,0.0,0.0,411982.0,3632882.35,90.0
4090,2011-07-09,8.86,8.93,8.83,8.83,0.03,0.34,405348.0,3604933.7,128.0
4090,2011-07-06,8.86,8.93,8.8,8.8,-0.06,-0.68,603736.0,5342615.75,162.0
4090,2011-07-05,8.78,8.88,8.75,8.86,0.11,1.26,497573.0,4394092.55,189.0
4090,2011-07-04,8.67,8.91,8.62,8.75,0.05,0.57,1090893.0,9599033.3,317.0
4090,2011-07-03,8.67,8.75,8.62,8.7,-0.03,-0.34,341576.0,2957206.7,129.0
4090,2011-07-02,8.46,8.86,8.46,8.73,0.32,3.8,1405042.0,12267626.95,410.0
4090,2011-06-29,8.39,8.44,8.36,8.41,-0.03,-0.36,266836.0,2239205.65,103.0
4090,2011-06-28,8.36,8.44,8.33,8.44,0.08,0.96,256553.0,2152336.7,102.0
4090,2011-06-27,8.33,8.39,8.33,8.36,0.03,0.36,250989.0,2097518.4,71.0
4090,2011-06-26,8.36,8.36,8.31,8.33,-0.03,-0.36,141197.0,1176477.25,61.0
4090,2011-06-25,8.28,8.36,8.26,8.36,0.03,0.36,161933.0,1345113.0,64.0
4090,2011-06-22,8.36,8.36,8.31,8.33,-0.03,-0.36,124432.0,1037779.45,55.0
4090,2011-06-21,8.31,8.36,8.31,8.36,0.05,0.6,131061.0,1093241.55,63.0
4090,2011-06-20,8.33,8.33,8.23,8.31,-0.05,-0.6,178857.0,1483814.3,74.0
4090,2011-06-19,8.39,8.41,8.33,8.36,0.0,0.0,144414.0,1208466.55,78.0
4090,2011-06-18,8.39,8.41,8.33,8.36,-0.05,-0.59,232096.0,1941592.05,71.0
4090,2011-06-15,8.39,8.44,8.39,8.41,0.05,0.6,368371.0,3102799.8,116.0
4090,2011-06-14,8.36,8.41,8.36,8.36,0.0,0.0,209699.0,1758670.6,85.0
4090,2011-06-13,8.39,8.39,8.36,8.36,0.0,0.0,75818.0,634922.55,64.0
4090,2011-06-12,8.33,8.39,8.28,8.36,0.03,0.36,128640.0,1072407.0,64.0
4090,2011-06-11,8.41,8.41,8.23,8.33,-0.08,-0.95,237803.0,1985268.45,99.0
4090,2011-06-08,8.49,8.49,8.41,8.41,-0.11,-1.29,224066.0,1893298.5,84.0
4090,2011-06-07,8.54,8.57,8.52,8.52,-0.02,-0.23,176659.0,1508060.95,78.0
4090,2011-06-06,8.54,8.57,8.54,8.54,0.0,0.0,147319.0,1260767.05,51.0
4090,2011-06-05,8.49,8.54,8.49,8.54,0.02,0.23,133599.0,1137667.1,57.0
4090,2011-06-04,8.52,8.52,8.46,8.52,-0.08,-0.93,360147.0,3062777.7,117.0
4090,2011-06-01,8.62,8.62,8.57,8.6,-0.02,-0.23,321755.0,2766224.95,103.0
4090,2011-05-31,8.65,8.67,8.62,8.62,-0.05,-0.58,380614.0,3287785.15,92.0
4090,2011-05-30,8.62,8.7,8.6,8.67,0.05,0.58,857058.0,7409895.25,215.0
4090,2011-05-29,8.57,8.62,8.57,8.62,0.05,0.58,369476.0,3170810.25,95.0
4090,2011-05-28,8.54,8.6,8.54,8.57,0.11,1.3,745163.0,6377547.25,186.0
4090,2011-05-25,8.73,8.75,8.44,8.46,-0.29,-3.31,1786009.0,15385534.7,299.0
4090,2011-05-24,8.8,8.83,8.75,8.75,-0.03,-0.34,541745.0,4751886.1,98.0
4090,2011-05-23,8.8,8.8,8.78,8.78,-0.05,-0.57,138590.0,1219002.8,52.0
4090,2011-05-22,8.83,8.83,8.8,8.83,0.0,0.0,308849.0,2721545.5,91.0
4090,2011-05-21,8.8,8.83,8.75,8.83,0.05,0.57,258215.0,2271464.0,78.0
4090,2011-05-18,8.78,8.8,8.75,8.78,0.03,0.34,116187.0,1020124.45,61.0
4090,2011-05-17,8.75,8.78,8.73,8.75,0.0,0.0,105581.0,923271.4,48.0
4090,2011-05-16,8.8,8.83,8.75,8.75,-0.05,-0.57,231612.0,2031470.6,105.0
4090,2011-05-15,8.83,8.91,8.8,8.8,-0.06,-0.68,1055110.0,9339097.4,232.0
4090,2011-05-14,8.86,8.91,8.83,8.86,-0.02,-0.23,535938.0,4746621.8,165.0
4090,2011-05-11,8.88,8.93,8.86,8.88,0.0,0.0,1195218.0,10630945.1,254.0
4090,2011-05-10,8.86,8.88,8.8,8.88,0.02,0.23,395008.0,3495279.15,139.0
4090,2011-05-09,8.86,8.88,8.83,8.86,0.0,0.0,729469.0,6459494.7,181.0
4090,2011-05-08,8.86,8.88,8.8,8.86,0.03,0.34,356407.0,3148996.0,144.0
4090,2011-05-07,8.93,9.14,8.75,8.83,-0.13,-1.45,1977091.0,17828083.3,376.0
4090,2011-05-04,8.91,8.99,8.8,8.96,0.1,1.13,523305.0,4668590.7,149.0
4090,2011-05-03,8.93,8.96,8.86,8.86,-0.02,-0.23,350020.0,3117586.8,125.0
4090,2011-05-02,8.65,9.06,8.65,8.88,0.15,1.72,995196.0,8881668.8,306.0
4090,2011-05-01,8.75,8.75,8.6,8.73,0.0,0.0,146647.0,1273420.75,83.0
4090,2011-04-30,8.7,8.86,8.7,8.73,0.03,0.34,297730.0,2612820.3,122.0
4090,2011-04-27,8.65,8.7,8.62,8.7,0.05,0.58,137569.0,1190750.5,78.0
4090,2011-04-26,8.6,8.75,8.6,8.65,0.08,0.93,226296.0,1956844.5,106.0
4090,2011-04-25,8.6,8.6,8.54,8.57,0.03,0.35,83526.0,716328.4,66.0
4090,2011-04-24,8.49,8.54,8.49,8.54,-0.03,-0.35,51068.0,435674.7,49.0
4090,2011-04-23,8.54,8.6,8.54,8.57,-0.05,-0.58,112926.0,966265.15,82.0
4090,2011-04-20,8.65,8.75,8.62,8.62,-0.39,-4.33,260989.0,2268069.9,120.0
4090,2011-04-19,8.96,9.01,8.91,9.01,0.0,0.0,189826.0,1699453.05,85.0
4090,2011-04-18,9.01,9.01,8.96,9.01,-0.05,-0.55,89899.0,809222.7,50.0
4090,2011-04-17,9.12,9.14,9.06,9.06,0.02,0.22,961481.0,8739625.3,127.0
4090,2011-04-16,8.99,9.09,8.99,9.04,0.05,0.56,149052.0,1349268.05,77.0
4090,2011-04-13,9.01,9.01,8.93,8.99,-0.05,-0.55,156890.0,1411268.75,65.0
4090,2011-04-12,9.01,9.06,9.01,9.04,0.03,0.33,803372.0,7260579.4,116.0
4090,2011-04-11,9.01,9.04,9.01,9.01,-0.05,-0.55,98351.0,887004.05,47.0
4090,2011-04-10,8.99,9.06,8.99,9.06,0.02,0.22,174246.0,1572084.05,68.0
4090,2011-04-09,9.06,9.09,8.96,9.04,0.11,1.23,322726.0,2918711.3,94.0
4090,2011-04-06,8.86,8.93,8.86,8.93,0.07,0.79,178055.0,1582343.5,87.0
4090,2011-04-05,8.86,9.01,8.86,8.86,-0.1,-1.12,376523.0,3353534.25,161.0
4090,2011-04-04,9.06,9.06,8.91,8.96,-0.1,-1.1,530866.0,4782426.8,194.0
4090,2011-04-03,9.09,9.14,9.04,9.06,-0.06,-0.66,380006.0,3447099.45,171.0
4090,2011-04-02,9.22,9.27,9.12,9.12,-0.15,-1.62,927072.0,8503480.75,316.0
4090,2011-03-30,9.06,9.27,8.96,9.27,0.15,1.64,1493437.0,13626605.5,293.0
4090,2011-03-29,8.8,9.17,8.8,9.12,0.24,2.7,1374344.0,12306303.4,300.0
4090,2011-03-28,8.57,8.88,8.49,8.88,0.28,3.26,1548719.0,13520271.6,277.0
4090,2011-03-27,8.52,8.65,8.49,8.6,0.06,0.7,415115.0,3545898.1,129.0
4090,2011-03-26,8.44,8.6,8.44,8.54,0.13,1.55,394611.0,3356582.95,168.0
4090,2011-03-23,8.39,8.44,8.36,8.41,-0.05,-0.59,284776.0,2395330.65,112.0
4090,2011-03-22,8.6,8.7,8.46,8.46,-0.29,-3.31,713285.0,6115643.25,311.0
4090,2011-03-21,8.23,8.78,8.18,8.75,0.52,6.32,778373.0,6576493.5,237.0
4090,2011-03-20,8.23,8.33,8.18,8.23,0.23,2.88,535280.0,4409517.65,197.0
4090,2011-03-16,7.92,8.0,7.92,8.0,0.19,2.43,287525.0,2287203.15,103.0
4090,2011-03-15,7.97,7.97,7.63,7.81,-0.32,-3.94,411980.0,3230522.3,168.0
4090,2011-03-14,8.07,8.18,8.0,8.13,0.03,0.37,432171.0,3490954.65,141.0
4090,2011-03-13,8.18,8.33,8.07,8.1,-0.03,-0.37,1229684.0,10117985.6,322.0
4090,2011-03-12,8.15,8.31,7.97,8.13,0.03,0.37,720414.0,5876520.0,209.0
4090,2011-03-09,8.07,8.1,7.97,8.1,0.08,1.0,182593.0,1470005.45,84.0
4090,2011-03-08,8.02,8.15,8.02,8.02,0.0,0.0,268933.0,2170602.35,128.0
4090,2011-03-07,7.92,8.02,7.92,8.02,0.05,0.63,243764.0,1940979.6,64.0
4090,2011-03-06,7.81,7.97,7.71,7.97,0.16,2.05,575257.0,4526894.75,113.0
4090,2011-03-05,7.29,7.81,7.29,7.81,0.28,3.72,410060.0,3168406.0,129.0
4090,2011-03-02,7.37,7.58,7.37,7.53,-0.1,-1.31,437399.0,3275574.8,132.0
4090,2011-03-01,7.87,7.92,7.58,7.63,-0.34,-4.27,535097.0,4119054.25,155.0
4090,2011-02-28,7.89,8.05,7.79,7.97,0.05,0.63,262688.0,2078471.5,117.0
4090,2011-02-27,8.13,8.13,7.89,7.92,-0.23,-2.82,248411.0,1985351.95,104.0
4090,2011-02-23,8.07,8.15,8.02,8.15,0.15,1.88,592298.0,4784345.35,156.0
4090,2011-02-22,8.02,8.02,7.94,8.0,-0.02,-0.25,526422.0,4198915.0,87.0
4090,2011-02-21,8.1,8.13,8.02,8.02,-0.11,-1.35,110664.0,895538.4,62.0
4090,2011-02-20,8.15,8.18,8.13,8.13,-0.02,-0.25,460272.0,3750310.45,141.0
4090,2011-02-19,8.33,8.33,8.15,8.15,-0.18,-2.16,400642.0,3287033.85,128.0
4090,2011-02-16,8.36,8.39,8.33,8.33,-0.06,-0.72,522932.0,4367575.7,96.0
4090,2011-02-15,8.39,8.44,8.36,8.39,0.0,0.0,391509.0,3289643.7,110.0
4090,2011-02-14,8.36,8.39,8.36,8.39,0.0,0.0,208436.0,1744448.4,54.0
4090,2011-02-13,8.39,8.44,8.33,8.39,0.03,0.36,374251.0,3138648.55,139.0
4090,2011-02-12,8.44,8.44,8.33,8.36,-0.03,-0.36,292727.0,2454081.2,84.0
4090,2011-02-09,8.36,8.44,8.36,8.39,0.06,0.72,158050.0,1329113.15,81.0
4090,2011-02-08,8.36,8.41,8.33,8.33,-0.03,-0.36,140463.0,1174382.6,61.0
4090,2011-02-07,8.39,8.39,8.33,8.36,0.03,0.36,188603.0,1575516.3,63.0
4090,2011-02-06,8.31,8.33,8.28,8.33,0.02,0.24,316274.0,2632892.95,68.0
4090,2011-02-05,8.13,8.31,8.1,8.31,0.13,1.59,294860.0,2430335.3,79.0
4090,2011-02-02,8.23,8.23,8.15,8.18,0.03,0.37,717890.0,5861842.4,132.0
4090,2011-02-01,8.07,8.15,8.05,8.15,0.05,0.62,196395.0,1595926.95,54.0
4090,2011-01-31,8.23,8.23,8.07,8.1,-0.05,-0.61,377831.0,3067376.6,66.0
4090,2011-01-30,8.05,8.23,8.05,8.15,0.1,1.24,220361.0,1795110.9,93.0
4090,2011-01-29,8.28,8.28,8.02,8.05,-0.28,-3.36,648965.0,5280972.4,159.0
4090,2011-01-26,8.31,8.33,8.28,8.33,0.0,0.0,470542.0,3910130.2,82.0
4090,2011-01-25,8.31,8.33,8.31,8.33,0.02,0.24,301283.0,2508321.85,58.0
4090,2011-01-24,8.28,8.36,8.28,8.31,-0.02,-0.24,730105.0,6073517.45,137.0
4090,2011-01-23,8.26,8.33,8.26,8.33,0.05,0.6,521763.0,4338960.9,153.0
4090,2011-01-22,8.23,8.31,8.2,8.28,-0.03,-0.36,417428.0,3444891.7,89.0
4090,2011-01-19,8.13,8.31,8.1,8.31,0.05,0.61,247054.0,2031741.75,83.0
4090,2011-01-18,8.26,8.28,8.2,8.26,-0.05,-0.6,425007.0,3503395.5,98.0
4090,2011-01-17,8.28,8.31,8.2,8.31,-0.02,-0.24,1157114.0,9537915.8,162.0
4090,2011-01-16,8.31,8.41,8.26,8.33,0.05,0.6,1506357.0,12531273.65,229.0
4090,2011-01-15,8.1,8.36,8.07,8.28,0.18,2.22,2277009.0,18762644.75,456.0
4090,2011-01-12,8.07,8.1,8.05,8.1,0.03,0.37,546132.0,4408535.45,98.0
4090,2011-01-11,8.05,8.07,8.0,8.07,0.0,0.0,413276.0,3320087.55,91.0
4090,2011-01-10,8.07,8.07,8.02,8.07,0.0,0.0,498493.0,4014876.55,108.0
4090,2011-01-09,8.05,8.07,8.02,8.07,0.02,0.25,513027.0,4126727.7,99.0
4090,2011-01-08,8.07,8.07,8.02,8.05,-0.02,-0.25,446367.0,3595113.1,115.0
4090,2011-01-05,8.0,8.07,8.0,8.07,0.05,0.62,249772.0,2005530.75,87.0
4090,2011-01-04,8.02,8.02,8.0,8.02,-0.03,-0.37,286463.0,2294820.0,97.0
4090,2011-01-03,7.97,8.05,7.97,8.05,0.05,0.63,300235.0,2402455.2,115.0
4090,2011-01-02,8.0,8.0,7.94,8.0,-0.05,-0.62,335028.0,2669675.65,86.0
4090,2011-01-01,8.05,8.07,7.89,8.05,0.0,0.0,486627.0,3890938.25,129.0
4090,2010-12-29,8.02,8.05,7.97,8.05,0.0,0.0,332924.0,2666123.8,80.0
4090,2010-12-28,8.02,8.07,8.02,8.05,0.0,0.0,96503.0,775972.5,52.0
4090,2010-12-27,8.1,8.1,7.97,8.05,-0.05,-0.62,385558.0,3095651.15,92.0
4090,2010-12-26,8.02,8.1,8.02,8.1,0.08,1.0,613568.0,4950710.65,135.0
4090,2010-12-25,8.02,8.05,7.97,8.02,0.0,0.0,326088.0,2612551.7,90.0
4090,2010-12-22,8.0,8.02,7.97,8.02,0.0,0.0,104022.0,831621.8,64.0
4090,2010-12-21,8.05,8.05,7.97,8.02,-0.03,-0.37,243466.0,1946679.9,73.0
4090,2010-12-20,8.02,8.05,8.0,8.05,-0.02,-0.25,133862.0,1072222.75,68.0
4090,2010-12-19,8.1,8.1,7.97,8.07,-0.06,-0.74,377161.0,3025824.9,148.0
4090,2010-12-18,7.94,8.26,7.92,8.13,0.16,2.01,1328008.0,10788332.25,417.0
4090,2010-12-15,8.0,8.0,7.94,7.97,0.0,0.0,245257.0,1949637.55,82.0
4090,2010-12-14,7.92,8.02,7.92,7.97,0.03,0.38,333651.0,2660968.7,140.0
4090,2010-12-13,7.89,8.0,7.79,7.94,0.07,0.89,419916.0,3315667.2,165.0
4090,2010-12-12,7.76,8.07,7.76,7.87,0.06,0.77,606014.0,4771406.6,210.0
4090,2010-12-11,7.81,7.81,7.74,7.81,0.0,0.0,328819.0,2560138.45,133.0
4090,2010-12-08,7.76,7.81,7.76,7.81,0.05,0.64,161108.0,1252716.6,61.0
4090,2010-12-07,7.76,7.79,7.76,7.76,-0.03,-0.39,69827.0,543265.5,34.0
4090,2010-12-06,7.76,7.79,7.76,7.79,0.03,0.39,76690.0,595792.2,58.0
4090,2010-12-05,7.74,7.76,7.74,7.76,-0.03,-0.39,36382.0,281843.7,51.0
4090,2010-12-04,7.76,7.79,7.76,7.79,0.0,0.0,59211.0,460157.0,48.0
4090,2010-12-01,7.71,7.79,7.71,7.79,0.08,1.04,54233.0,419076.65,40.0
4090,2010-11-30,7.74,7.74,7.71,7.71,-0.05,-0.64,88490.0,683346.55,46.0
4090,2010-11-29,7.76,7.81,7.74,7.76,0.02,0.26,124113.0,962992.0,49.0
4090,2010-11-28,7.76,7.81,7.74,7.74,-0.02,-0.26,127398.0,990622.25,72.0
4090,2010-11-27,7.76,7.79,7.76,7.76,0.0,0.0,40285.0,312894.0,24.0
4090,2010-11-24,7.76,7.81,7.74,7.76,-0.03,-0.39,109697.0,852691.75,59.0
4090,2010-11-23,7.79,7.79,7.76,7.79,-0.02,-0.26,78348.0,608683.6,45.0
4090,2010-11-22,7.84,7.84,7.81,7.81,-0.03,-0.38,33533.0,262249.9,24.0
4090,2010-11-21,7.81,7.84,7.76,7.84,0.0,0.0,69349.0,540683.25,36.0
4090,2010-11-20,7.84,7.87,7.79,7.84,0.0,0.0,124330.0,973930.9,54.0
4090,2010-11-10,7.79,7.87,7.76,7.84,0.05,0.64,236060.0,1839765.25,100.0
4090,2010-11-09,7.76,7.92,7.76,7.79,0.0,0.0,384325.0,3010459.2,147.0
4090,2010-11-08,7.74,7.81,7.74,7.79,-0.02,-0.26,129402.0,1005109.8,60.0
4090,2010-11-07,7.76,7.81,7.76,7.81,0.0,0.0,36104.0,280673.1,45.0
4090,2010-11-06,7.79,7.81,7.76,7.81,0.02,0.26,53830.0,419041.8,60.0
4090,2010-11-03,7.79,7.79,7.76,7.79,0.0,0.0,93418.0,725930.4,50.0
4090,2010-11-02,7.81,7.81,7.76,7.79,-0.02,-0.26,169374.0,1318756.55,50.0
4090,2010-11-01,7.81,7.84,7.79,7.81,-0.03,-0.38,130573.0,1018698.45,59.0
4090,2010-10-31,7.81,7.84,7.81,7.84,0.0,0.0,149643.0,1169725.65,44.0
4090,2010-10-30,7.79,7.87,7.79,7.84,0.0,0.0,153681.0,1203435.4,81.0
4090,2010-10-27,7.87,7.87,7.76,7.84,-0.03,-0.38,131556.0,1025033.5,74.0
4090,2010-10-26,7.79,7.87,7.76,7.87,0.08,1.03,221960.0,1730960.7,88.0
4090,2010-10-25,7.74,7.79,7.71,7.79,0.0,0.0,121624.0,942679.15,77.0
4090,2010-10-24,7.81,7.81,7.58,7.79,-0.02,-0.26,471556.0,3634061.65,173.0
4090,2010-10-23,7.81,7.84,7.71,7.81,-0.03,-0.38,310621.0,2422441.8,99.0
4090,2010-10-20,7.87,7.87,7.81,7.84,-0.08,-1.01,148248.0,1162270.75,60.0
4090,2010-10-19,7.81,7.92,7.79,7.92,0.08,1.02,151912.0,1194299.6,83.0
4090,2010-10-18,7.87,7.87,7.81,7.84,-0.03,-0.38,145714.0,1140559.5,99.0
4090,2010-10-17,7.87,7.92,7.87,7.87,0.06,0.77,146071.0,1151307.8,73.0
4090,2010-10-16,7.84,7.89,7.81,7.81,-0.06,-0.76,86134.0,675268.2,65.0
4090,2010-10-13,7.84,7.87,7.81,7.87,0.0,0.0,73000.0,571953.65,55.0
4090,2010-10-12,7.81,7.92,7.81,7.87,0.03,0.38,194794.0,1528679.55,83.0
4090,2010-10-11,7.89,7.89,7.76,7.84,-0.08,-1.01,485773.0,3795350.25,195.0
4090,2010-10-10,7.97,7.97,7.89,7.92,-0.05,-0.63,290710.0,2302257.7,120.0
4090,2010-10-09,8.05,8.05,7.97,7.97,-0.08,-0.99,355035.0,2847761.7,119.0
4090,2010-10-06,8.07,8.07,8.02,8.05,-0.02,-0.25,83055.0,668858.3,61.0
4090,2010-10-05,8.07,8.07,8.02,8.07,-0.03,-0.37,165329.0,1330927.5,78.0
4090,2010-10-04,8.07,8.1,8.07,8.1,0.03,0.37,87428.0,707100.75,41.0
4090,2010-10-03,8.18,8.18,8.05,8.07,-0.11,-1.34,658904.0,5332559.6,179.0
4090,2010-10-02,8.2,8.2,8.15,8.18,-0.02,-0.24,199252.0,1633182.2,59.0
4090,2010-09-29,8.23,8.23,8.18,8.2,-0.03,-0.36,133336.0,1093825.85,38.0
4090,2010-09-28,8.23,8.23,8.2,8.23,-0.03,-0.36,139962.0,1149573.6,60.0
4090,2010-09-27,8.2,8.26,8.2,8.26,0.03,0.36,182869.0,1504296.55,61.0
4090,2010-09-26,8.2,8.26,8.2,8.23,0.03,0.37,215717.0,1774101.35,62.0
4090,2010-09-25,8.2,8.26,8.2,8.2,-0.03,-0.36,378641.0,3111687.15,97.0
4090,2010-09-21,8.23,8.26,8.2,8.23,0.03,0.37,234762.0,1931304.1,66.0
4090,2010-09-20,8.18,8.23,8.18,8.2,-0.03,-0.36,202130.0,1657967.1,72.0
4090,2010-09-19,8.2,8.26,8.18,8.23,-0.03,-0.36,313636.0,2575690.65,120.0
4090,2010-09-18,8.26,8.28,8.2,8.26,0.03,0.36,267739.0,2207162.05,102.0
4090,2010-09-15,8.26,8.26,8.23,8.23,-0.03,-0.36,77511.0,639489.1,49.0
4090,2010-09-14,8.31,8.31,8.23,8.26,0.0,0.0,255405.0,2109300.15,114.0
4090,2010-09-06,8.26,8.28,8.18,8.26,0.06,0.73,292547.0,2407757.5,130.0
4090,2010-09-05,8.23,8.23,8.2,8.2,-0.08,-0.97,244123.0,2006274.2,98.0
4090,2010-09-04,8.26,8.28,8.23,8.28,0.1,1.22,113649.0,938937.35,71.0
4090,2010-09-01,8.2,8.23,8.18,8.18,0.0,0.0,92654.0,759873.35,57.0
4090,2010-08-31,8.23,8.23,8.18,8.18,-0.05,-0.61,60069.0,492355.35,40.0
4090,2010-08-30,8.23,8.23,8.23,8.23,0.0,0.0,21140.0,173965.95,31.0
4090,2010-08-29,8.23,8.23,8.2,8.23,0.0,0.0,18847.0,155032.6,24.0
4090,2010-08-28,8.18,8.26,8.18,8.23,-0.05,-0.6,49720.0,409479.4,38.0
4090,2010-08-25,8.26,8.28,8.07,8.28,0.0,0.0,109092.0,898383.75,51.0
4090,2010-08-24,8.28,8.28,8.26,8.28,-0.03,-0.36,39918.0,330293.1,29.0
4090,2010-08-23,8.26,8.31,8.26,8.31,0.05,0.61,43030.0,356471.15,38.0
4090,2010-08-22,8.26,8.26,8.26,8.26,0.0,0.0,9309.0,76912.9,18.0
4090,2010-08-21,8.23,8.26,8.2,8.26,-0.02,-0.24,30943.0,255241.65,36.0
4090,2010-08-18,8.31,8.31,8.28,8.28,0.0,0.0,65158.0,540716.5,45.0
4090,2010-08-17,8.26,8.28,8.18,8.28,-0.05,-0.6,74188.0,612755.4,41.0
4090,2010-08-16,8.31,8.33,8.18,8.33,0.02,0.24,90049.0,746917.55,58.0
4090,2010-08-15,8.23,8.31,8.23,8.31,0.05,0.61,20508.0,169841.15,20.0
4090,2010-08-14,8.23,8.26,8.23,8.26,-0.07,-0.84,37211.0,306405.3,49.0
4090,2010-08-11,8.31,8.33,8.26,8.33,0.0,0.0,109946.0,912136.75,55.0
4090,2010-08-10,8.36,8.44,8.33,8.33,0.0,0.0,101599.0,850901.25,83.0
4090,2010-08-09,8.31,8.33,8.28,8.33,0.0,0.0,71794.0,597421.55,37.0
4090,2010-08-08,8.31,8.33,8.31,8.33,0.0,0.0,106339.0,885814.0,67.0
4090,2010-08-07,8.33,8.36,8.31,8.33,0.0,0.0,76060.0,634327.25,55.0
4090,2010-08-04,8.33,8.33,8.31,8.33,0.02,0.24,81101.0,674837.1,51.0
4090,2010-08-03,8.31,8.36,8.31,8.31,-0.02,-0.24,103306.0,859996.75,59.0
4090,2010-08-02,8.36,8.36,8.28,8.33,0.0,0.0,188788.0,1569155.15,69.0
4090,2010-08-01,8.33,8.36,8.31,8.33,-0.03,-0.36,161423.0,1346299.15,84.0
4090,2010-07-31,8.28,8.36,8.28,8.36,0.05,0.6,65294.0,543805.05,53.0
4090,2010-07-28,8.23,8.33,8.23,8.31,0.05,0.61,344785.0,2867471.8,101.0
4090,2010-07-27,8.23,8.26,8.2,8.26,0.06,0.73,171109.0,1408509.95,59.0
4090,2010-07-26,8.15,8.23,8.15,8.2,0.0,0.0,71314.0,584932.7,44.0
4090,2010-07-25,8.1,8.2,8.07,8.2,0.1,1.23,225769.0,1837466.3,93.0
4090,2010-07-24,8.18,8.18,8.05,8.1,-0.08,-0.98,1135468.0,9207955.1,237.0
4090,2010-07-21,8.2,8.2,8.18,8.18,0.0,0.0,125304.0,1025613.75,53.0
4090,2010-07-20,8.26,8.26,8.18,8.18,-0.05,-0.61,232267.0,1907321.15,69.0
4090,2010-07-19,8.2,8.23,8.2,8.23,0.0,0.0,39177.0,322223.65,37.0
4090,2010-07-18,8.18,8.23,8.18,8.23,-0.03,-0.36,62371.0,511708.85,51.0
4090,2010-07-17,8.2,8.26,8.15,8.26,0.0,0.0,122242.0,1002466.65,64.0
4090,2010-07-14,8.26,8.28,8.26,8.26,-0.02,-0.24,86238.0,712980.1,48.0
4090,2010-07-13,8.31,8.31,8.28,8.28,-0.05,-0.6,62384.0,517783.35,44.0
4090,2010-07-12,8.33,8.33,8.31,8.33,0.0,0.0,63234.0,526386.5,44.0
4090,2010-07-11,8.36,8.39,8.33,8.33,-0.03,-0.36,119608.0,1000308.3,49.0
4090,2010-07-10,8.31,8.39,8.31,8.36,0.1,1.21,199882.0,1669312.85,113.0
4090,2010-07-07,8.23,8.26,8.18,8.26,0.0,0.0,124924.0,1026558.25,54.0
4090,2010-07-06,8.2,8.26,8.2,8.26,0.06,0.73,84445.0,695884.85,64.0
4090,2010-07-05,8.2,8.28,8.2,8.2,-0.03,-0.36,58426.0,481770.75,56.0
4090,2010-07-04,8.2,8.26,8.15,8.23,0.08,0.98,157422.0,1291326.7,87.0
4090,2010-07-03,8.31,8.31,8.13,8.15,-0.18,-2.16,238826.0,1965363.75,97.0
4090,2010-06-30,8.33,8.36,8.33,8.33,-0.06,-0.72,144289.0,1202569.45,85.0
4090,2010-06-29,8.41,8.41,8.36,8.39,-0.02,-0.24,371985.0,3118241.25,101.0
4090,2010-06-28,8.41,8.44,8.39,8.41,0.0,0.0,86933.0,731172.2,63.0
4090,2010-06-27,8.49,8.49,8.39,8.41,-0.11,-1.29,486293.0,4100929.9,171.0
4090,2010-06-26,8.52,8.57,8.41,8.52,-0.1,-1.16,539491.0,4580442.15,172.0
4090,2010-06-23,8.62,8.65,8.6,8.62,0.0,0.0,208042.0,1796144.45,62.0
4090,2010-06-22,8.62,8.65,8.6,8.62,-0.05,-0.58,205199.0,1769783.8,82.0
4090,2010-06-21,8.67,8.67,8.65,8.67,0.02,0.23,278681.0,2413167.4,72.0
4090,2010-06-20,8.65,8.67,8.62,8.65,0.0,0.0,205737.0,1779727.95,58.0
4090,2010-06-19,8.62,8.67,8.6,8.65,0.03,0.35,174096.0,1505221.75,58.0
4090,2010-06-16,8.65,8.67,8.62,8.62,0.0,0.0,481417.0,4161738.3,151.0
4090,2010-06-15,8.57,8.65,8.57,8.62,0.02,0.23,304048.0,2614355.2,87.0
4090,2010-06-14,8.57,8.6,8.54,8.6,0.03,0.35,301324.0,2585410.45,82.0
4090,2010-06-13,8.54,8.6,8.54,8.57,0.0,0.0,207484.0,1778148.8,69.0
4090,2010-06-12,8.57,8.6,8.54,8.57,0.03,0.35,408945.0,3507177.35,122.0
4090,2010-06-09,8.49,8.54,8.46,8.54,0.08,0.95,232359.0,1980569.4,62.0
4090,2010-06-08,8.46,8.49,8.44,8.46,0.0,0.0,125883.0,1065959.8,57.0
4090,2010-06-07,8.44,8.49,8.44,8.46,0.02,0.24,323678.0,2741297.95,66.0
4090,2010-06-06,8.44,8.49,8.44,8.44,0.0,0.0,103465.0,875858.4,61.0
4090,2010-06-05,8.41,8.44,8.39,8.44,-0.08,-0.94,304433.0,2559505.8,87.0
4090,2010-06-02,8.46,8.52,8.46,8.52,0.08,0.95,114772.0,975655.25,53.0
4090,2010-06-01,8.46,8.49,8.41,8.44,-0.05,-0.59,203675.0,1723353.85,73.0
4090,2010-05-31,8.46,8.52,8.46,8.49,0.0,0.0,75509.0,641786.0,39.0
4090,2010-05-30,8.54,8.54,8.46,8.49,-0.05,-0.59,262932.0,2234479.25,82.0
4090,2010-05-29,8.46,8.57,8.46,8.54,0.08,0.95,254063.0,2167691.6,166.0
4090,2010-05-26,8.41,8.46,8.36,8.46,0.1,1.2,648080.0,5457107.85,140.0
4090,2010-05-25,8.49,8.49,8.36,8.36,-0.21,-2.45,578181.0,4871929.85,212.0
4090,2010-05-24,8.6,8.62,8.52,8.57,0.03,0.35,440960.0,3784018.75,103.0
4090,2010-05-23,8.6,8.62,8.52,8.54,-0.03,-0.35,307230.0,2631457.15,112.0
4090,2010-05-22,8.46,8.57,8.46,8.57,0.08,0.94,417743.0,3563732.5,122.0
4090,2010-05-19,8.54,8.54,8.46,8.49,-0.11,-1.28,261659.0,2224586.05,108.0
4090,2010-05-18,8.57,8.62,8.57,8.6,0.03,0.35,103744.0,892582.15,69.0
4090,2010-05-17,8.52,8.57,8.49,8.57,0.03,0.35,149985.0,1280150.45,58.0
4090,2010-05-16,8.54,8.57,8.49,8.54,0.0,0.0,172008.0,1467796.8,79.0
4090,2010-05-15,8.54,8.54,8.39,8.54,-0.06,-0.7,326748.0,2762465.05,131.0
4090,2010-05-12,8.62,8.62,8.54,8.6,0.0,0.0,242069.0,2083219.25,71.0
4090,2010-05-11,8.67,8.67,8.54,8.6,-0.02,-0.23,170664.0,1464826.45,74.0
4090,2010-05-10,8.54,8.62,8.54,8.62,0.13,1.53,420016.0,3607422.55,121.0
4090,2010-05-09,8.41,8.52,8.41,8.49,0.03,0.35,233591.0,1979134.0,144.0
4090,2010-05-08,8.62,8.62,8.31,8.46,-0.21,-2.42,741867.0,6295759.7,252.0
4090,2010-05-05,8.65,8.7,8.65,8.67,0.0,0.0,285680.0,2474858.7,99.0
4090,2010-05-04,8.73,8.73,8.67,8.67,-0.03,-0.34,113801.0,990831.35,69.0
4090,2010-05-03,8.67,8.73,8.67,8.7,0.03,0.35,333263.0,2899286.7,107.0
4090,2010-05-02,8.73,8.73,8.67,8.67,-0.06,-0.69,382628.0,3330195.9,110.0
4090,2010-05-01,8.7,8.75,8.7,8.73,0.03,0.34,176254.0,1538464.8,64.0
4090,2010-04-28,8.73,8.75,8.67,8.7,-0.08,-0.91,289744.0,2522689.8,100.0
4090,2010-04-27,8.75,8.78,8.67,8.78,0.05,0.57,516958.0,4519743.3,139.0
4090,2010-04-26,8.73,8.75,8.7,8.73,0.0,0.0,159785.0,1395665.6,71.0
4090,2010-04-25,8.7,8.78,8.67,8.73,0.08,0.92,455749.0,3977239.2,122.0
4090,2010-04-24,8.65,8.7,8.65,8.65,0.0,0.0,158912.0,1379035.8,110.0
4090,2010-04-21,8.62,8.67,8.62,8.65,0.0,0.0,179232.0,1550487.25,102.0
4090,2010-04-20,8.7,8.73,8.65,8.65,-0.05,-0.57,199496.0,1731677.7,120.0
4090,2010-04-19,8.73,8.73,8.67,8.7,-0.03,-0.34,127191.0,1105711.85,79.0
4090,2010-04-18,8.78,8.78,8.7,8.73,-0.2,-2.24,487673.0,4259281.75,203.0
4090,2010-04-17,8.91,8.93,8.88,8.93,0.02,0.22,328433.0,2926177.3,115.0
4090,2010-04-14,8.88,8.93,8.86,8.91,0.03,0.34,473948.0,4216634.1,146.0
4090,2010-04-13,8.88,8.91,8.86,8.88,-0.03,-0.34,556880.0,4943341.15,171.0
4090,2010-04-12,8.99,8.99,8.86,8.91,-0.08,-0.89,1306341.0,11592993.4,328.0
4090,2010-04-11,8.93,9.01,8.93,8.99,0.06,0.67,332584.0,2986739.45,141.0
4090,2010-04-10,8.93,8.96,8.91,8.93,0.02,0.22,246492.0,2201962.95,116.0
4090,2010-04-07,8.91,8.93,8.88,8.91,0.03,0.34,337249.0,3005230.25,128.0
4090,2010-04-06,9.04,9.04,8.88,8.88,-0.13,-1.44,566759.0,5082105.35,136.0
4090,2010-04-05,9.01,9.04,8.96,9.01,0.0,0.0,273016.0,2454360.3,108.0
4090,2010-04-04,8.96,9.01,8.96,9.01,0.02,0.22,236440.0,2122844.1,101.0
4090,2010-04-03,8.99,9.06,8.99,8.99,-0.13,-1.43,656272.0,5919094.6,172.0
4090,2010-03-31,9.09,9.12,9.04,9.12,0.08,0.88,704327.0,6390022.3,178.0
4090,2010-03-30,9.04,9.12,9.04,9.04,-0.05,-0.55,463652.0,4205868.1,122.0
4090,2010-03-29,9.09,9.12,9.04,9.09,0.0,0.0,461982.0,4195113.3,145.0
4090,2010-03-28,9.04,9.12,9.04,9.09,0.05,0.55,1016827.0,9239474.7,278.0
4090,2010-03-27,8.99,9.06,8.96,9.04,0.08,0.89,654008.0,5897962.4,220.0
4090,2010-03-24,8.93,8.96,8.93,8.96,0.03,0.34,320808.0,2871659.05,143.0
4090,2010-03-23,8.96,8.99,8.91,8.93,0.02,0.22,699822.0,6257657.2,188.0
4090,2010-03-22,8.88,8.96,8.88,8.91,0.03,0.34,407200.0,3630786.55,193.0
4090,2010-03-21,8.88,8.91,8.86,8.88,0.02,0.23,232804.0,2065813.5,103.0
4090,2010-03-20,8.86,8.93,8.86,8.86,-0.02,-0.23,461518.0,4098552.1,181.0
4090,2010-03-17,8.83,8.91,8.83,8.88,0.02,0.23,826170.0,7327892.4,186.0
4090,2010-03-16,8.8,8.86,8.78,8.86,0.06,0.68,619014.0,5467525.45,192.0
4090,2010-03-15,8.86,8.88,8.8,8.8,-0.06,-0.68,481436.0,4251201.25,138.0
4090,2010-03-14,8.83,8.86,8.8,8.86,0.03,0.34,477891.0,4222927.05,165.0
4090,2010-03-13,8.83,8.86,8.8,8.83,0.0,0.0,400452.0,3537224.3,145.0
4090,2010-03-10,8.8,8.83,8.75,8.83,0.03,0.34,467233.0,4110167.5,152.0
4090,2010-03-09,8.86,8.86,8.78,8.8,0.0,0.0,692009.0,6095844.7,231.0
4090,2010-03-08,8.73,8.86,8.7,8.8,0.1,1.15,1053146.0,9271762.7,252.0
4090,2010-03-07,8.73,8.75,8.7,8.7,-0.03,-0.34,124599.0,1087026.85,78.0
4090,2010-03-06,8.75,8.75,8.7,8.73,0.0,0.0,237064.0,2068058.3,121.0
4090,2010-03-03,8.73,8.75,8.7,8.73,0.03,0.34,274767.0,2398044.4,105.0
4090,2010-03-02,8.73,8.75,8.7,8.7,-0.03,-0.34,240318.0,2097595.9,103.0
4090,2010-03-01,8.73,8.78,8.67,8.73,0.06,0.69,293470.0,2561401.55,134.0
4090,2010-02-28,8.7,8.73,8.67,8.67,-0.03,-0.34,212024.0,1847332.05,80.0
4090,2010-02-27,8.7,8.75,8.67,8.7,0.03,0.35,391311.0,3408684.4,118.0
4090,2010-02-24,8.67,8.67,8.65,8.67,0.0,0.0,162102.0,1405839.0,69.0
4090,2010-02-23,8.75,8.75,8.67,8.67,-0.03,-0.34,300993.0,2622030.5,103.0
4090,2010-02-22,8.7,8.75,8.7,8.7,0.0,0.0,228466.0,1990623.2,86.0
4090,2010-02-21,8.75,8.78,8.7,8.7,-0.08,-0.91,634414.0,5546540.75,127.0
4090,2010-02-20,8.73,8.8,8.73,8.78,0.08,0.92,618803.0,5417421.35,224.0
4090,2010-02-17,8.73,8.78,8.67,8.7,-0.03,-0.34,1047120.0,9125882.35,311.0
4090,2010-02-16,8.57,8.93,8.54,8.73,0.13,1.51,2507913.0,21943768.3,766.0
4090,2010-02-15,8.57,8.6,8.54,8.6,0.03,0.35,288414.0,2467693.6,98.0
4090,2010-02-14,8.52,8.57,8.52,8.57,0.05,0.59,284905.0,2438103.4,80.0
4090,2010-02-13,8.54,8.57,8.52,8.52,-0.02,-0.23,272208.0,2327022.85,103.0
4090,2010-02-10,8.57,8.57,8.52,8.54,0.0,0.0,181921.0,1550972.25,79.0
4090,2010-02-09,8.57,8.57,8.49,8.54,0.0,0.0,475347.0,4049209.45,116.0
4090,2010-02-08,8.57,8.6,8.52,8.54,-0.03,-0.35,323918.0,2771087.9,85.0
4090,2010-02-07,8.54,8.6,8.52,8.57,0.05,0.59,213266.0,1823311.25,82.0
4090,2010-02-06,8.54,8.6,8.52,8.52,-0.02,-0.23,285004.0,2437738.95,108.0
4090,2010-02-03,8.54,8.57,8.52,8.54,0.0,0.0,318136.0,2720731.9,91.0
4090,2010-02-02,8.54,8.57,8.52,8.54,0.0,0.0,143132.0,1222089.8,65.0
4090,2010-02-01,8.57,8.57,8.52,8.54,0.0,0.0,89651.0,765193.75,57.0
4090,2010-01-31,8.57,8.57,8.52,8.54,-0.06,-0.7,453729.0,3875992.8,118.0
4090,2010-01-30,8.6,8.6,8.54,8.6,0.03,0.35,397346.0,3403931.75,75.0
4090,2010-01-27,8.6,8.6,8.57,8.57,-0.03,-0.35,184000.0,1577814.9,65.0
4090,2010-01-26,8.6,8.65,8.57,8.6,0.0,0.0,420876.0,3620700.3,144.0
4090,2010-01-25,8.6,8.65,8.57,8.6,0.0,0.0,222626.0,1918062.15,110.0
4090,2010-01-24,8.6,8.62,8.57,8.6,0.03,0.35,73213.0,629332.9,56.0
4090,2010-01-23,8.62,8.62,8.57,8.57,-0.05,-0.58,515603.0,4426263.95,130.0
4090,2010-01-20,8.62,8.65,8.6,8.62,0.0,0.0,120107.0,1036719.1,84.0
4090,2010-01-19,8.57,8.62,8.57,8.62,0.02,0.23,369426.0,3178094.45,87.0
4090,2010-01-18,8.57,8.62,8.57,8.6,0.03,0.35,435258.0,3740830.95,104.0
4090,2010-01-17,8.57,8.6,8.54,8.57,0.0,0.0,322296.0,2763622.05,114.0
4090,2010-01-16,8.6,8.62,8.54,8.57,-0.08,-0.92,493413.0,4226412.65,217.0
4090,2010-01-13,8.6,8.65,8.6,8.65,0.03,0.35,145821.0,1258306.75,53.0
4090,2010-01-12,8.6,8.65,8.57,8.62,0.0,0.0,172570.0,1486280.95,105.0
4090,2010-01-11,8.62,8.65,8.6,8.62,-0.05,-0.58,147386.0,1273206.65,57.0
4090,2010-01-10,8.62,8.67,8.6,8.67,0.02,0.23,159140.0,1374259.6,83.0
4090,2010-01-09,8.67,8.67,8.62,8.65,0.03,0.35,179667.0,1551068.65,74.0
4090,2010-01-06,8.62,8.65,8.62,8.62,-0.03,-0.35,96107.0,829328.0,71.0
4090,2010-01-05,8.67,8.7,8.62,8.65,-0.02,-0.23,213293.0,1844218.25,79.0
4090,2010-01-04,8.7,8.7,8.65,8.67,0.0,0.0,168600.0,1462948.25,77.0
4090,2010-01-03,8.67,8.67,8.65,8.67,0.02,0.23,101465.0,878480.1,45.0
4090,2010-01-02,8.65,8.7,8.62,8.65,-0.1,-1.14,265602.0,2299261.1,128.0
4090,2009-12-30,8.62,8.78,8.57,8.75,0.08,0.92,1112055.0,9686995.0,171.0
4090,2009-12-29,8.65,8.67,8.6,8.67,0.02,0.23,180320.0,1555990.3,104.0
4090,2009-12-28,8.67,8.67,8.62,8.65,-0.02,-0.23,405374.0,3507177.05,144.0
4090,2009-12-27,8.7,8.73,8.67,8.67,-0.03,-0.34,248066.0,2159502.7,99.0
4090,2009-12-26,8.73,8.73,8.67,8.7,0.03,0.35,428292.0,3728014.6,145.0
4090,2009-12-23,8.67,8.7,8.65,8.67,0.0,0.0,194904.0,1691457.05,88.0
4090,2009-12-22,8.67,8.67,8.65,8.67,-0.03,-0.34,237387.0,2057143.7,82.0
4090,2009-12-21,8.65,8.7,8.65,8.7,0.03,0.35,178677.0,1548662.75,64.0
4090,2009-12-20,8.67,8.7,8.65,8.67,0.0,0.0,208027.0,1806414.0,74.0
4090,2009-12-19,8.65,8.7,8.65,8.67,0.0,0.0,257422.0,2232602.3,101.0
4090,2009-12-16,8.6,8.67,8.54,8.67,0.07,0.81,449846.0,3880579.15,158.0
4090,2009-12-15,8.54,8.6,8.54,8.6,0.0,0.0,274569.0,2350606.7,95.0
4090,2009-12-14,8.57,8.6,8.54,8.6,0.06,0.7,229771.0,1972626.55,76.0
4090,2009-12-13,8.49,8.57,8.49,8.54,-0.03,-0.35,182416.0,1558024.4,84.0
4090,2009-12-12,8.6,8.6,8.52,8.57,0.11,1.3,374101.0,3203763.7,114.0
4090,2009-12-09,8.46,8.49,8.44,8.46,0.0,0.0,406081.0,3434962.6,147.0
4090,2009-12-08,8.54,8.54,8.46,8.46,-0.11,-1.28,617675.0,5249301.2,179.0
4090,2009-12-07,8.57,8.6,8.54,8.57,0.0,0.0,346475.0,2965817.7,126.0
4090,2009-12-06,8.54,8.57,8.52,8.57,0.05,0.59,255996.0,2190109.15,114.0
4090,2009-12-05,8.39,8.6,8.39,8.52,-0.1,-1.16,295436.0,2511154.55,150.0
4090,2009-11-25,8.57,8.62,8.57,8.62,0.05,0.58,158900.0,1366355.95,78.0
4090,2009-11-24,8.6,8.62,8.57,8.57,0.03,0.35,391737.0,3363533.8,142.0
4090,2009-11-23,8.52,8.57,8.52,8.54,0.0,0.0,186511.0,1592961.6,85.0
4090,2009-11-22,8.57,8.57,8.52,8.54,-0.03,-0.35,379255.0,3237507.35,119.0
4090,2009-11-21,8.6,8.6,8.54,8.57,-0.05,-0.58,310277.0,2658820.25,113.0
4090,2009-11-18,8.6,8.62,8.57,8.62,0.02,0.23,208171.0,1790670.65,100.0
4090,2009-11-17,8.6,8.62,8.6,8.6,0.03,0.35,327353.0,2819091.6,177.0
4090,2009-11-16,8.6,8.62,8.57,8.57,0.0,0.0,564060.0,4851945.35,168.0
4090,2009-11-15,8.62,8.62,8.57,8.57,-0.05,-0.58,243309.0,2093436.4,104.0
4090,2009-11-14,8.6,8.65,8.6,8.62,0.02,0.23,268102.0,2309244.45,104.0
4090,2009-11-11,8.6,8.67,8.54,8.6,0.03,0.35,905363.0,7787250.75,227.0
4090,2009-11-10,8.62,8.65,8.57,8.57,0.0,0.0,234154.0,2014575.15,152.0
4090,2009-11-09,8.62,8.65,8.57,8.57,-0.05,-0.58,555972.0,4788861.65,199.0
4090,2009-11-08,8.7,8.7,8.57,8.62,-0.05,-0.58,963827.0,8309122.35,245.0
4090,2009-11-07,8.7,8.7,8.65,8.67,-0.03,-0.34,353194.0,3064424.6,118.0
4090,2009-11-04,8.67,8.7,8.6,8.7,0.03,0.35,613707.0,5314254.65,189.0
4090,2009-11-03,8.7,8.73,8.65,8.67,-0.03,-0.34,354664.0,3078875.4,167.0
4090,2009-11-02,8.67,8.7,8.65,8.7,0.03,0.35,360878.0,3130382.8,170.0
4090,2009-11-01,8.65,8.67,8.62,8.67,0.0,0.0,392559.0,3394362.5,156.0
4090,2009-10-31,8.7,8.7,8.65,8.67,-0.08,-0.91,841529.0,7303734.25,232.0
4090,2009-10-28,8.78,8.8,8.75,8.75,-0.05,-0.57,396421.0,3474423.7,159.0
4090,2009-10-27,8.8,8.8,8.78,8.8,-0.03,-0.34,371246.0,3261571.4,148.0
4090,2009-10-26,8.75,8.86,8.75,8.83,0.08,0.91,615855.0,5415754.45,225.0
4090,2009-10-25,8.78,8.78,8.73,8.75,0.0,0.0,400280.0,3504232.8,187.0
4090,2009-10-24,8.78,8.78,8.73,8.75,0.0,0.0,291215.0,2549597.55,205.0
4090,2009-10-21,8.75,8.8,8.73,8.75,-0.03,-0.34,539192.0,4718357.75,272.0
4090,2009-10-20,8.78,8.8,8.75,8.78,0.0,0.0,717078.0,6295316.55,259.0
4090,2009-10-19,8.78,8.8,8.75,8.78,0.0,0.0,921020.0,8082998.05,343.0
4090,2009-10-18,8.83,8.83,8.7,8.78,-0.05,-0.57,1013733.0,8867839.0,312.0
4090,2009-10-17,8.86,8.86,8.8,8.83,0.03,0.34,741629.0,6542836.25,283.0
4090,2009-10-14,8.83,8.83,8.7,8.8,-0.08,-0.9,1821007.0,15949548.65,566.0
4090,2009-10-13,8.91,8.93,8.88,8.88,-0.05,-0.56,297657.0,2649388.3,153.0
4090,2009-10-12,8.91,8.93,8.88,8.93,0.02,0.22,400821.0,3575866.7,201.0
4090,2009-10-11,8.96,8.96,8.91,8.91,-0.05,-0.56,787273.0,7031168.45,251.0
4090,2009-10-10,8.96,9.04,8.93,8.96,0.03,0.34,1336259.0,11974486.8,342.0
4090,2009-10-07,9.04,9.04,8.93,8.93,-0.11,-1.22,464476.0,4173808.35,230.0
4090,2009-10-06,9.04,9.06,9.01,9.04,0.0,0.0,332158.0,3002962.7,189.0
4090,2009-10-05,9.09,9.09,9.01,9.04,-0.02,-0.22,744898.0,6744827.05,212.0
4090,2009-10-04,9.06,9.12,9.04,9.06,0.0,0.0,614734.0,5587550.85,265.0
4090,2009-10-03,9.12,9.12,9.04,9.06,-0.29,-3.1,1322134.0,11986766.65,476.0
4090,2009-09-30,9.35,9.35,9.22,9.35,-0.03,-0.32,1723854.0,16041547.95,537.0
4090,2009-09-29,8.99,9.38,8.96,9.38,0.39,4.34,2261101.0,20528589.85,509.0
4090,2009-09-28,8.86,9.04,8.86,8.99,0.19,2.16,2971187.0,26660022.45,744.0
4090,2009-09-27,8.8,8.96,8.78,8.8,-0.03,-0.34,1373463.0,12190381.4,387.0
4090,2009-09-26,8.83,8.83,8.75,8.83,0.08,0.91,556978.0,4907676.9,165.0
4090,2009-09-16,8.7,8.78,8.7,8.75,0.05,0.57,318367.0,2782745.65,130.0
4090,2009-09-15,8.67,8.75,8.67,8.7,0.0,0.0,275427.0,2401412.35,99.0
4090,2009-09-14,8.67,8.73,8.65,8.7,0.0,0.0,348456.0,3025027.3,107.0
4090,2009-09-13,8.7,8.7,8.65,8.7,0.03,0.35,314362.0,2728338.7,145.0
4090,2009-09-12,8.62,8.67,8.62,8.67,0.07,0.81,252231.0,2183010.4,107.0
4090,2009-09-09,8.62,8.62,8.6,8.6,-0.02,-0.23,104043.0,895905.6,95.0
4090,2009-09-08,8.54,8.62,8.54,8.62,0.08,0.94,266608.0,2293843.4,111.0
4090,2009-09-07,8.62,8.65,8.44,8.54,-0.06,-0.7,620892.0,5303400.7,215.0
4090,2009-09-06,8.6,8.6,8.57,8.6,-0.02,-0.23,119042.0,1021838.55,80.0
4090,2009-09-05,8.6,8.65,8.54,8.62,0.05,0.58,319453.0,2752582.35,103.0
4090,2009-09-02,8.54,8.6,8.46,8.57,0.0,0.0,258674.0,2204145.3,159.0
4090,2009-09-01,8.6,8.65,8.57,8.57,-0.05,-0.58,128680.0,1105739.95,82.0
4090,2009-08-31,8.62,8.67,8.6,8.62,-0.03,-0.35,156756.0,1353885.95,89.0
4090,2009-08-30,8.65,8.67,8.65,8.65,0.0,0.0,184682.0,1597190.45,85.0
4090,2009-08-29,8.67,8.7,8.62,8.65,-0.02,-0.23,196194.0,1702567.1,104.0
4090,2009-08-26,8.67,8.67,8.62,8.67,-0.03,-0.34,296190.0,2564102.2,117.0
4090,2009-08-25,8.67,8.73,8.62,8.7,0.05,0.58,380870.0,3310495.65,161.0
4090,2009-08-24,8.6,8.67,8.6,8.65,0.03,0.35,501395.0,4338478.55,140.0
4090,2009-08-23,8.6,8.62,8.57,8.62,0.02,0.23,438646.0,3768614.65,177.0
4090,2009-08-22,8.6,8.65,8.6,8.6,0.08,0.94,288130.0,2480304.45,127.0
4090,2009-08-19,8.7,8.7,8.52,8.52,-0.18,-2.07,1086637.0,9360573.95,329.0
4090,2009-08-18,8.67,8.7,8.62,8.7,0.03,0.35,768585.0,6654227.4,250.0
4090,2009-08-17,8.78,8.8,8.67,8.67,-0.13,-1.48,617755.0,5390888.0,237.0
4090,2009-08-16,8.8,8.83,8.8,8.8,-0.03,-0.34,435045.0,3835910.7,131.0
4090,2009-08-15,8.8,8.83,8.78,8.83,0.03,0.34,289427.0,2544587.4,120.0
4090,2009-08-12,8.83,8.86,8.8,8.8,-0.11,-1.23,349832.0,3085935.35,136.0
4090,2009-08-11,8.8,8.91,8.78,8.91,0.11,1.25,470005.0,4151479.35,205.0
4090,2009-08-10,8.75,8.83,8.75,8.8,0.05,0.57,364142.0,3200267.95,163.0
4090,2009-08-09,8.78,8.78,8.73,8.75,-0.03,-0.34,390048.0,3414656.45,190.0
4090,2009-08-08,8.83,8.83,8.78,8.78,-0.02,-0.23,467083.0,4113430.05,162.0
4090,2009-08-05,8.83,8.86,8.8,8.8,-0.06,-0.68,463458.0,4096294.25,193.0
4090,2009-08-04,8.93,8.93,8.8,8.86,-0.07,-0.78,870566.0,7721857.25,300.0
4090,2009-08-03,8.86,8.96,8.8,8.93,0.07,0.79,1504218.0,13401072.45,421.0
4090,2009-08-02,8.83,8.86,8.78,8.86,0.0,0.0,689812.0,6081685.3,206.0
4090,2009-08-01,8.86,8.91,8.8,8.86,0.06,0.68,627229.0,5555735.55,271.0
4090,2009-07-29,8.8,8.8,8.73,8.8,0.0,0.0,537827.0,4710455.6,234.0
4090,2009-07-28,8.8,8.96,8.78,8.8,0.02,0.23,1946409.0,17246780.15,572.0
4090,2009-07-27,8.78,8.86,8.75,8.78,0.03,0.34,1312866.0,11563370.55,408.0
4090,2009-07-26,8.75,8.8,8.73,8.75,0.0,0.0,1105354.0,9697774.75,380.0
4090,2009-07-25,8.78,8.78,8.7,8.75,0.1,1.16,1332629.0,11647693.4,384.0
4090,2009-07-22,8.7,8.73,8.65,8.65,-0.05,-0.57,764715.0,6643108.9,338.0
4090,2009-07-21,8.67,8.7,8.62,8.7,0.03,0.35,605941.0,5252592.65,240.0
4090,2009-07-20,8.57,8.67,8.57,8.67,0.13,1.52,778377.0,6707266.95,290.0
4090,2009-07-19,8.65,8.65,8.52,8.54,-0.13,-1.5,849104.0,7290841.5,335.0
4090,2009-07-18,8.67,8.67,8.6,8.67,0.07,0.81,1300480.0,11243664.85,350.0
4090,2009-07-15,8.62,8.65,8.57,8.6,0.0,0.0,711468.0,6124165.4,272.0
4090,2009-07-14,8.54,8.65,8.52,8.6,-0.02,-0.23,1420802.0,12188115.75,525.0
4090,2009-07-13,8.67,8.67,8.54,8.62,-0.08,-0.92,384177.0,3307874.85,222.0
4090,2009-07-12,8.75,8.78,8.65,8.7,-0.05,-0.57,1244076.0,10828149.25,411.0
4090,2009-07-11,8.73,8.75,8.67,8.75,0.02,0.23,447091.0,3894533.9,224.0
4090,2009-07-08,8.78,8.8,8.67,8.73,-0.13,-1.47,934980.0,8175016.4,444.0
4090,2009-07-07,8.96,9.01,8.83,8.86,-0.07,-0.78,1656444.0,14771254.0,479.0
4090,2009-07-06,9.06,9.17,8.91,8.93,-0.16,-1.76,1786958.0,16130317.7,573.0
4090,2009-07-05,9.09,9.14,9.06,9.09,0.03,0.33,993096.0,9026930.15,376.0
4090,2009-07-04,9.12,9.27,9.01,9.06,-0.26,-2.79,3109712.0,28398026.3,1026.0
4090,2009-07-01,9.04,9.74,8.99,9.32,0.1,1.08,11464633.0,108644942.25,2510.0
4090,2009-06-30,9.25,9.3,9.17,9.22,0.0,0.0,1450939.0,13394578.4,433.0
4090,2009-06-29,9.06,9.25,9.06,9.22,0.16,1.77,1135249.0,10399798.7,366.0
4090,2009-06-28,9.12,9.12,9.01,9.06,-0.11,-1.2,810062.0,7349475.85,351.0
4090,2009-06-27,9.22,9.22,9.14,9.17,0.0,0.0,1157780.0,10636060.4,394.0
4090,2009-06-24,9.14,9.19,9.06,9.17,0.05,0.55,1361351.0,12435519.8,493.0
4090,2009-06-23,9.04,9.12,8.88,9.12,-0.05,-0.55,1343402.0,12084049.3,515.0
4090,2009-06-22,9.22,9.27,9.06,9.17,0.0,0.0,2536816.0,23265148.7,828.0
4090,2009-06-21,9.4,9.53,9.14,9.17,-0.18,-1.93,4842588.0,45416257.2,1322.0
4090,2009-06-20,9.4,9.4,9.25,9.35,-0.03,-0.32,1541967.0,14397669.15,437.0
4090,2009-06-17,9.45,9.51,9.27,9.38,-0.1,-1.05,3490443.0,32911437.05,869.0
4090,2009-06-16,9.27,9.56,9.17,9.48,0.16,1.72,7507702.0,70608881.4,1361.0
4090,2009-06-15,9.38,9.4,9.25,9.32,-0.08,-0.85,5716220.0,53419520.6,1025.0
4090,2009-06-14,9.32,9.45,9.3,9.4,0.05,0.53,3778268.0,35459960.5,854.0
4090,2009-06-13,9.32,9.35,9.19,9.35,0.05,0.54,4572989.0,42300526.2,1249.0
4090,2009-06-10,9.3,9.35,9.25,9.3,0.11,1.2,1780768.0,16561763.8,430.0
4090,2009-06-09,9.27,9.27,9.17,9.19,-0.08,-0.86,1552811.0,14323446.9,544.0
4090,2009-06-08,9.45,9.45,9.25,9.27,-0.21,-2.22,2927783.0,27402213.35,777.0
4090,2009-06-07,9.4,9.53,9.32,9.48,0.0,0.0,3925450.0,36931402.4,832.0
4090,2009-06-06,9.53,9.61,9.48,9.48,-0.03,-0.32,2412877.0,23004514.45,536.0
4090,2009-06-03,9.45,9.53,9.43,9.51,0.06,0.63,2372867.0,22464954.4,605.0
4090,2009-06-02,9.58,9.64,9.43,9.45,-0.06,-0.63,4922305.0,46872652.65,960.0
4090,2009-06-01,9.4,9.53,9.4,9.51,0.08,0.85,1776384.0,16831400.7,414.0
4090,2009-05-31,9.53,9.56,9.35,9.43,-0.08,-0.84,1961490.0,18524033.6,517.0
4090,2009-05-30,9.38,9.53,9.32,9.51,0.24,2.59,2099079.0,19776452.5,607.0
4090,2009-05-27,9.48,9.51,9.22,9.27,-0.08,-0.86,1528105.0,14253070.75,559.0
4090,2009-05-26,9.56,9.61,9.17,9.35,-0.26,-2.71,2009152.0,19052353.55,689.0
4090,2009-05-25,9.92,9.95,9.58,9.61,-0.31,-3.13,2456736.0,23942532.9,791.0
4090,2009-05-24,9.77,10.21,9.77,9.92,0.28,2.9,7819962.0,78319373.95,1788.0
4090,2009-05-23,9.43,9.72,9.4,9.64,0.13,1.37,2735801.0,26311465.45,672.0
4090,2009-05-20,9.58,9.58,9.48,9.51,-0.05,-0.52,844543.0,8054807.0,337.0
4090,2009-05-19,9.51,9.64,9.51,9.56,0.11,1.16,1463026.0,14006154.0,496.0
4090,2009-05-18,9.43,9.45,9.38,9.45,0.07,0.75,971742.0,9144318.9,388.0
4090,2009-05-17,9.4,9.43,9.3,9.38,0.0,0.0,936911.0,8797437.7,331.0
4090,2009-05-16,9.56,9.58,9.32,9.38,-0.26,-2.7,1662735.0,15700602.2,621.0
4090,2009-05-13,9.72,9.74,9.58,9.64,-0.05,-0.52,1187681.0,11493700.9,523.0
4090,2009-05-12,9.82,9.82,9.66,9.69,-0.08,-0.82,3151845.0,30740657.8,973.0
4090,2009-05-11,9.72,9.98,9.69,9.77,0.05,0.51,2557270.0,25233855.45,935.0
4090,2009-05-10,9.77,9.82,9.69,9.72,-0.07,-0.72,597205.0,5825322.25,311.0
4090,2009-05-09,9.85,9.87,9.74,9.79,0.07,0.72,1783268.0,17488834.7,516.0
4090,2009-05-06,9.72,9.85,9.69,9.72,-0.02,-0.21,718771.0,7010682.1,273.0
4090,2009-05-05,10.05,10.05,9.69,9.74,-0.18,-1.81,2109482.0,20638275.6,735.0
4090,2009-05-04,9.56,10.26,9.53,9.92,0.41,4.31,4294585.0,42321626.6,1348.0
4090,2009-05-03,9.51,9.56,9.48,9.51,-0.1,-1.04,472978.0,4497124.8,319.0
4090,2009-05-02,9.77,9.9,9.45,9.61,0.18,1.91,2163771.0,20923552.05,737.0
4090,2009-04-29,9.17,9.64,9.14,9.43,0.31,3.4,1570300.0,14716671.75,586.0
4090,2009-04-28,9.04,9.22,9.04,9.12,0.0,0.0,337748.0,3082743.35,240.0
4090,2009-04-27,9.32,9.48,8.88,9.12,-0.33,-3.49,1325972.0,12151532.3,504.0
4090,2009-04-26,9.38,9.51,9.25,9.45,0.18,1.94,697249.0,6548835.45,277.0
4090,2009-04-25,9.12,9.27,9.12,9.27,0.21,2.32,190625.0,1762198.45,145.0
4090,2009-04-22,8.96,9.06,8.96,9.06,0.13,1.46,176897.0,1591389.55,151.0
4090,2009-04-21,9.06,9.06,8.86,8.93,-0.24,-2.62,203581.0,1818076.0,195.0
4090,2009-04-20,9.17,9.17,8.86,9.17,0.0,0.0,372143.0,3368054.9,185.0
4090,2009-04-19,9.4,9.4,9.06,9.17,-0.31,-3.27,635386.0,5902353.2,304.0
4090,2009-04-18,9.35,9.58,9.35,9.48,0.1,1.07,442513.0,4210186.5,221.0
4090,2009-04-15,9.35,9.38,9.3,9.38,0.0,0.0,359047.0,3351405.65,198.0
4090,2009-04-14,9.38,9.43,9.32,9.38,0.0,0.0,440789.0,4135831.35,192.0
4090,2009-04-13,9.32,9.38,9.27,9.38,0.06,0.64,390432.0,3639731.8,259.0
4090,2009-04-12,9.25,9.4,9.25,9.32,-0.06,-0.64,420127.0,3930441.8,186.0
4090,2009-04-11,9.3,9.45,9.25,9.38,0.37,4.11,1561398.0,14694046.0,266.0
4090,2009-04-08,9.12,9.3,8.88,9.01,-0.37,-3.94,2069451.0,18961782.3,480.0
4090,2009-04-07,8.86,9.64,8.86,9.38,0.5,5.63,1717686.0,15806636.85,534.0
4090,2009-04-06,8.78,8.96,8.78,8.88,0.02,0.23,418520.0,3727617.25,210.0
4090,2009-04-05,8.8,8.96,8.78,8.86,0.08,0.91,506694.0,4482541.3,255.0
4090,2009-04-04,8.67,8.83,8.67,8.78,0.18,2.09,354188.0,3101017.8,176.0
4090,2009-04-01,8.57,8.6,8.52,8.6,0.0,0.0,191026.0,1634464.3,120.0
4090,2009-03-31,8.57,8.67,8.52,8.6,0.08,0.94,427503.0,3669240.9,235.0
4090,2009-03-30,8.65,8.73,8.52,8.52,-0.26,-2.96,248392.0,2149608.7,144.0
4090,2009-03-29,8.86,8.86,8.78,8.78,-0.08,-0.9,373066.0,3294919.9,175.0
4090,2009-03-28,8.75,8.91,8.75,8.86,0.11,1.26,395288.0,3491676.0,213.0
4090,2009-03-25,8.75,8.78,8.6,8.75,-0.05,-0.57,354852.0,3092154.1,168.0
4090,2009-03-24,8.86,8.93,8.78,8.8,0.05,0.57,354750.0,3140324.1,234.0
4090,2009-03-23,8.67,8.8,8.65,8.75,-0.05,-0.57,290604.0,2534374.7,184.0
4090,2009-03-22,8.8,8.88,8.7,8.8,-0.11,-1.23,370951.0,3273287.05,213.0
4090,2009-03-21,7.97,8.91,7.97,8.91,0.73,8.92,606990.0,5222725.5,301.0
4090,2009-03-18,8.02,8.26,8.02,8.18,0.13,1.61,222039.0,1804820.75,160.0
4090,2009-03-17,7.94,8.05,7.92,8.05,0.08,1.0,177982.0,1418017.85,104.0
4090,2009-03-16,7.76,7.97,7.76,7.97,0.23,2.97,493390.0,3891492.05,315.0
4090,2009-03-15,7.76,7.81,7.68,7.74,0.03,0.39,341812.0,2645521.45,157.0
4090,2009-03-14,7.53,7.74,7.5,7.71,0.26,3.49,543736.0,4155819.3,264.0
4090,2009-03-11,7.53,7.55,7.42,7.45,0.0,0.0,530144.0,3978424.65,189.0
4090,2009-03-10,7.4,7.45,7.37,7.45,0.03,0.4,309077.0,2291075.75,183.0
4090,2009-03-09,7.45,7.45,7.34,7.42,-0.03,-0.4,496903.0,3675115.5,239.0
4090,2009-03-08,7.66,7.66,7.45,7.45,-0.13,-1.72,679220.0,5120887.55,241.0
4090,2009-03-07,7.68,7.68,7.48,7.58,-0.13,-1.69,723211.0,5461508.35,312.0
4090,2009-03-04,7.74,7.76,7.58,7.71,0.05,0.65,782725.0,5998848.2,366.0
4090,2009-03-03,7.55,7.66,7.48,7.66,0.0,0.0,694115.0,5258563.5,322.0
4090,2009-03-02,8.18,8.2,7.55,7.66,-0.52,-6.36,1180680.0,9377615.1,333.0
4090,2009-03-01,8.23,8.31,8.18,8.18,0.0,0.0,289395.0,2378829.4,139.0
4090,2009-02-28,8.33,8.33,8.18,8.18,-0.23,-2.73,246219.0,2035638.7,153.0
4090,2009-02-25,8.44,8.6,8.33,8.41,0.02,0.24,454288.0,3829630.5,227.0
4090,2009-02-24,8.6,8.7,8.28,8.39,-0.47,-5.3,574184.0,4820555.55,300.0
4090,2009-02-23,8.88,8.91,8.8,8.86,0.0,0.0,710858.0,6304397.95,291.0
4090,2009-02-22,8.96,8.99,8.73,8.86,-0.1,-1.12,694272.0,6141067.2,323.0
4090,2009-02-21,8.99,9.06,8.86,8.96,-0.18,-1.97,305923.0,2733744.75,182.0
4090,2009-02-18,8.99,9.14,8.93,9.14,0.21,2.35,439608.0,3964400.55,201.0
4090,2009-02-17,9.45,9.53,8.91,8.93,-0.55,-5.8,740166.0,6891258.6,342.0
4090,2009-02-16,9.43,9.56,9.43,9.48,0.08,0.85,936506.0,8875715.1,380.0
4090,2009-02-15,9.43,9.79,9.38,9.4,0.0,0.0,3223872.0,30770658.9,871.0
4090,2009-02-14,9.3,9.43,9.3,9.4,0.02,0.21,447951.0,4209927.0,211.0
4090,2009-02-11,9.38,9.38,9.3,9.38,-0.05,-0.53,393186.0,3675099.2,213.0
4090,2009-02-10,9.45,9.53,9.4,9.43,-0.05,-0.53,438865.0,4155101.75,208.0
4090,2009-02-09,9.48,9.51,9.4,9.48,0.05,0.53,470625.0,4446468.65,232.0
4090,2009-02-08,9.51,9.53,9.43,9.43,-0.08,-0.84,518747.0,4919049.75,250.0
4090,2009-02-07,9.48,9.53,9.43,9.51,0.08,0.85,495475.0,4699159.65,255.0
4090,2009-02-04,9.48,9.51,9.38,9.43,-0.05,-0.53,400312.0,3782995.2,183.0
4090,2009-02-03,9.3,9.48,9.3,9.48,0.13,1.39,593262.0,5569201.1,257.0
4090,2009-02-02,9.35,9.35,9.22,9.35,0.05,0.54,134808.0,1251689.85,113.0
4090,2009-02-01,9.38,9.38,9.3,9.3,-0.08,-0.85,200168.0,1867361.1,136.0
4090,2009-01-31,9.22,9.38,9.22,9.38,0.03,0.32,348653.0,3259535.75,197.0
4090,2009-01-28,9.3,9.35,9.19,9.35,0.0,0.0,309567.0,2878316.85,197.0
4090,2009-01-27,9.38,9.51,9.27,9.35,-0.03,-0.32,735236.0,6918969.7,363.0
4090,2009-01-26,9.53,9.66,9.38,9.38,-0.23,-2.39,917522.0,8784661.7,340.0
4090,2009-01-25,9.4,9.64,9.3,9.61,0.21,2.23,576349.0,5454618.2,277.0
4090,2009-01-24,9.12,9.4,9.12,9.4,0.28,3.07,754915.0,7011652.75,301.0
4090,2009-01-21,8.86,9.12,8.65,9.12,0.16,1.79,328238.0,2927682.15,173.0
4090,2009-01-20,8.75,8.96,8.7,8.96,0.0,0.0,252850.0,2226726.35,155.0
4090,2009-01-19,8.88,9.17,8.88,8.96,0.08,0.9,331280.0,2979214.95,136.0
4090,2009-01-18,8.73,9.12,8.7,8.88,0.15,1.72,184891.0,1636906.3,123.0
4090,2009-01-17,9.12,9.14,8.6,8.73,-0.44,-4.8,286544.0,2514410.35,163.0
4090,2009-01-14,9.22,9.22,9.12,9.17,-0.05,-0.54,249767.0,2284459.15,145.0
4090,2009-01-13,9.27,9.32,9.12,9.22,0.0,0.0,420500.0,3877537.0,214.0
4090,2009-01-12,9.32,9.35,9.22,9.22,-0.13,-1.39,430060.0,3994891.9,198.0
4090,2009-01-11,9.3,9.43,9.27,9.35,0.03,0.32,541185.0,5078789.05,267.0
4090,2009-01-10,9.35,9.35,9.14,9.32,-0.08,-0.85,351988.0,3261677.4,205.0
4090,2009-01-07,9.48,9.48,9.4,9.4,-0.03,-0.32,546410.0,5159269.25,223.0
4090,2009-01-06,9.45,9.58,9.38,9.43,-0.05,-0.53,614814.0,5827049.6,285.0
4090,2009-01-05,9.4,9.48,9.35,9.48,0.1,1.07,934519.0,8811663.9,377.0
4090,2009-01-04,9.35,9.4,9.3,9.38,0.03,0.32,481663.0,4506969.6,228.0
4090,2009-01-03,9.22,9.4,9.22,9.35,0.16,1.74,986659.0,9230827.2,399.0
4090,2008-12-31,9.38,9.48,9.19,9.19,-0.24,-2.55,946423.0,8848849.5,436.0
4090,2008-12-30,9.38,9.51,9.32,9.43,-0.08,-0.84,1041818.0,9785887.6,407.0
4090,2008-12-29,9.27,9.51,9.12,9.51,0.19,2.04,941159.0,8804460.9,428.0
4090,2008-12-28,8.99,9.32,8.99,9.32,0.2,2.19,1172938.0,10696592.95,492.0
4090,2008-12-27,8.88,9.12,8.83,9.12,0.06,0.66,880643.0,7912926.2,349.0
4090,2008-12-24,8.75,9.06,8.57,9.06,0.15,1.68,1093121.0,9654966.65,410.0
4090,2008-12-23,8.57,8.91,8.57,8.91,0.18,2.06,1042501.0,9068338.05,386.0
4090,2008-12-22,8.33,8.73,8.26,8.73,0.4,4.8,1111850.0,9315558.55,383.0
4090,2008-12-21,8.18,8.36,8.18,8.33,0.1,1.22,546948.0,4536253.0,213.0
4090,2008-12-20,7.97,8.23,7.94,8.23,-0.08,-0.96,812782.0,6550729.7,237.0
4090,2008-12-17,8.07,8.31,8.07,8.31,0.31,3.88,771390.0,6319550.9,291.0
4090,2008-12-16,7.94,8.07,7.89,8.0,0.0,0.0,1155471.0,9226817.3,436.0
4090,2008-12-15,7.89,8.02,7.84,8.0,0.16,2.04,1066148.0,8431327.6,309.0
4090,2008-12-14,7.94,7.94,7.81,7.84,-0.13,-1.63,588411.0,4626833.15,283.0
4090,2008-12-13,7.76,8.07,7.74,7.97,0.21,2.71,1240572.0,9800235.2,546.0
4090,2008-12-03,7.61,7.81,7.5,7.76,0.23,3.05,1036026.0,7879104.2,433.0
4090,2008-12-02,7.81,7.81,7.5,7.53,-0.36,-4.56,796787.0,6070952.8,418.0
4090,2008-12-01,7.89,7.94,7.79,7.89,0.02,0.25,414520.0,3261326.2,281.0
4090,2008-11-30,8.28,8.28,7.81,7.87,-0.18,-2.24,951464.0,7548476.8,379.0
4090,2008-11-29,7.42,8.05,7.42,8.05,0.73,9.97,1311572.0,10343299.9,443.0
4090,2008-11-26,7.4,7.4,7.24,7.32,-0.13,-1.74,841303.0,6158985.9,351.0
4090,2008-11-25,7.68,7.74,7.42,7.45,-0.13,-1.72,489605.0,3732822.4,306.0
4090,2008-11-24,7.32,7.71,7.29,7.58,0.26,3.55,703604.0,5234603.4,350.0
4090,2008-11-23,7.4,7.55,7.16,7.32,0.0,0.0,457644.0,3370170.35,321.0
4090,2008-11-22,8.0,8.1,7.27,7.32,-0.75,-9.29,627144.0,4762319.4,394.0
4090,2008-11-19,8.05,8.39,8.0,8.07,0.05,0.62,984849.0,8064026.05,445.0
4090,2008-11-18,8.39,8.39,8.02,8.02,-0.26,-3.14,790452.0,6442370.5,383.0
4090,2008-11-17,8.28,8.39,8.15,8.28,0.05,0.61,1066534.0,8858716.85,347.0
4090,2008-11-16,8.05,8.26,7.94,8.23,0.13,1.6,724768.0,5859623.95,423.0
4090,2008-11-15,8.39,8.44,8.02,8.1,-0.36,-4.26,670969.0,5563803.35,506.0
4090,2008-11-12,8.49,8.57,8.41,8.46,-0.08,-0.94,1443940.0,12268188.4,511.0
4090,2008-11-11,8.75,8.75,8.49,8.54,-0.37,-4.15,1198393.0,10287855.6,467.0
4090,2008-11-10,8.91,9.04,8.86,8.91,0.0,0.0,904069.0,8103749.85,411.0
4090,2008-11-09,8.62,8.91,8.62,8.91,0.13,1.48,850826.0,7506751.55,360.0
4090,2008-11-08,9.19,9.19,8.78,8.78,-0.62,-6.6,713584.0,6385155.65,422.0
4090,2008-11-05,9.72,9.79,9.22,9.4,-0.16,-1.67,1575291.0,15021082.95,704.0
4090,2008-11-04,9.51,9.64,9.35,9.56,0.13,1.38,2656075.0,25289181.3,865.0
4090,2008-11-03,9.12,9.43,8.91,9.43,0.34,3.74,2078138.0,19322502.85,661.0
4090,2008-11-02,9.35,9.35,8.99,9.09,-0.18,-1.94,1349628.0,12334208.55,573.0
4090,2008-11-01,8.88,9.3,8.88,9.27,0.52,5.94,1986474.0,18027668.85,602.0
4090,2008-10-29,9.3,9.3,8.75,8.75,-0.08,-0.91,2242549.0,20371972.3,880.0
4090,2008-10-28,8.86,8.86,8.33,8.83,0.31,3.64,3075872.0,26690171.4,1112.0
4090,2008-10-27,9.45,9.45,8.52,8.52,-0.93,-9.84,2457120.0,21316100.15,855.0
4090,2008-10-26,9.27,9.77,9.27,9.45,-0.84,-8.16,2227656.0,20939034.4,1045.0
4090,2008-10-25,10.29,10.29,10.29,10.29,-1.12,-9.82,830487.0,8544166.0,134.0
4090,2008-10-22,11.51,11.56,11.33,11.41,-0.47,-3.96,442584.0,5069598.25,259.0
4090,2008-10-21,11.75,11.88,11.51,11.88,0.32,2.77,1951907.0,22952308.75,574.0
4090,2008-10-20,11.72,11.85,11.49,11.56,0.02,0.17,1472666.0,17085450.15,589.0
4090,2008-10-19,11.36,12.09,11.36,11.54,0.18,1.58,1585429.0,18483089.2,485.0
4090,2008-10-18,11.41,11.72,11.2,11.36,-0.1,-0.87,1095642.0,12702208.35,477.0
4090,2008-10-15,10.73,11.96,10.47,11.46,-0.05,-0.43,2737778.0,30956887.05,792.0
4090,2008-10-14,11.46,11.51,11.33,11.51,1.04,9.93,1828680.0,20989526.95,556.0
4090,2008-10-13,10.11,10.47,9.92,10.47,0.94,9.86,1764582.0,18101976.6,464.0
4090,2008-10-12,9.48,9.77,9.43,9.53,-0.24,-2.46,1734039.0,16637003.2,637.0
4090,2008-10-11,9.32,10.0,9.32,9.77,-0.47,-4.59,904255.0,8841665.65,533.0
4090,2008-10-08,10.57,10.57,9.82,10.24,-0.65,-5.97,2742098.0,27303479.4,941.0
4090,2008-10-07,10.68,11.46,10.68,10.89,-0.83,-7.08,903172.0,9865619.45,523.0
4090,2008-10-06,11.72,11.72,11.72,11.72,-1.3,-9.98,1061567.0,12442275.0,208.0
4090,2008-09-28,12.48,13.18,12.48,13.02,0.65,5.25,659009.0,8459513.45,392.0
4090,2008-09-27,11.98,12.5,11.98,12.37,0.21,1.73,616813.0,7572803.2,416.0
4090,2008-09-24,12.4,12.4,11.85,12.16,-0.39,-3.11,795065.0,9553183.2,305.0
4090,2008-09-22,12.63,12.89,12.55,12.55,-0.24,-1.88,281910.0,3571826.7,167.0
4090,2008-09-21,12.92,13.02,12.55,12.79,-0.15,-1.16,402249.0,5145456.5,213.0
4090,2008-09-20,13.02,13.39,12.89,12.94,0.15,1.17,1688967.0,22016169.5,436.0
4090,2008-09-17,11.88,12.79,11.88,12.79,1.15,9.88,1879690.0,23538652.5,554.0
4090,2008-09-16,11.04,11.88,10.94,11.64,0.44,3.93,1734174.0,20085398.1,598.0
4090,2008-09-15,12.37,12.37,11.2,11.2,-1.12,-9.09,1027935.0,11962761.2,542.0
4090,2008-09-14,12.4,12.4,11.72,12.32,0.03,0.24,1091670.0,13134765.7,538.0
4090,2008-09-13,12.87,13.02,12.29,12.29,-0.47,-3.68,820946.0,10487637.3,421.0
4090,2008-09-10,12.76,12.89,12.63,12.76,-0.13,-1.01,644130.0,8225168.75,245.0
4090,2008-09-09,13.02,13.02,12.76,12.89,-0.26,-1.98,969338.0,12526197.5,262.0
4090,2008-09-08,12.76,13.15,12.76,13.15,0.52,4.12,1884099.0,24463307.75,482.0
4090,2008-09-07,13.02,13.15,12.63,12.63,-0.52,-3.95,1137773.0,14622809.0,415.0
4090,2008-09-06,13.54,13.54,12.89,13.15,-0.65,-4.71,927109.0,12206098.75,394.0
4090,2008-09-03,13.93,14.06,13.8,13.8,-0.13,-0.93,199755.0,2782818.5,97.0
4090,2008-09-02,14.2,14.2,13.8,13.93,-0.27,-1.9,1171091.0,16392390.75,270.0
4090,2008-09-01,14.2,14.2,13.93,14.2,0.0,0.0,358782.0,5062172.5,134.0
4090,2008-08-31,14.06,14.2,14.06,14.2,0.14,1.0,469363.0,6614725.75,196.0
4090,2008-08-30,14.33,14.46,14.06,14.06,-0.27,-1.88,610656.0,8700158.0,272.0
4090,2008-08-27,14.59,14.59,14.33,14.33,-0.13,-0.9,409838.0,5924291.25,227.0
4090,2008-08-26,14.46,14.72,14.33,14.46,0.0,0.0,1916510.0,27923490.5,501.0
4090,2008-08-25,14.33,14.46,14.06,14.46,0.13,0.91,535487.0,7635367.75,217.0
4090,2008-08-24,14.46,14.46,14.33,14.33,0.0,0.0,1426364.0,20533864.25,316.0
4090,2008-08-23,14.06,14.46,14.06,14.33,0.4,2.87,1845040.0,26273745.5,523.0
4090,2008-08-20,13.93,14.06,13.8,13.93,0.0,0.0,545995.0,7603114.5,175.0
4090,2008-08-19,14.06,14.2,13.93,13.93,-0.27,-1.9,908396.0,12764235.5,266.0
4090,2008-08-18,13.93,14.2,13.8,14.2,0.14,1.0,779109.0,10874674.75,284.0
4090,2008-08-17,13.8,14.33,13.8,14.06,0.39,2.85,1962818.0,27526288.0,470.0
4090,2008-08-16,13.54,13.8,13.41,13.67,0.13,0.96,1398267.0,19097513.75,492.0
4090,2008-08-13,13.67,13.67,13.41,13.54,-0.13,-0.95,943772.0,12781405.25,310.0
4090,2008-08-12,13.67,13.67,13.41,13.67,0.13,0.96,496471.0,6734767.25,211.0
4090,2008-08-11,13.28,13.67,13.28,13.54,0.26,1.96,1272272.0,17229527.75,404.0
4090,2008-08-10,13.67,13.67,13.02,13.28,-0.39,-2.85,1383820.0,18696373.0,514.0
4090,2008-08-09,14.2,14.2,13.67,13.67,-0.39,-2.77,1281500.0,17969638.5,471.0
4090,2008-08-06,14.33,14.46,14.06,14.06,-0.27,-1.88,994160.0,14179789.75,328.0
4090,2008-08-05,14.33,14.46,14.06,14.33,0.0,0.0,894898.0,12759736.5,341.0
4090,2008-08-04,14.46,14.59,14.33,14.33,-0.26,-1.78,467958.0,6740522.5,286.0
4090,2008-08-03,14.59,14.72,14.46,14.59,0.13,0.9,480580.0,7008165.5,332.0
4090,2008-08-02,14.59,14.59,14.33,14.46,-0.26,-1.77,728216.0,10518771.25,367.0
4090,2008-07-30,14.85,14.85,14.72,14.72,0.13,0.89,807499.0,11947252.25,322.0
4090,2008-07-29,14.85,14.98,14.59,14.59,-0.26,-1.75,910843.0,13422560.0,493.0
4090,2008-07-28,14.85,14.98,14.72,14.85,0.0,0.0,572621.0,8489328.25,324.0
4090,2008-07-27,14.98,15.11,14.85,14.85,-0.26,-1.72,2517594.0,37579252.0,824.0
4090,2008-07-26,15.11,15.24,14.98,15.11,-0.13,-0.85,1312461.0,19818062.5,521.0
4090,2008-07-23,15.63,15.63,15.11,15.24,-0.39,-2.5,1509521.0,23174611.0,622.0
4090,2008-07-22,15.76,16.02,15.37,15.63,-0.13,-0.82,2887863.0,45191045.5,851.0
4090,2008-07-21,15.76,15.89,15.76,15.76,-0.13,-0.82,734476.0,11622841.5,367.0
4090,2008-07-20,15.76,16.02,15.5,15.89,0.13,0.82,1472100.0,23184743.75,617.0
4090,2008-07-19,15.63,16.02,15.5,15.76,0.13,0.83,2525142.0,39935819.5,690.0
4090,2008-07-16,14.85,15.89,14.85,15.63,0.78,5.25,4280924.0,65711254.0,1083.0
4090,2008-07-15,15.5,15.5,14.46,14.85,-0.65,-4.19,899930.0,13563241.5,408.0
4090,2008-07-14,15.5,15.76,15.37,15.5,0.0,0.0,1298823.0,20188428.25,332.0
4090,2008-07-13,15.37,15.63,15.24,15.5,0.26,1.71,1330596.0,20579896.5,445.0
4090,2008-07-12,15.24,15.37,14.85,15.24,-0.13,-0.85,770698.0,11691093.25,372.0
4090,2008-07-09,15.76,15.76,14.85,15.37,-0.39,-2.47,1432109.0,21986040.25,564.0
4090,2008-07-08,15.89,16.02,15.63,15.76,-0.26,-1.62,926627.0,14651389.75,486.0
4090,2008-07-07,16.02,16.15,15.89,16.02,0.13,0.82,743362.0,11897809.0,351.0
4090,2008-07-06,15.89,16.02,15.63,15.89,-0.13,-0.81,823188.0,13058681.75,420.0
4090,2008-07-05,16.15,16.15,15.89,16.02,-0.13,-0.8,956342.0,15318077.75,373.0
4090,2008-07-02,16.02,16.15,15.89,16.15,0.13,0.81,948627.0,15238260.0,411.0
4090,2008-07-01,15.63,16.02,15.63,16.02,0.26,1.65,1469211.0,23196744.5,456.0
4090,2008-06-30,15.76,15.89,15.5,15.76,0.13,0.83,1399519.0,22013160.0,594.0
4090,2008-06-29,15.76,16.15,15.37,15.63,-0.13,-0.82,2548248.0,40015283.75,757.0
4090,2008-06-28,16.54,16.54,15.5,15.76,-0.78,-4.72,1578192.0,25140092.25,686.0
4090,2008-06-25,16.93,16.93,16.54,16.54,-0.26,-1.55,1271003.0,21206477.25,537.0
4090,2008-06-24,16.93,17.19,16.8,16.8,-0.26,-1.52,1702242.0,28784352.5,583.0
4090,2008-06-23,17.19,17.19,16.93,17.06,-0.13,-0.76,865253.0,14760873.25,402.0
4090,2008-06-22,16.67,17.32,16.67,17.19,0.52,3.12,3452073.0,58807504.25,1109.0
4090,2008-06-21,16.93,16.93,16.67,16.67,-0.13,-0.77,1572150.0,26366773.25,706.0
4090,2008-06-18,17.06,17.06,16.8,16.8,-0.26,-1.52,1755530.0,29730393.0,709.0
4090,2008-06-17,17.06,17.32,16.93,17.06,0.13,0.77,5339791.0,91290694.25,1190.0
4090,2008-06-16,16.8,17.06,16.8,16.93,0.0,0.0,1298891.0,21908360.0,419.0
4090,2008-06-15,16.93,17.06,16.8,16.93,0.0,0.0,1467990.0,24789591.25,563.0
4090,2008-06-14,17.19,17.32,16.67,16.93,-0.26,-1.51,3265135.0,55592594.0,1170.0
4090,2008-06-11,17.19,17.32,17.06,17.19,0.0,0.0,2320216.0,39892105.75,895.0
4090,2008-06-10,17.45,17.71,16.93,17.19,-0.13,-0.75,4090595.0,70944560.0,1227.0
4090,2008-06-09,17.71,17.97,17.19,17.32,-0.52,-2.91,2495491.0,44327507.0,700.0
4090,2008-06-08,17.71,17.84,17.45,17.84,0.0,0.0,1648529.0,29123447.25,639.0
4090,2008-06-07,17.58,17.97,17.58,17.84,0.13,0.73,2120353.0,37687634.0,664.0
4090,2008-06-04,17.32,17.84,17.19,17.71,0.39,2.25,2262164.0,39837004.0,742.0
4090,2008-06-03,17.45,17.45,16.93,17.32,0.0,0.0,1420468.0,24413073.0,640.0
4090,2008-06-02,17.19,17.58,17.19,17.32,0.0,0.0,1050328.0,18321791.25,371.0
4090,2008-06-01,17.45,17.58,17.19,17.32,-0.26,-1.48,750027.0,13074583.0,320.0
4090,2008-05-31,17.58,17.58,17.32,17.58,0.0,0.0,927562.0,16189231.75,289.0
4090,2008-05-28,17.45,17.71,17.32,17.58,0.13,0.74,1091275.0,19104184.25,493.0
4090,2008-05-27,17.32,17.45,17.19,17.45,0.13,0.75,385782.0,6680356.25,218.0
4090,2008-05-26,17.71,17.71,17.32,17.32,-0.39,-2.2,1632947.0,28708987.25,540.0
4090,2008-05-25,17.32,17.71,17.19,17.71,0.52,3.03,2300474.0,40171996.75,647.0
4090,2008-05-24,17.19,17.32,17.06,17.19,0.0,0.0,763786.0,13114353.0,392.0
4090,2008-05-21,17.06,17.19,16.93,17.19,0.0,0.0,1038829.0,17785361.5,437.0
4090,2008-05-20,17.32,17.45,17.06,17.19,0.13,0.76,1696026.0,29239973.25,790.0
4090,2008-05-19,17.06,17.19,16.8,17.06,0.0,0.0,789191.0,13422253.5,358.0
4090,2008-05-18,17.19,17.19,16.93,17.06,-0.13,-0.76,618193.0,10558249.5,295.0
4090,2008-05-17,17.19,17.32,17.06,17.19,0.0,0.0,755888.0,12985784.5,325.0
4090,2008-05-14,17.45,17.58,17.06,17.19,-0.26,-1.49,1289246.0,22355981.0,519.0
4090,2008-05-13,17.32,17.58,17.06,17.45,0.13,0.75,1979197.0,34274596.25,610.0
4090,2008-05-12,16.8,17.45,16.67,17.32,0.52,3.1,2249566.0,38646134.75,737.0
4090,2008-05-11,16.67,16.93,16.54,16.8,0.26,1.57,1151747.0,19282867.0,475.0
4090,2008-05-10,16.93,16.93,15.76,16.54,-0.52,-3.05,1644768.0,26920148.25,752.0
4090,2008-05-07,17.45,17.58,16.93,17.06,-0.52,-2.96,1402168.0,24158752.5,662.0
4090,2008-05-06,17.71,18.23,17.32,17.58,-0.39,-2.17,4855684.0,86415461.0,1368.0
4090,2008-05-05,17.97,18.1,17.19,17.97,-0.26,-1.43,3950634.0,69827509.0,1221.0
4090,2008-05-04,17.45,18.49,17.32,18.23,0.78,4.47,3340462.0,59706171.0,1180.0
4090,2008-05-03,17.71,17.71,17.19,17.45,0.13,0.75,1785758.0,31224058.5,628.0
4090,2008-04-30,16.93,17.97,16.93,17.32,0.26,1.52,4012997.0,70307000.0,1261.0
4090,2008-04-29,17.32,17.97,16.67,17.06,-0.39,-2.23,4630484.0,80731163.0,1353.0
4090,2008-04-28,17.19,17.45,17.06,17.45,0.13,0.75,541688.0,9346731.25,389.0
4090,2008-04-27,17.58,17.84,17.19,17.32,-0.39,-2.2,1498123.0,26274158.5,560.0
4090,2008-04-26,17.19,17.84,16.93,17.71,0.52,3.03,2249431.0,39282019.0,836.0
4090,2008-04-23,17.45,17.45,16.93,17.19,-0.39,-2.22,2445800.0,41755720.25,1158.0
4090,2008-04-22,16.8,17.58,16.54,17.58,0.91,5.46,4481624.0,76666714.0,1613.0
4090,2008-04-21,15.24,16.67,15.24,16.67,1.43,9.38,6319685.0,102017581.75,2137.0
4090,2008-04-20,14.85,15.24,14.85,15.24,0.26,1.74,1695108.0,25577572.5,730.0
4090,2008-04-19,14.98,15.11,14.72,14.98,0.0,0.0,1707813.0,25505657.0,730.0
4090,2008-04-16,15.5,15.5,14.98,14.98,-0.39,-2.54,1960478.0,29781274.75,830.0
4090,2008-04-15,15.5,15.63,15.37,15.37,-0.26,-1.66,573825.0,8877661.75,422.0
4090,2008-04-14,15.63,15.76,15.37,15.63,0.0,0.0,968319.0,15131915.0,494.0
4090,2008-04-13,15.37,15.76,15.24,15.63,0.39,2.56,1549464.0,24104658.75,824.0
4090,2008-04-12,15.11,15.37,15.11,15.24,0.0,0.0,930059.0,14192012.75,471.0
4090,2008-04-09,15.24,15.24,14.98,15.24,-0.26,-1.68,996319.0,15079271.25,461.0
4090,2008-04-08,15.63,15.63,15.37,15.5,0.0,0.0,770338.0,11934623.25,428.0
4090,2008-04-07,14.98,15.5,14.98,15.5,0.39,2.58,1786481.0,27377534.25,518.0
4090,2008-04-06,14.85,15.24,14.72,15.11,0.26,1.75,2148408.0,32247924.25,716.0
4090,2008-04-05,14.85,14.98,14.59,14.85,0.13,0.88,1655378.0,24503192.75,568.0
4090,2008-04-02,14.33,14.72,14.2,14.72,0.52,3.66,2368310.0,34388141.5,755.0
4090,2008-04-01,14.2,14.33,13.93,14.2,-0.13,-0.91,1485150.0,21010684.5,608.0
4090,2008-03-31,14.2,14.33,14.06,14.33,0.13,0.92,1149673.0,16384078.25,584.0
4090,2008-03-30,14.59,14.72,13.54,14.2,-0.52,-3.53,4365696.0,61546527.5,1508.0
4090,2008-03-29,15.63,15.63,14.72,14.72,-1.3,-8.11,3541899.0,53294022.0,969.0
4090,2008-03-26,15.5,16.02,15.24,16.02,0.52,3.35,1345086.0,20927628.25,464.0
4090,2008-03-25,15.37,15.5,15.37,15.5,0.13,0.85,479998.0,7423682.75,298.0
4090,2008-03-24,15.37,15.37,15.11,15.37,0.0,0.0,443841.0,6779715.75,230.0
4090,2008-03-23,15.5,15.5,15.24,15.37,-0.13,-0.84,450911.0,6916377.25,295.0
4090,2008-03-22,15.63,15.76,15.37,15.5,-0.26,-1.65,666273.0,10354661.25,416.0
4090,2008-03-19,15.76,15.89,15.63,15.76,0.13,0.83,1059350.0,16726987.5,427.0
4090,2008-03-18,15.76,15.76,15.5,15.63,-0.13,-0.82,1190964.0,18654159.25,470.0
4090,2008-03-17,15.89,16.02,15.63,15.76,-0.26,-1.62,1059394.0,16718740.25,341.0
4090,2008-03-16,16.02,16.02,15.89,16.02,0.0,0.0,533736.0,8499864.0,267.0
4090,2008-03-15,16.15,16.28,15.89,16.02,-0.26,-1.6,708927.0,11403000.5,332.0
4090,2008-03-12,16.15,16.41,16.15,16.28,0.26,1.62,1778394.0,28934339.0,551.0
4090,2008-03-11,15.89,16.15,15.76,16.02,0.13,0.82,1000729.0,15945290.0,425.0
4090,2008-03-10,16.28,16.41,15.63,15.89,-0.26,-1.61,1600331.0,25496936.0,618.0
4090,2008-03-09,16.41,16.54,16.15,16.15,-0.26,-1.58,969440.0,15853687.75,355.0
4090,2008-03-08,16.15,16.54,16.02,16.41,0.26,1.61,1895205.0,30911901.5,626.0
4090,2008-03-05,16.28,16.41,16.15,16.15,-0.13,-0.8,1679803.0,27300986.25,575.0
4090,2008-03-04,16.15,16.41,16.15,16.28,0.13,0.8,1029346.0,16797221.0,438.0
4090,2008-03-03,16.15,16.28,15.89,16.15,-0.26,-1.58,1477174.0,23788692.75,596.0
4090,2008-03-02,16.67,16.8,16.28,16.41,-0.26,-1.56,2012056.0,33291992.0,833.0
4090,2008-03-01,16.8,16.93,16.54,16.67,-0.26,-1.54,1379894.0,23104290.75,569.0
4090,2008-02-27,16.8,17.06,16.54,16.93,0.0,0.0,2216257.0,37188993.25,704.0
4090,2008-02-26,17.06,17.45,16.67,16.93,-0.26,-1.51,6404464.0,108676709.0,1470.0
4090,2008-02-25,16.41,17.19,16.28,17.19,0.91,5.59,5629949.0,93561145.5,1315.0
4090,2008-02-24,16.28,16.54,16.15,16.28,-0.13,-0.79,2628652.0,43032110.75,751.0
4090,2008-02-23,16.02,16.54,16.02,16.41,0.39,2.43,5303027.0,86287670.75,1361.0
4090,2008-02-20,16.54,16.54,15.76,16.02,-0.39,-2.38,4385253.0,70612159.5,1464.0
4090,2008-02-19,16.28,16.54,16.15,16.41,0.13,0.8,1700956.0,27924703.75,561.0
4090,2008-02-18,16.28,16.54,16.02,16.28,0.26,1.62,3560391.0,58034728.5,1007.0
4090,2008-02-17,16.15,16.28,15.89,16.02,-0.13,-0.8,1029505.0,16569569.5,575.0
4090,2008-02-16,15.89,16.15,15.76,16.15,0.26,1.64,910386.0,14570303.5,565.0
4090,2008-02-13,16.02,16.15,15.76,15.89,-0.13,-0.81,1590645.0,25259520.25,703.0
4090,2008-02-12,15.89,16.15,15.76,16.02,0.13,0.82,1144870.0,18276859.5,592.0
4090,2008-02-11,15.76,16.02,15.63,15.89,0.13,0.82,672163.0,10602786.5,480.0
4090,2008-02-10,15.5,16.02,15.5,15.76,0.26,1.68,1250196.0,19771828.75,671.0
4090,2008-02-09,16.15,16.15,15.37,15.5,-0.65,-4.02,937191.0,14762093.0,620.0
4090,2008-02-06,16.28,16.28,16.02,16.15,-0.39,-2.36,2166476.0,35005722.5,934.0
4090,2008-02-05,15.76,16.67,15.76,16.54,0.65,4.09,3836872.0,62046402.75,1556.0
4090,2008-02-04,15.63,15.89,15.5,15.89,0.26,1.66,1905727.0,30072028.0,608.0
4090,2008-02-03,15.63,15.76,15.5,15.63,-0.13,-0.82,1076052.0,16847063.25,563.0
4090,2008-02-02,16.15,16.15,15.76,15.76,-0.26,-1.62,1515109.0,24296481.5,705.0
4090,2008-01-30,15.76,16.41,15.63,16.02,0.26,1.65,3951093.0,63418526.25,1233.0
4090,2008-01-29,15.37,15.89,15.11,15.76,0.52,3.41,2268784.0,35034450.25,964.0
4090,2008-01-28,15.89,15.89,15.11,15.24,-0.65,-4.09,2353624.0,36334409.0,1161.0
4090,2008-01-27,15.5,16.02,15.37,15.89,0.26,1.66,2892062.0,45723898.0,1044.0
4090,2008-01-26,15.37,15.76,14.98,15.63,0.65,4.34,3323233.0,50838986.0,1278.0
4090,2008-01-23,15.89,16.41,14.59,14.98,-0.26,-1.71,9092187.0,145569768.5,2329.0
4090,2008-01-22,16.54,16.54,15.24,15.24,-1.69,-9.98,3253366.0,51001325.0,1288.0
4090,2008-01-21,17.45,17.84,16.02,16.93,-0.78,-4.4,8347813.0,139908002.5,2447.0
4090,2008-01-20,18.75,18.88,17.45,17.71,-1.56,-8.1,14705429.0,265267044.25,3422.0
4090,2008-01-19,18.49,19.27,18.36,19.27,0.78,4.22,10684354.0,201032352.25,2739.0
4090,2008-01-16,18.36,18.49,18.1,18.49,0.0,0.0,6987876.0,128170799.5,1816.0
4090,2008-01-15,18.88,19.01,18.36,18.49,-0.39,-2.07,6366598.0,119441052.75,1721.0
4090,2008-01-14,18.88,19.27,18.75,18.88,0.0,0.0,3745552.0,70926258.25,1576.0
4090,2008-01-13,19.01,19.14,18.62,18.88,-0.13,-0.68,4288657.0,81082357.5,1475.0
4090,2008-01-12,18.36,19.14,18.23,19.01,0.91,5.03,5487226.0,102934523.25,1501.0
4090,2008-01-09,17.84,18.36,17.71,18.1,-0.26,-1.42,2814566.0,50710003.25,1078.0
4090,2008-01-08,18.23,18.49,18.1,18.36,0.13,0.71,5520043.0,101297167.5,1159.0
4090,2008-01-07,18.23,18.49,18.23,18.23,-0.13,-0.71,2059856.0,37738719.25,939.0
4090,2008-01-06,18.75,18.88,18.1,18.36,-0.26,-1.4,8784968.0,161992778.25,1768.0
4090,2008-01-05,18.1,18.75,17.84,18.62,0.65,3.62,4279294.0,78784347.25,985.0
4090,2008-01-02,17.97,18.1,17.32,17.97,-0.13,-0.72,1667075.0,29596768.25,925.0
4090,2008-01-01,18.62,18.62,18.1,18.1,-0.52,-2.79,2316862.0,42680168.75,852.0
4090,2007-12-31,18.62,18.75,18.36,18.62,-0.13,-0.69,3256046.0,60376622.75,851.0
4090,2007-12-30,18.75,19.01,18.49,18.75,-0.13,-0.69,3448513.0,64489216.5,1006.0
4090,2007-12-29,19.27,19.27,18.36,18.88,-0.39,-2.02,3873593.0,72711437.25,1383.0
4090,2007-12-26,19.66,19.93,19.14,19.27,-0.26,-1.33,4293007.0,83797065.5,1450.0
4090,2007-12-25,19.01,19.66,18.88,19.53,0.39,2.04,4574172.0,88106427.0,1582.0
4090,2007-12-24,18.88,20.32,18.62,19.14,0.26,1.38,14747837.0,286997173.25,3387.0
4090,2007-12-17,18.23,18.88,17.97,18.88,0.78,4.31,10227768.0,188931317.75,2569.0
4090,2007-12-16,18.1,18.36,17.84,18.1,-0.13,-0.71,5109950.0,92641683.5,1689.0
4090,2007-12-15,18.23,18.62,18.1,18.23,0.13,0.72,11782291.0,216441318.25,2689.0
4090,2007-12-12,17.58,18.49,17.45,18.1,0.39,2.2,11425020.0,205224712.0,2924.0
4090,2007-12-11,17.58,17.84,17.32,17.71,0.0,0.0,5437483.0,95668983.75,1800.0
4090,2007-12-10,17.32,18.1,17.19,17.71,0.39,2.25,7162508.0,126715524.75,2028.0
4090,2007-12-09,17.32,17.45,17.06,17.32,0.13,0.76,5828562.0,100549705.75,1655.0
4090,2007-12-08,17.45,17.71,17.19,17.19,-0.13,-0.75,6945607.0,121608714.25,2157.0
4090,2007-12-05,17.19,17.45,17.06,17.32,0.13,0.76,6650946.0,115041333.75,1515.0
4090,2007-12-04,17.19,17.32,17.06,17.19,0.0,0.0,4648300.0,79828254.25,1377.0
4090,2007-12-03,16.93,17.45,16.8,17.19,0.26,1.54,6878750.0,117826481.25,1815.0
4090,2007-12-02,16.67,16.93,16.67,16.93,0.13,0.77,4722085.0,79279828.25,1154.0
4090,2007-12-01,16.8,17.06,16.54,16.8,0.13,0.78,4987808.0,83792803.5,1132.0
4090,2007-11-28,16.67,17.06,16.54,16.67,0.0,0.0,6997764.0,118054771.5,1567.0
4090,2007-11-27,17.06,17.45,16.54,16.67,-0.52,-3.03,12373831.0,212331531.5,2883.0
4090,2007-11-26,17.19,17.58,17.06,17.19,0.13,0.76,14812428.0,256071275.5,3423.0
4090,2007-11-25,16.8,17.32,16.54,17.06,0.39,2.34,11127738.0,189408560.75,3019.0
4090,2007-11-24,16.28,16.8,16.15,16.67,0.78,4.91,13883682.0,228645027.5,3758.0
4090,2007-11-21,16.02,16.15,15.76,15.89,-0.13,-0.81,3884578.0,61981189.5,1446.0
4090,2007-11-20,15.89,16.15,15.76,16.02,0.0,0.0,6062963.0,96618188.0,2085.0
4090,2007-11-19,15.76,16.02,15.76,16.02,0.26,1.65,3413416.0,54171797.5,1431.0
4090,2007-11-18,15.5,16.15,15.5,15.76,0.26,1.68,10835431.0,171565467.5,3372.0
4090,2007-11-17,15.5,15.63,15.37,15.5,0.0,0.0,4332203.0,67077107.25,1550.0
4090,2007-11-14,15.5,15.63,15.37,15.5,-0.13,-0.83,2660883.0,41247694.75,1127.0
4090,2007-11-13,15.63,15.76,15.5,15.63,0.0,0.0,4183968.0,65146154.0,1132.0
4090,2007-11-12,15.63,15.76,15.5,15.63,0.0,0.0,4688088.0,73279696.25,1284.0
4090,2007-11-11,15.76,15.76,15.5,15.63,-0.13,-0.82,2300501.0,35970976.25,1100.0
4090,2007-11-10,15.89,15.89,15.63,15.76,-0.13,-0.82,2129347.0,33567142.25,1020.0
4090,2007-11-07,15.63,15.89,15.63,15.89,0.13,0.82,5868321.0,92530875.25,1385.0
4090,2007-11-06,15.63,15.76,15.5,15.76,0.13,0.83,3032039.0,47556605.25,975.0
4090,2007-11-05,15.63,15.76,15.5,15.63,-0.13,-0.82,1373424.0,21458935.75,702.0
4090,2007-11-04,15.89,15.89,15.63,15.76,-0.13,-0.82,2749590.0,43232062.75,1179.0
4090,2007-11-03,15.76,16.15,15.76,15.89,0.0,0.0,4214513.0,67085941.25,1656.0
4090,2007-10-31,15.63,15.89,15.5,15.89,0.26,1.66,3787401.0,59570005.5,1715.0
4090,2007-10-30,15.89,15.89,15.24,15.63,-0.26,-1.64,4546634.0,70825370.5,1983.0
4090,2007-10-29,16.28,16.67,15.76,15.89,-0.13,-0.81,19250285.0,312590400.0,5878.0
4090,2007-10-28,15.76,16.02,15.63,16.02,0.26,1.65,7026183.0,111550305.0,1908.0
4090,2007-10-27,15.63,15.76,15.5,15.76,0.13,0.83,6189300.0,96868869.5,1719.0
4090,2007-10-24,15.24,15.63,15.24,15.63,0.26,1.69,3609498.0,55742498.75,1043.0
4090,2007-10-23,15.37,15.89,15.24,15.37,0.0,0.0,6371975.0,99279991.5,1717.0
4090,2007-10-22,15.11,15.5,14.98,15.37,0.13,0.85,2636778.0,40433651.25,912.0
4090,2007-10-21,15.5,15.63,15.11,15.24,-0.39,-2.5,4759796.0,72885017.25,1256.0
4090,2007-10-20,15.37,15.89,15.24,15.63,0.26,1.69,5341265.0,83399077.0,1689.0
4090,2007-10-10,14.72,15.37,14.72,15.37,0.65,4.42,1370410.0,20579221.5,812.0
4090,2007-10-09,14.46,14.85,14.33,14.72,0.13,0.89,1915857.0,28036741.75,765.0
4090,2007-10-08,14.46,14.59,14.33,14.59,0.13,0.9,1031119.0,14906019.0,549.0
4090,2007-10-07,14.33,14.59,14.33,14.46,0.13,0.91,1036343.0,14906348.75,557.0
4090,2007-10-06,14.46,14.46,14.2,14.33,-0.13,-0.9,792061.0,11364412.75,541.0
4090,2007-10-03,14.72,14.85,14.2,14.46,-0.26,-1.77,1130244.0,16365392.0,655.0
4090,2007-10-02,14.98,14.98,14.72,14.72,-0.26,-1.74,822830.0,12186302.5,497.0
4090,2007-10-01,14.98,15.11,14.85,14.98,-0.26,-1.71,1513586.0,22715461.5,712.0
4090,2007-09-30,14.72,15.37,14.72,15.24,0.52,3.53,2083659.0,31239358.0,832.0
4090,2007-09-29,15.37,15.37,14.33,14.72,-0.65,-4.23,2704572.0,40238378.0,1357.0
4090,2007-09-26,15.89,15.89,15.37,15.37,-0.52,-3.27,3076995.0,48074062.5,1560.0
4090,2007-09-25,16.67,16.8,15.63,15.89,-0.78,-4.68,8946640.0,144342870.5,2939.0
4090,2007-09-24,16.28,17.19,15.89,16.67,0.39,2.4,9985014.0,166013511.75,2953.0
4090,2007-09-22,15.76,16.54,15.63,16.28,0.52,3.3,5200936.0,83890943.75,1745.0
4090,2007-09-19,15.76,15.89,15.5,15.76,0.13,0.83,1984159.0,31075382.25,738.0
4090,2007-09-18,14.98,15.76,14.98,15.63,0.65,4.34,4697521.0,72587498.25,1445.0
4090,2007-09-17,14.98,15.24,14.85,14.98,-0.13,-0.86,1343967.0,20236796.5,461.0
4090,2007-09-16,15.11,15.11,14.85,15.11,0.0,0.0,618782.0,9263316.0,326.0
4090,2007-09-15,15.11,15.24,15.11,15.11,0.0,0.0,561485.0,8497165.5,365.0
4090,2007-09-12,15.24,15.37,14.85,15.11,-0.13,-0.85,2251270.0,33780502.25,942.0
4090,2007-09-11,15.37,15.5,15.24,15.24,-0.13,-0.85,1700036.0,26189110.75,720.0
4090,2007-09-10,15.24,15.5,15.24,15.37,0.0,0.0,1298958.0,20009708.0,696.0
4090,2007-09-09,15.37,15.37,15.11,15.37,0.0,0.0,1152751.0,17621541.25,680.0
4090,2007-09-08,15.37,15.63,15.24,15.37,0.0,0.0,2046789.0,31647006.0,1040.0
4090,2007-09-05,15.5,15.89,15.11,15.37,-0.13,-0.84,4323326.0,66786475.0,1240.0
4090,2007-09-04,15.37,16.15,15.24,15.5,0.0,0.0,4268139.0,66882465.5,1657.0
4090,2007-09-03,15.24,15.63,15.11,15.5,0.13,0.85,3183372.0,48966681.75,1099.0
4090,2007-09-02,15.24,15.63,14.85,15.37,0.0,0.0,3115496.0,47471624.25,1501.0
4090,2007-09-01,15.63,16.02,15.37,15.37,-0.26,-1.66,4477462.0,70135362.5,1536.0
4090,2007-08-29,16.02,16.02,15.37,15.63,-0.39,-2.43,4203753.0,65937829.0,1829.0
4090,2007-08-28,15.89,16.28,15.76,16.02,0.26,1.65,5038786.0,80703390.75,1894.0
4090,2007-08-27,15.76,16.02,15.63,15.76,0.0,0.0,4948161.0,78475039.25,1929.0
4090,2007-08-26,15.5,15.89,15.37,15.76,0.26,1.68,3405441.0,53372846.5,1591.0
4090,2007-08-25,15.5,15.63,15.24,15.5,0.0,0.0,1864288.0,28733316.5,1100.0
4090,2007-08-22,15.37,15.63,14.98,15.5,0.0,0.0,2038183.0,31267925.75,1024.0
4090,2007-08-21,15.76,15.76,15.37,15.5,-0.26,-1.65,3595546.0,55864102.75,1908.0
4090,2007-08-20,15.5,16.28,15.5,15.76,0.65,4.3,17821766.0,283232811.0,6779.0
4090,2007-08-19,14.85,15.37,14.85,15.11,0.26,1.75,3696339.0,55847274.25,1535.0
4090,2007-08-18,14.98,14.98,14.59,14.85,-0.13,-0.87,2006777.0,29713043.25,1003.0
4090,2007-08-15,14.98,15.11,14.85,14.98,0.0,0.0,1443804.0,21606362.75,587.0
4090,2007-08-14,15.11,15.24,14.98,14.98,0.0,0.0,3551269.0,53574003.5,1361.0
4090,2007-08-13,14.85,15.11,14.72,14.98,0.13,0.88,2903155.0,43352318.25,1182.0
4090,2007-08-12,15.11,15.11,14.85,14.85,-0.13,-0.87,1821506.0,27189085.0,877.0
4090,2007-08-11,15.11,15.11,14.85,14.98,-0.13,-0.86,2445677.0,36583959.75,1102.0
4090,2007-08-08,14.85,15.11,14.72,15.11,0.26,1.75,1714808.0,25578350.5,881.0
4090,2007-08-07,15.11,15.11,14.72,14.85,-0.26,-1.72,2006092.0,29829585.25,1120.0
4090,2007-08-06,15.11,15.5,14.85,15.11,0.0,0.0,8072979.0,122142443.75,2786.0
4090,2007-08-05,14.59,15.11,14.59,15.11,0.52,3.56,6308025.0,93953194.75,1555.0
4090,2007-08-04,14.46,14.72,14.46,14.59,0.0,0.0,948195.0,13815128.75,617.0
4090,2007-08-01,14.46,14.59,14.33,14.59,0.13,0.9,1908312.0,27650359.25,821.0
4090,2007-07-31,14.59,14.72,14.33,14.46,-0.26,-1.77,2037601.0,29524844.5,796.0
4090,2007-07-30,14.72,14.72,14.46,14.72,0.0,0.0,2425643.0,35358708.0,878.0
4090,2007-07-29,14.46,14.85,14.46,14.72,0.13,0.89,2093048.0,30719596.75,825.0
4090,2007-07-28,14.72,14.85,14.46,14.59,-0.26,-1.75,3032178.0,44388593.0,1434.0
4090,2007-07-25,14.72,15.11,14.72,14.85,0.13,0.88,4654034.0,69246647.75,1442.0
4090,2007-07-24,14.33,14.72,14.33,14.72,0.39,2.72,4368301.0,63760323.25,1297.0
4090,2007-07-23,13.93,14.46,13.8,14.33,0.4,2.87,3248563.0,46096801.5,1170.0
4090,2007-07-22,14.46,14.46,13.93,13.93,-0.66,-4.52,4243423.0,60120927.75,1806.0
4090,2007-07-21,14.46,15.24,14.46,14.59,0.39,2.75,9383626.0,140013653.0,3180.0
4090,2007-07-18,14.33,14.46,13.67,14.2,0.0,0.0,6715281.0,94435737.5,2363.0
4090,2007-07-17,14.72,14.72,14.2,14.2,-0.52,-3.53,4869212.0,70326259.0,1861.0
4090,2007-07-16,14.98,15.24,14.59,14.72,-0.13,-0.88,10354321.0,154366022.5,3022.0
4090,2007-07-15,14.59,15.5,14.46,14.85,0.39,2.7,24635687.0,369673080.5,5829.0
4090,2007-07-14,14.46,14.72,14.33,14.46,0.0,0.0,10340430.0,150505025.75,2766.0
4090,2007-07-11,14.06,14.59,13.93,14.46,0.66,4.78,13618355.0,192361363.75,3257.0
4090,2007-07-10,13.28,13.93,13.28,13.8,0.52,3.92,4759241.0,65125402.25,1546.0
4090,2007-07-09,13.54,13.8,13.15,13.28,-0.26,-1.92,6162987.0,83678715.25,1581.0
4090,2007-07-08,13.02,13.8,12.89,13.54,0.39,2.97,6837551.0,91438550.25,2112.0
4090,2007-07-07,12.89,13.28,12.89,13.15,0.26,2.02,3586633.0,47218767.25,1368.0
4090,2007-07-04,12.89,13.02,12.76,12.89,0.13,1.02,1120462.0,14447986.25,629.0
4090,2007-07-03,12.63,12.76,12.5,12.76,0.13,1.03,1625571.0,20602739.0,619.0
4090,2007-07-02,12.63,12.89,12.63,12.63,0.13,1.04,1127733.0,14325387.75,617.0
4090,2007-07-01,12.37,12.63,12.37,12.5,0.0,0.0,1043311.0,13081264.75,613.0
4090,2007-06-30,12.89,13.02,12.5,12.5,-0.52,-3.99,3304961.0,41765194.5,1327.0
4090,2007-06-27,12.89,13.28,12.76,13.02,0.26,2.04,6230704.0,81304438.0,1938.0
4090,2007-06-26,12.89,13.02,12.76,12.76,-0.13,-1.01,1712583.0,22035516.25,743.0
4090,2007-06-25,12.76,13.02,12.63,12.89,0.13,1.02,1185213.0,15177016.0,588.0
4090,2007-06-24,12.63,13.02,12.5,12.76,0.0,0.0,2869787.0,36610385.5,935.0
4090,2007-06-23,12.24,12.89,12.11,12.76,0.52,4.25,1881153.0,23495744.0,898.0
4090,2007-06-20,12.37,12.5,12.11,12.24,-0.26,-2.08,1294233.0,15911003.25,614.0
4090,2007-06-19,11.85,12.5,11.85,12.5,0.52,4.34,2352503.0,28769906.25,1036.0
4090,2007-06-18,12.11,12.11,11.72,11.98,-0.26,-2.12,650142.0,7779711.0,553.0
4090,2007-06-17,11.72,12.24,11.72,12.24,0.39,3.29,1591572.0,19215272.75,861.0
4090,2007-06-16,12.37,12.37,11.59,11.85,-0.65,-5.2,1529336.0,18225315.0,801.0
4090,2007-06-13,12.37,12.5,12.24,12.5,0.26,2.12,901976.0,11224289.5,676.0
4090,2007-06-12,12.5,12.5,12.11,12.24,-0.26,-2.08,1288140.0,15969481.25,712.0
4090,2007-06-11,13.41,13.41,12.37,12.5,-0.91,-6.79,2502308.0,31804625.25,1237.0
4090,2007-06-10,13.67,13.8,13.41,13.41,-0.39,-2.83,1576251.0,21340908.75,755.0
4090,2007-06-09,13.28,13.8,13.28,13.8,0.39,2.91,2689078.0,36628674.0,1255.0
4090,2007-06-06,13.41,13.54,13.41,13.41,-0.13,-0.96,393885.0,5301628.75,450.0
4090,2007-06-05,13.67,13.67,13.15,13.54,-0.13,-0.95,884521.0,11843601.25,724.0
4090,2007-06-04,13.67,13.8,13.54,13.67,0.13,0.96,1051284.0,14318776.5,849.0
4090,2007-06-03,13.15,13.67,13.15,13.54,0.52,3.99,2733931.0,36965732.0,1256.0
4090,2007-06-02,13.67,13.67,13.02,13.02,-0.65,-4.75,2138122.0,28430339.0,1242.0
4090,2007-05-30,14.2,14.59,13.54,13.67,0.13,0.96,10387272.0,145452206.75,3574.0
4090,2007-05-29,13.67,14.06,13.28,13.54,-0.26,-1.88,2859840.0,39193159.5,1219.0
4090,2007-05-28,14.2,14.33,13.67,13.8,-0.53,-3.7,2876330.0,40095857.75,1195.0
4090,2007-05-27,14.72,14.72,14.33,14.33,-0.52,-3.5,2624356.0,38108516.5,1203.0
4090,2007-05-26,13.93,15.11,13.93,14.85,1.05,7.61,11004073.0,162439228.0,3574.0
4090,2007-05-23,13.67,13.8,13.41,13.8,0.0,0.0,2664082.0,36214779.5,1474.0
4090,2007-05-22,14.06,14.46,13.8,13.8,-0.13,-0.93,9192978.0,129585382.25,3619.0
4090,2007-05-21,12.89,13.93,12.89,13.93,1.17,9.17,13830833.0,187898248.25,4514.0
4090,2007-05-20,12.5,13.02,12.37,12.76,0.26,2.08,6969311.0,88443613.25,2528.0
4090,2007-05-19,12.11,12.5,12.11,12.5,0.39,3.22,1787708.0,21984292.0,1244.0
4090,2007-05-16,12.11,12.11,11.98,12.11,0.0,0.0,1466856.0,17663794.5,1068.0
4090,2007-05-15,12.37,12.5,12.11,12.11,-0.13,-1.06,2923986.0,35965056.5,1257.0
4090,2007-05-14,12.11,12.5,12.11,12.24,0.0,0.0,4109030.0,50479934.25,1789.0
4090,2007-05-13,11.85,12.37,11.85,12.24,0.52,4.44,6491856.0,78623773.0,2949.0
4090,2007-05-12,11.59,11.72,11.46,11.72,0.13,1.12,2551265.0,29718544.0,1571.0
4090,2007-05-09,11.72,11.85,11.46,11.59,-0.13,-1.11,3440380.0,40151132.25,1587.0
4090,2007-05-08,11.59,11.85,11.46,11.72,0.13,1.12,6556937.0,75837922.25,2798.0
4090,2007-05-07,11.46,11.72,11.46,11.59,0.0,0.0,2226648.0,25745183.0,1703.0
4090,2007-05-06,11.72,11.72,11.2,11.59,-0.13,-1.11,2316459.0,26568482.75,1842.0
4090,2007-05-05,11.59,12.11,11.59,11.72,0.0,0.0,3403729.0,40415285.25,2804.0
4090,2007-05-02,11.98,12.11,11.59,11.72,-0.26,-2.17,5339631.0,63540569.75,2526.0
4090,2007-05-01,11.98,12.24,11.59,11.98,0.0,0.0,14915423.0,178613868.5,4034.0
4090,2007-04-30,11.59,12.5,11.46,11.98,0.13,1.1,16103080.0,192702464.75,4221.0
4090,2007-04-29,10.94,12.11,10.94,11.85,0.91,8.32,16469665.0,192180383.75,4569.0
4090,2007-04-28,10.29,10.94,10.29,10.94,0.52,4.99,8065089.0,86684077.75,2216.0
4090,2007-04-25,10.29,10.42,10.16,10.42,0.13,1.26,2548324.0,26155104.75,1197.0
4090,2007-04-24,10.16,10.42,9.9,10.29,0.26,2.59,2992755.0,30567729.5,1440.0
4090,2007-04-23,10.42,10.42,9.9,10.03,-0.26,-2.53,2459076.0,25158871.25,816.0
4090,2007-04-22,10.16,10.42,9.9,10.29,0.0,0.0,1583928.0,16096335.0,725.0
4090,2007-04-21,10.42,10.55,10.16,10.29,-0.26,-2.46,1395088.0,14366579.75,804.0
4090,2007-04-18,10.42,10.68,10.42,10.55,0.26,2.53,2461821.0,25874829.25,1007.0
4090,2007-04-17,10.42,10.42,10.16,10.29,-0.13,-1.25,1299737.0,13362378.0,701.0
4090,2007-04-16,10.55,10.55,10.29,10.42,-0.13,-1.23,1246326.0,13045406.75,704.0
4090,2007-04-15,10.42,10.68,10.29,10.55,0.13,1.25,2220966.0,23203603.0,1196.0
4090,2007-04-14,10.68,11.33,10.42,10.42,-1.04,-9.08,4588850.0,49812754.0,1951.0
4090,2007-04-11,11.33,11.59,11.07,11.46,0.0,0.0,1587802.0,18091194.5,805.0
4090,2007-04-10,11.46,11.59,11.33,11.46,0.13,1.15,1925234.0,22069492.25,1029.0
4090,2007-04-09,11.46,11.59,10.94,11.33,-0.26,-2.24,1811299.0,20349185.5,993.0
4090,2007-04-08,11.98,12.11,11.46,11.59,-0.26,-2.19,4417629.0,51806614.5,1984.0
4090,2007-04-07,10.94,11.85,10.94,11.85,1.04,9.62,4829400.0,55629003.5,1973.0
4090,2007-04-04,10.94,10.94,10.81,10.81,-0.13,-1.19,1438955.0,15656260.0,878.0
4090,2007-04-03,10.68,10.94,10.42,10.94,0.13,1.2,2523503.0,27283213.75,1192.0
4090,2007-04-02,10.94,11.33,10.68,10.81,-0.78,-6.73,4271028.0,46446736.25,1864.0
4090,2007-04-01,10.68,11.59,10.42,11.59,0.78,7.22,4607760.0,50408875.5,1818.0
4090,2007-03-31,11.46,11.59,10.55,10.81,-0.78,-6.73,2782236.0,30883551.0,1436.0
4090,2007-03-28,11.85,12.11,11.46,11.59,0.0,0.0,5337923.0,63034108.25,2268.0
4090,2007-03-27,11.98,12.24,11.46,11.59,-1.04,-8.23,10615078.0,124563658.75,3770.0
4090,2007-03-26,13.67,13.67,12.63,12.63,-1.3,-9.33,6139569.0,80118888.25,2815.0
4090,2007-03-25,13.54,14.06,13.41,13.93,0.52,3.88,10106537.0,139289267.75,3718.0
4090,2007-03-24,13.41,13.67,13.02,13.41,0.0,0.0,5579548.0,73996495.25,2664.0
4090,2007-03-21,14.2,14.46,13.41,13.41,-0.79,-5.56,8618961.0,120702289.0,4315.0
4090,2007-03-20,13.8,14.46,13.67,14.2,0.4,2.9,13502117.0,191399686.25,5479.0
4090,2007-03-19,13.41,13.93,13.41,13.8,0.39,2.91,11416150.0,155828223.0,4032.0
4090,2007-03-18,13.28,13.41,13.15,13.41,0.26,1.98,5655139.0,75193772.5,2548.0
4090,2007-03-17,13.02,13.28,12.76,13.15,0.13,1.0,2953119.0,38370007.25,1628.0
4090,2007-03-14,13.15,13.15,12.76,13.02,-0.13,-0.99,2439115.0,31714971.0,1507.0
4090,2007-03-13,12.89,13.15,12.5,13.15,0.26,2.02,4015923.0,51644027.25,1658.0
4090,2007-03-12,13.41,13.67,12.76,12.89,-0.52,-3.88,6305069.0,84244678.25,2437.0
4090,2007-03-11,13.15,13.54,13.02,13.41,0.26,1.98,5817547.0,77158318.75,2290.0
4090,2007-03-10,13.41,13.8,12.76,13.15,-0.26,-1.94,12895308.0,174054224.75,4463.0
4090,2007-03-07,13.41,13.54,12.89,13.41,-0.13,-0.96,13524801.0,180172689.0,3848.0
4090,2007-03-06,13.28,13.93,13.15,13.54,0.26,1.96,10165904.0,137436048.75,4011.0
4090,2007-03-05,12.76,13.28,12.76,13.28,0.52,4.08,6996591.0,90370473.25,3280.0
4090,2007-03-04,12.76,13.02,12.63,12.76,0.13,1.03,5288685.0,67719116.75,3187.0
4090,2007-03-03,12.11,12.76,11.98,12.63,0.78,6.58,4254909.0,53140662.0,2110.0
4090,2007-02-28,12.37,12.63,11.85,11.85,-0.78,-6.18,4078334.0,50180687.25,2229.0
4090,2007-02-27,12.24,13.15,12.24,12.63,0.39,3.19,10795018.0,138510095.0,4782.0
4090,2007-02-26,12.24,12.37,11.98,12.24,-0.13,-1.05,3529722.0,42734754.5,2113.0
4090,2007-02-25,12.24,12.63,12.11,12.37,0.13,1.06,4626015.0,56894090.25,2382.0
4090,2007-02-24,12.63,12.63,12.24,12.24,0.52,4.44,11372728.0,141376474.75,4789.0
4090,2007-02-21,11.72,11.72,11.59,11.72,1.04,9.74,9615900.0,112617557.5,3121.0
4090,2007-02-20,10.55,10.94,10.42,10.68,0.0,0.0,6087034.0,65066604.0,2181.0
4090,2007-02-19,10.81,11.2,10.68,10.68,-0.13,-1.2,10547593.0,115394790.25,3206.0
4090,2007-02-18,10.68,10.94,10.42,10.81,0.13,1.22,6014526.0,64453745.5,2007.0
4090,2007-02-17,10.55,10.81,10.42,10.68,0.26,2.5,4233174.0,44847441.25,1513.0
4090,2007-02-14,10.42,10.55,10.29,10.42,0.0,0.0,3903690.0,40784662.75,1341.0
4090,2007-02-13,10.42,10.42,10.29,10.42,0.13,1.26,1544726.0,16027700.0,761.0
4090,2007-02-12,10.42,10.55,10.29,10.29,-0.26,-2.46,3111100.0,32311593.0,1213.0
4090,2007-02-11,10.42,10.68,10.29,10.55,-0.13,-1.22,4075869.0,42601869.25,1569.0
4090,2007-02-10,10.68,10.81,10.42,10.68,-0.13,-1.2,3873167.0,41335378.25,1918.0
4090,2007-02-07,11.2,11.2,10.68,10.81,-0.39,-3.48,10640608.0,116099237.75,3484.0
4090,2007-02-06,10.68,11.2,10.55,11.2,0.91,8.84,24160406.0,264974261.5,7462.0
4090,2007-02-05,9.9,10.55,9.9,10.29,0.26,2.59,8981929.0,92339002.75,3019.0
4090,2007-02-04,10.29,10.42,9.9,10.03,-0.39,-3.74,5581287.0,56746559.5,1947.0
4090,2007-02-03,9.9,10.42,9.9,10.42,0.65,6.65,9798816.0,100463494.75,3567.0
4090,2007-01-31,9.51,9.77,9.51,9.77,0.13,1.35,2514876.0,24315126.25,1086.0
4090,2007-01-30,9.51,9.64,9.38,9.64,0.0,0.0,1704471.0,16239760.0,783.0
4090,2007-01-29,9.9,9.9,9.51,9.64,-0.13,-1.33,2352192.0,22766207.5,1152.0
4090,2007-01-28,9.64,9.77,9.64,9.77,0.26,2.73,2903178.0,28230005.5,1155.0
4090,2007-01-27,9.25,9.77,9.25,9.51,0.13,1.39,3525215.0,33343489.5,1494.0
4090,2007-01-24,9.77,9.77,9.25,9.38,-0.39,-3.99,2878255.0,26919930.25,1537.0
4090,2007-01-23,9.77,9.9,9.77,9.77,0.0,0.0,1519355.0,14884542.5,936.0
4090,2007-01-22,10.16,10.29,9.77,9.77,-0.39,-3.84,3272904.0,32839955.5,1821.0
4090,2007-01-21,9.77,10.42,9.77,10.16,0.39,3.99,7655059.0,77376918.5,2474.0
4090,2007-01-20,9.77,10.03,9.64,9.77,-0.13,-1.31,3088709.0,30284703.75,1259.0
4090,2007-01-17,9.64,10.03,9.64,9.9,0.26,2.7,3742799.0,36826568.75,1519.0
4090,2007-01-16,9.77,9.77,9.51,9.64,-0.13,-1.33,1470384.0,14144131.0,921.0
4090,2007-01-15,9.77,10.03,9.77,9.77,0.13,1.35,3481480.0,34242215.0,1534.0
4090,2007-01-14,9.25,9.77,9.25,9.64,0.39,4.22,2853983.0,27165906.75,1322.0
4090,2007-01-13,9.77,9.77,9.25,9.25,-0.65,-6.57,2468558.0,23332885.0,1635.0
4090,2007-01-10,10.42,10.42,9.77,9.9,-0.52,-4.99,2805420.0,28366534.5,1476.0
4090,2007-01-09,10.29,10.42,10.16,10.42,0.13,1.26,3861570.0,39900504.25,1789.0
4090,2007-01-08,10.16,10.42,10.03,10.29,0.13,1.28,2503373.0,25483183.0,1048.0
4090,2007-01-07,10.68,10.68,10.16,10.16,-0.52,-4.87,3731051.0,38706231.75,1700.0
4090,2007-01-06,10.29,10.81,10.16,10.68,0.39,3.79,5637764.0,59247740.0,2113.0
4090,2006-12-27,10.03,10.42,9.9,10.29,0.26,2.59,3908380.0,39783306.5,1863.0
4090,2006-12-26,10.68,10.68,9.77,10.03,-0.65,-6.09,5107111.0,53528865.25,2548.0
4090,2006-12-25,10.68,10.81,10.42,10.68,0.13,1.23,7309059.0,78124689.25,2564.0
4090,2006-12-24,10.03,10.94,10.03,10.55,0.39,3.84,13245277.0,139317029.25,4356.0
4090,2006-12-23,10.16,10.42,10.03,10.16,-0.13,-1.26,7467688.0,76189322.25,2701.0
4090,2006-12-20,9.9,10.29,9.77,10.29,-0.13,-1.25,3889500.0,38923873.75,2038.0
4090,2006-12-19,11.33,11.59,10.42,10.42,-1.04,-9.08,5860385.0,64255174.5,2846.0
4090,2006-12-18,11.07,11.59,10.94,11.46,0.39,3.52,13938934.0,158432465.0,4983.0
4090,2006-12-17,10.81,11.33,10.55,11.07,0.26,2.41,14904821.0,163852849.75,4941.0
4090,2006-12-16,10.29,10.94,10.29,10.81,0.39,3.74,8496364.0,90234567.5,3340.0
4090,2006-12-13,10.03,10.55,9.9,10.42,0.52,5.25,8515054.0,87953638.0,3116.0
4090,2006-12-12,9.77,10.03,9.77,9.9,0.13,1.33,3051242.0,30049721.25,1351.0
4090,2006-12-11,9.9,10.29,9.77,9.77,0.0,0.0,5666500.0,56769751.5,2116.0
4090,2006-12-10,10.42,10.42,9.77,9.77,-0.65,-6.24,6838463.0,68567314.0,2391.0
4090,2006-12-09,10.42,10.94,10.29,10.42,-0.13,-1.23,7201126.0,76662252.75,2175.0
4090,2006-12-06,10.42,10.81,10.03,10.55,-0.13,-1.22,11281290.0,118402155.75,3697.0
4090,2006-12-05,10.03,10.68,9.77,10.68,0.91,9.31,8342950.0,85150889.75,3096.0
4090,2006-12-04,9.51,10.16,9.38,9.77,0.0,0.0,6398630.0,62465496.25,2673.0
4090,2006-12-03,10.55,10.94,9.77,9.77,-1.04,-9.62,5097532.0,50874352.5,2864.0
4090,2006-12-02,10.81,11.46,10.42,10.81,0.26,2.46,5639006.0,62506163.0,2955.0
4090,2006-11-29,10.81,10.94,10.55,10.55,-0.52,-4.7,2622611.0,28186490.0,1766.0
4090,2006-11-28,11.33,11.46,10.94,11.07,-0.13,-1.16,4335785.0,48768370.5,2389.0
4090,2006-11-27,11.07,11.46,10.42,11.2,0.0,0.0,3806963.0,41443047.25,2243.0
4090,2006-11-26,12.24,12.5,11.2,11.2,-1.17,-9.46,5532679.0,64908065.5,3561.0
4090,2006-11-25,12.24,12.76,11.98,12.37,0.52,4.39,13609434.0,168769834.75,5154.0
4090,2006-11-22,11.72,11.98,11.59,11.85,0.26,2.24,6940193.0,82060052.75,3236.0
4090,2006-11-21,11.59,11.85,11.33,11.59,0.0,0.0,5354804.0,62507302.75,2513.0
4090,2006-11-20,11.2,11.85,11.07,11.59,0.26,2.29,4838831.0,56018955.25,2404.0
4090,2006-11-19,11.98,12.24,11.2,11.33,-0.91,-7.43,5228526.0,61115316.5,2924.0
4090,2006-11-18,11.98,13.02,11.85,12.24,0.0,0.0,8304699.0,103818483.25,4363.0
4090,2006-11-15,10.94,12.24,10.68,12.24,1.17,10.57,7915760.0,92393874.25,3610.0
4090,2006-11-14,11.98,12.11,11.07,11.07,-1.17,-9.56,3836931.0,43488232.75,2563.0
4090,2006-11-13,12.76,13.02,11.85,12.24,0.0,0.0,9237826.0,115742098.75,5063.0
4090,2006-11-12,10.29,12.24,10.29,12.24,1.17,10.57,5153704.0,61490653.0,3061.0
4090,2006-11-11,11.72,11.72,11.07,11.07,-1.17,-9.56,2907525.0,32674945.75,2016.0
4090,2006-11-08,12.5,12.76,11.59,12.24,-0.52,-4.08,3127711.0,37865860.5,2266.0
4090,2006-11-07,12.5,13.02,12.24,12.76,0.26,2.08,4727103.0,59845361.75,2604.0
4090,2006-11-06,13.54,13.67,12.24,12.5,-1.04,-7.68,4527168.0,57256405.25,2720.0
4090,2006-11-05,13.67,14.46,12.76,13.54,-0.13,-0.95,5129710.0,70216109.0,3382.0
4090,2006-11-04,14.33,14.85,13.67,13.67,-1.44,-9.53,2939052.0,40940668.5,2147.0
4090,2006-11-01,15.63,16.28,14.59,15.11,-0.65,-4.12,3321774.0,52000619.25,2916.0
4090,2006-10-31,16.67,16.93,15.24,15.76,-0.91,-5.46,4424524.0,70551905.25,3550.0
4090,2006-10-30,17.32,17.45,16.28,16.67,-1.17,-6.56,2975754.0,50186978.25,2647.0
4090,2006-10-29,17.97,18.49,17.58,17.84,-0.26,-1.44,5622641.0,101566410.0,3267.0
4090,2006-10-28,17.45,18.1,17.19,18.1,0.91,5.29,5627644.0,100195182.5,3473.0
4090,2006-10-18,17.19,17.45,16.8,17.19,0.13,0.76,1188063.0,20319094.0,1225.0
4090,2006-10-17,17.45,17.84,16.8,17.06,-0.52,-2.96,5721549.0,100098255.5,4312.0
4090,2006-10-16,18.1,18.23,17.45,17.58,-0.65,-3.57,6633836.0,117543500.5,3946.0
4090,2006-10-15,17.06,18.62,16.28,18.23,0.65,3.7,4891279.0,85478950.75,3506.0
4090,2006-10-14,19.27,19.4,17.32,17.58,-1.56,-8.15,2739249.0,49789818.75,2770.0
4090,2006-10-11,19.14,19.79,18.75,19.14,0.0,0.0,5607433.0,108200892.75,3598.0
4090,2006-10-10,19.14,19.14,18.36,19.14,0.0,0.0,2146728.0,40249522.5,2189.0
4090,2006-10-09,19.66,19.66,18.88,19.14,-0.39,-2.0,1959482.0,37630592.25,2289.0
4090,2006-10-08,20.32,20.45,19.27,19.53,-0.53,-2.64,3646118.0,72579767.0,3410.0
4090,2006-10-07,18.75,20.06,18.75,20.06,1.05,5.52,3563637.0,69020712.75,3208.0
4090,2006-10-04,18.36,19.27,18.36,19.01,0.65,3.54,3227548.0,60959980.5,3023.0
4090,2006-10-03,19.66,20.06,17.97,18.36,-1.3,-6.61,3078588.0,58482810.75,3128.0
4090,2006-10-02,20.19,20.58,19.4,19.66,-0.4,-1.99,3727630.0,75325176.75,3441.0
4090,2006-10-01,21.36,21.49,19.93,20.06,-1.3,-6.09,4034041.0,83561144.5,4168.0
4090,2006-09-30,20.97,21.62,20.45,21.36,0.39,1.86,6836958.0,145090515.0,5854.0
4090,2006-09-27,21.36,21.49,20.58,20.97,-0.52,-2.42,3521955.0,73929647.25,3391.0
4090,2006-09-26,21.88,22.01,21.23,21.49,-0.65,-2.94,5669838.0,122752368.25,4220.0
4090,2006-09-25,22.14,22.4,21.62,22.14,0.0,0.0,10631276.0,234669119.5,5795.0
4090,2006-09-24,20.97,22.27,20.45,22.14,1.56,7.58,8048923.0,174597723.75,4932.0
4090,2006-09-20,20.58,21.75,20.19,20.58,0.26,1.28,8454893.0,177116294.0,4908.0
4090,2006-09-19,22.01,22.14,20.19,20.32,-2.08,-9.29,5219902.0,109485543.0,4030.0
4090,2006-09-18,21.62,22.66,21.62,22.4,0.78,3.61,7783532.0,173578304.25,4608.0
4090,2006-09-17,22.01,22.53,21.23,21.62,-0.39,-1.77,6776922.0,148717218.0,5225.0
4090,2006-09-16,21.49,22.4,20.19,22.01,-0.13,-0.59,7654036.0,166547786.0,6001.0
4090,2006-09-13,24.48,24.61,22.14,22.14,-2.34,-9.56,9595878.0,219644535.75,8010.0
4090,2006-09-12,25.26,25.52,24.35,24.48,-0.78,-3.09,10442613.0,258153989.0,8821.0
4090,2006-09-11,25.79,26.96,24.35,25.26,-0.13,-0.51,24189224.0,628281222.75,14238.0
4090,2006-09-10,23.96,25.66,23.57,25.39,1.69,7.13,34002283.0,841953375.75,16435.0
4090,2006-09-09,23.96,24.48,23.57,23.7,0.26,1.11,16912740.0,405758155.75,10446.0
4090,2006-09-06,23.7,23.96,23.05,23.44,-0.13,-0.55,11245749.0,263629637.0,8506.0
4090,2006-09-05,23.18,24.48,22.92,23.57,0.52,2.26,36547759.0,874609227.5,18946.0
4090,2006-09-04,22.27,23.83,21.75,23.05,0.78,3.5,38796351.0,889580586.5,16962.0
4090,2006-09-03,22.79,22.92,22.01,22.27,-0.26,-1.15,11801536.0,262879590.25,8886.0
4090,2006-09-02,21.75,23.05,21.62,22.53,1.43,6.78,25284478.0,570943866.75,12377.0
4090,2006-08-30,21.1,22.27,20.71,21.1,0.0,0.0,37584945.0,813574007.75,18404.0
4090,2006-08-29,19.4,21.23,19.27,21.1,1.7,8.76,32010396.0,660484826.75,14744.0
4090,2006-08-28,19.27,19.4,18.75,19.4,-0.13,-0.67,5064945.0,96822283.0,4671.0
4090,2006-08-27,19.93,20.19,19.14,19.53,-0.4,-2.01,8773618.0,173555615.25,6364.0
4090,2006-08-26,19.53,19.93,19.14,19.93,0.66,3.43,10889052.0,213201820.0,6324.0
4090,2006-08-23,19.66,19.93,19.27,19.27,-0.26,-1.33,6580760.0,128576521.0,4932.0
4090,2006-08-22,19.27,19.66,18.88,19.53,0.26,1.35,8826867.0,170460590.5,6299.0
4090,2006-08-21,19.93,20.06,18.88,19.27,-0.79,-3.94,4945141.0,96241296.0,5091.0
4090,2006-08-20,20.58,20.71,19.93,20.06,-0.52,-2.53,8217675.0,165377495.5,6206.0
4090,2006-08-19,20.84,21.36,20.19,20.58,0.0,0.0,16119276.0,336394254.0,10248.0
4090,2006-08-16,20.45,21.1,19.93,20.58,0.52,2.59,54215877.0,1117791568.5,18842.0
4090,2006-08-15,20.19,22.01,19.66,20.06,0.0,0.0,39099178.0,832610613.25,14810.0
4090,2006-08-14,19.79,20.32,19.53,20.06,0.27,1.36,5719566.0,113599075.5,4170.0
4090,2006-08-13,20.06,20.19,19.27,19.79,-0.14,-0.7,3784119.0,74979067.5,3701.0
4090,2006-08-12,20.45,20.71,19.79,19.93,0.27,1.37,7336898.0,148461077.0,5941.0
4090,2006-08-09,19.93,20.06,19.14,19.66,-0.27,-1.35,6055847.0,118208450.5,4956.0
4090,2006-08-08,19.66,20.71,19.53,19.93,0.66,3.43,13731892.0,277362955.25,8391.0
4090,2006-08-07,19.53,19.66,18.75,19.27,-0.13,-0.67,5602815.0,108852814.0,4363.0
4090,2006-08-06,20.06,20.32,19.01,19.4,-0.53,-2.66,9610279.0,189029852.75,7028.0
4090,2006-08-05,19.14,20.32,18.88,19.93,0.92,4.84,13629166.0,268966527.0,9157.0
4090,2006-08-02,18.88,19.53,18.49,19.01,-0.26,-1.35,11887567.0,225746947.75,7493.0
4090,2006-08-01,18.36,19.93,18.1,19.27,1.17,6.46,24710791.0,470748794.5,12418.0
4090,2006-07-31,17.58,18.62,17.45,18.1,0.52,2.96,12639243.0,227886729.5,7308.0
4090,2006-07-30,18.1,18.62,17.32,17.58,-0.39,-2.17,6935300.0,124144402.75,5031.0
4090,2006-07-29,16.67,17.97,16.67,17.97,1.69,10.38,7759001.0,136219490.0,4588.0
4090,2006-07-26,16.28,16.93,16.02,16.28,0.0,0.0,3795144.0,62325811.75,2968.0
4090,2006-07-25,16.8,17.71,15.76,16.28,-0.65,-3.84,5213809.0,88272122.0,4553.0
4090,2006-07-24,18.49,18.88,16.8,16.93,-1.3,-7.13,7774554.0,141447544.25,5494.0
4090,2006-07-23,16.8,18.23,16.8,18.23,1.56,9.36,8814218.0,156251206.25,4778.0
4090,2006-07-22,16.02,16.93,16.02,16.67,0.52,3.22,1940129.0,32082201.5,1707.0
4090,2006-07-19,17.32,17.45,16.02,16.15,-1.56,-8.81,4439732.0,73726813.5,3766.0
4090,2006-07-18,17.71,18.62,17.32,17.71,0.39,2.25,7343273.0,132206981.5,6039.0
4090,2006-07-17,15.89,17.32,15.63,17.32,1.56,9.9,5615191.0,93348268.5,4416.0
4090,2006-07-16,15.76,18.1,15.76,15.76,-1.82,-10.35,11157328.0,185372336.25,7801.0
4090,2006-07-15,17.58,17.84,17.58,17.58,-1.82,-9.38,937014.0,16437586.75,1058.0
4090,2006-07-12,21.36,21.62,19.27,19.4,-1.96,-9.18,4405969.0,88673209.0,4882.0
4090,2006-07-11,21.36,22.27,21.1,21.36,-0.13,-0.6,5413132.0,117378812.25,5844.0
4090,2006-07-10,22.01,22.79,20.97,21.49,-0.26,-1.2,5781236.0,126379167.25,6788.0
4090,2006-07-09,24.09,24.09,21.75,21.75,-2.34,-9.71,7059722.0,166534884.75,7869.0
4090,2006-07-08,23.44,24.61,23.31,24.09,0.78,3.35,14981317.0,360121857.0,10429.0
4090,2006-07-05,22.27,24.09,21.75,23.31,0.91,4.06,9935595.0,230761895.75,7552.0
4090,2006-07-04,21.75,22.92,21.62,22.4,0.13,0.58,4684248.0,104369443.75,5052.0
4090,2006-07-03,23.96,23.96,22.27,22.27,-1.56,-6.55,3915207.0,91084318.25,5220.0
4090,2006-07-02,23.05,24.09,22.66,23.83,0.91,3.97,6200386.0,146540051.25,5929.0
4090,2006-07-01,23.96,23.96,22.27,22.92,-1.82,-7.36,7034152.0,161898548.0,6718.0
4090,2006-06-28,25.79,25.79,23.44,24.74,-1.31,-5.03,6618298.0,165037344.0,6687.0
4090,2006-06-27,26.7,26.83,25.92,26.05,-0.26,-0.99,13669873.0,361122810.5,12303.0
4090,2006-06-26,26.96,27.22,24.74,26.31,0.26,1.0,28908211.0,761009219.0,22361.0
4090,2006-06-25,24.09,26.18,24.09,26.05,1.83,7.56,24594266.0,621199815.5,16346.0
4090,2006-06-24,24.09,24.48,23.7,24.22,0.0,0.0,9644477.0,232842294.0,9723.0
4090,2006-06-21,23.7,25.52,23.7,24.22,0.39,1.64,14938072.0,366957673.75,9636.0
4090,2006-06-20,23.05,24.61,22.66,23.83,0.26,1.1,10977394.0,262353659.25,8317.0
4090,2006-06-19,24.74,25.0,23.44,23.57,-1.3,-5.23,10257703.0,248385256.5,9179.0
4090,2006-06-18,26.05,26.44,24.35,24.87,-0.65,-2.55,20790626.0,531145577.0,14582.0
4090,2006-06-17,23.7,25.66,23.44,25.52,2.08,8.87,25732928.0,632188679.5,15225.0
4090,2006-06-14,24.09,25.13,22.92,23.44,-0.39,-1.64,31341846.0,752830846.5,15009.0
4090,2006-06-13,21.75,23.83,21.36,23.83,2.08,9.56,34197875.0,796206618.5,16274.0
4090,2006-06-12,22.14,22.27,20.71,21.75,-0.52,-2.33,16656523.0,361267772.0,11462.0
4090,2006-06-11,22.27,22.66,21.23,22.27,0.39,1.78,32916484.0,727040095.75,18127.0
4090,2006-06-10,20.45,21.88,20.19,21.88,1.95,9.78,27352963.0,573530922.75,14540.0
4090,2006-06-08,18.36,19.93,18.1,19.93,1.83,10.11,11321588.0,220436081.5,5652.0
4090,2006-06-07,19.79,20.97,17.97,18.1,-1.56,-7.93,26203148.0,516017710.25,14497.0
4090,2006-06-06,19.27,19.93,19.14,19.66,0.39,2.02,13243607.0,258424092.75,10874.0
4090,2006-06-05,18.88,19.66,18.75,19.27,0.65,3.49,15164255.0,291902556.75,10263.0
4090,2006-06-04,17.45,18.62,17.32,18.62,1.69,9.98,16661789.0,300909632.25,11394.0
4090,2006-06-03,17.32,17.32,16.67,16.93,0.65,3.99,12121185.0,206675119.5,9523.0
4090,2006-06-01,16.28,16.41,16.02,16.28,0.0,0.0,4289064.0,69561251.0,3796.0
4090,2006-05-31,16.93,17.58,16.15,16.28,-0.13,-0.79,16664745.0,282643986.5,10686.0
4090,2006-05-30,15.11,16.41,15.11,16.41,1.43,9.55,16124352.0,262476003.0,9240.0
4090,2006-05-29,14.72,15.11,14.59,14.98,0.39,2.67,5424215.0,80292937.0,4528.0
4090,2006-05-28,14.46,14.72,13.67,14.59,0.0,0.0,5638947.0,80562984.25,4717.0
4090,2006-05-27,14.98,15.11,14.46,14.59,-0.52,-3.44,4171383.0,61732480.0,4181.0
4090,2006-05-25,15.11,15.24,14.85,15.11,0.0,0.0,3285720.0,49549950.0,2548.0
4090,2006-05-24,15.63,15.76,14.72,15.11,0.0,0.0,5906171.0,90342112.75,4278.0
4090,2006-05-23,14.98,15.37,14.59,15.11,0.26,1.75,5341637.0,79994737.0,4004.0
4090,2006-05-22,15.63,16.15,14.46,14.85,-0.65,-4.19,5577066.0,86970624.0,4335.0
4090,2006-05-21,15.89,16.67,15.11,15.5,-0.91,-5.55,8272601.0,130953062.25,5613.0
4090,2006-05-20,16.67,17.58,15.89,16.41,-0.13,-0.79,13298047.0,224686900.5,8333.0
4090,2006-05-18,16.28,16.67,15.76,16.54,0.26,1.6,4116240.0,66871612.0,3538.0
4090,2006-05-17,15.24,17.06,15.11,16.28,-0.39,-2.34,5872250.0,94921767.25,4458.0
4090,2006-05-16,17.58,18.1,16.67,16.67,-1.82,-9.84,5949713.0,104401522.75,4592.0
4090,2006-05-15,18.36,18.62,16.93,18.49,1.56,9.21,9350265.0,168822809.75,6956.0
4090,2006-05-14,16.93,16.93,16.93,16.93,1.43,9.23,1515141.0,25732679.25,737.0
4090,2006-05-13,15.5,15.5,15.5,15.5,1.44,10.24,89455.0,1385511.25,162.0
4090,2006-05-11,14.06,14.33,13.28,14.06,-0.14,-0.99,2517949.0,34913763.0,2133.0
4090,2006-05-10,14.59,15.11,13.93,14.2,-1.04,-6.82,6022637.0,86740255.75,5800.0
4090,2006-05-09,16.8,17.06,15.24,15.24,-1.69,-9.98,7536302.0,120684655.75,6057.0
4090,2006-05-08,17.45,18.1,16.41,16.93,0.0,0.0,14641874.0,257398963.25,9321.0
4090,2006-05-07,14.46,16.93,14.2,16.93,1.56,10.15,11924118.0,191866684.75,7997.0
4090,2006-05-06,16.93,16.93,15.37,15.37,-1.69,-9.91,2425284.0,38467662.5,2907.0
4090,2006-05-04,18.1,18.62,16.93,17.06,-1.17,-6.42,2864407.0,51666081.5,2735.0
4090,2006-05-03,18.1,19.01,17.58,18.23,-0.13,-0.71,7934074.0,145980433.5,6703.0
4090,2006-05-02,19.66,19.66,17.84,18.36,-1.43,-7.23,11784071.0,221702379.75,9527.0
4090,2006-05-01,19.01,20.19,18.62,19.79,1.3,7.03,16959110.0,329551992.25,11957.0
4090,2006-04-30,18.1,20.97,17.71,18.49,-1.04,-5.33,17528670.0,345706099.5,12885.0
4090,2006-04-29,19.93,23.05,19.53,19.53,-2.22,-10.21,5575081.0,112452871.75,5213.0
4090,2006-04-27,23.44,25.26,21.75,21.75,-2.34,-9.71,6213283.0,149756338.0,5922.0
4090,2006-04-26,23.05,24.09,22.53,24.09,2.21,10.1,8346049.0,196413079.0,7709.0
4090,2006-04-25,21.23,21.88,20.71,21.88,1.95,9.78,4279678.0,92855864.25,3643.0
4090,2006-04-24,18.36,19.93,18.1,19.93,1.83,10.11,7984011.0,153326142.5,5779.0
4090,2006-04-23,18.1,18.1,16.67,18.1,1.56,9.43,12961424.0,228948593.25,9080.0
4090,2006-04-22,16.54,16.54,16.15,16.54,1.43,9.46,1999400.0,33037215.0,976.0
4090,2006-04-19,13.67,15.11,13.67,15.11,1.31,9.49,3247215.0,47750374.5,2631.0
4090,2006-04-18,15.11,15.11,13.8,13.8,-1.44,-9.45,2851107.0,40156488.25,3562.0
4090,2006-04-17,16.28,17.97,15.24,15.24,-1.69,-9.98,2992774.0,48953463.75,3170.0
4090,2006-04-16,16.93,17.58,16.93,16.93,-1.82,-9.71,1360234.0,23003242.0,1132.0
4090,2006-04-15,19.01,20.06,18.75,18.75,-1.96,-9.46,719593.0,13662414.5,975.0
4090,2006-04-12,20.71,23.96,20.71,20.71,-2.21,-9.64,4339715.0,93778518.75,4049.0
4090,2006-04-11,22.92,24.48,22.92,22.92,-2.47,-9.73,1131628.0,26173140.75,1734.0
4090,2006-04-10,27.48,27.48,25.39,25.39,-2.87,-10.16,3148724.0,82803670.25,4902.0
4090,2006-04-09,29.04,29.82,28.26,28.26,-1.69,-5.64,5212993.0,151276733.5,7250.0
4090,2006-04-08,28.13,30.6,27.74,29.95,0.0,0.0,3655757.0,107615159.5,5351.0
4090,2006-04-05,32.04,32.04,29.04,29.95,-2.09,-6.52,4026988.0,121975370.25,7870.0
4090,2006-04-04,33.34,33.34,31.65,32.04,-1.04,-3.14,5203161.0,168135925.75,9560.0
4090,2006-04-03,33.34,34.51,32.43,33.08,0.52,1.6,4690975.0,156564846.75,9516.0
4090,2006-04-02,30.73,33.6,29.95,32.56,1.83,5.96,8550144.0,272937561.5,12355.0
4090,2006-04-01,32.04,32.04,27.35,30.73,0.65,2.16,4054827.0,120993074.5,9251.0
4090,2006-03-29,30.08,30.08,30.08,30.08,1.3,4.52,426378.0,12825120.0,586.0
4090,2006-03-28,28.78,28.78,28.26,28.78,1.43,5.23,2771563.0,79525551.0,1901.0
4090,2006-03-27,26.05,28.78,26.05,27.35,-0.13,-0.47,13971997.0,378327537.0,9783.0
4090,2006-03-26,27.48,27.48,27.48,27.48,-1.3,-4.52,114976.0,3150653.0,280.0
4090,2006-03-25,28.78,28.78,28.78,28.78,-1.56,-5.14,131218.0,3778194.0,411.0
4090,2006-03-23,30.34,30.34,30.34,30.34,-1.44,-4.53,80489.0,2438749.0,235.0
4090,2006-03-22,31.78,31.78,31.78,31.78,-1.69,-5.05,193510.0,6166050.0,334.0
4090,2006-03-21,35.29,35.29,33.47,33.47,-1.82,-5.16,5474036.0,185871098.0,7091.0
4090,2006-03-20,37.12,37.77,34.9,35.29,-1.3,-3.55,15140695.0,544942331.0,15760.0
4090,2006-03-19,37.12,38.29,36.59,36.59,-1.96,-5.08,6845956.0,252376948.0,6707.0
4090,2006-03-18,40.11,40.11,36.46,38.55,0.26,0.68,20463080.0,815490180.0,19653.0
4090,2006-03-16,38.29,38.29,38.29,38.29,1.7,4.65,319159.0,12221890.0,556.0
4090,2006-03-15,32.95,36.59,32.95,36.59,1.82,5.23,8697745.0,303446228.0,5524.0
4090,2006-03-14,34.77,34.77,34.77,34.77,-1.82,-4.97,122559.0,4260000.0,298.0
4090,2006-03-13,38.29,39.2,36.59,36.59,-1.83,-4.76,9943560.0,377002796.0,7694.0
4090,2006-03-12,40.24,40.37,38.42,38.42,-2.08,-5.14,9837372.0,385530399.0,9872.0
4090,2006-03-11,40.37,40.76,39.2,40.5,1.3,3.32,23876718.0,957162041.0,19444.0
4090,2006-03-09,38.03,39.2,37.25,39.2,1.95,5.23,9897161.0,382146745.0,8549.0
4090,2006-03-08,38.68,40.11,37.25,37.25,-1.95,-4.97,16143919.0,622872000.0,13730.0
4090,2006-03-07,38.94,40.37,38.29,39.2,0.78,2.03,28933190.0,1150406801.0,22303.0
4090,2006-03-06,36.59,38.42,36.46,38.42,1.83,5.0,15373572.0,580200348.0,13918.0
4090,2006-03-05,34.64,36.59,33.73,36.59,1.69,4.84,15453114.0,553167378.0,12575.0
4090,2006-03-04,36.07,36.72,34.9,34.9,-1.82,-4.96,9137710.0,325110280.0,8848.0
4090,2006-03-02,36.72,37.77,35.29,36.72,-0.13,-0.35,16813694.0,620034550.0,13722.0
4090,2006-03-01,36.85,36.85,35.94,36.85,1.69,4.81,12661972.0,466192553.0,10193.0
4090,2006-02-28,33.47,35.16,33.47,35.16,1.69,5.05,5374717.0,187173426.0,4128.0
4090,2006-02-27,33.47,34.77,33.47,33.47,-1.82,-5.16,5820029.0,196224075.0,5995.0
4090,2006-02-26,37.12,37.25,35.29,35.29,-1.83,-4.93,7250954.0,260411754.0,7293.0
4090,2006-02-25,37.9,38.42,36.2,37.12,-0.26,-0.7,12070158.0,452166100.0,9423.0
4090,2006-02-23,37.12,38.03,35.94,37.38,0.79,2.16,11756627.0,436728319.0,7864.0
4090,2006-02-22,36.46,37.12,35.16,36.59,0.13,0.36,9221499.0,336939419.0,7010.0
4090,2006-02-21,35.55,37.12,35.42,36.46,0.78,2.19,13313608.0,483493050.0,8361.0
4090,2006-02-20,35.03,36.07,34.9,35.68,0.39,1.11,7716159.0,275361191.0,5775.0
4090,2006-02-19,35.68,35.68,34.77,35.29,-0.26,-0.73,9306024.0,327119335.0,6199.0
4090,2006-02-18,35.68,35.94,34.77,35.55,0.26,0.74,7687711.0,272217797.0,6126.0
4090,2006-02-16,36.59,37.12,34.51,35.29,-1.56,-4.23,5590229.0,203145762.0,4356.0
4090,2006-02-15,36.99,37.12,36.59,36.85,-0.27,-0.73,10046227.0,368466898.0,8559.0
4090,2006-02-14,38.16,38.16,36.72,37.12,-1.04,-2.73,12836526.0,479413344.0,10911.0
4090,2006-02-13,38.55,39.07,37.77,38.16,2.48,6.95,39264310.0,1510347078.0,26204.0
4090,2006-02-12,35.94,36.07,35.42,35.68,0.0,0.0,14866014.0,532037184.0,8463.0
4090,2006-02-11,35.29,35.81,35.29,35.68,0.26,0.73,6933503.0,246316075.0,5165.0
4090,2006-02-09,35.68,35.81,35.29,35.42,-0.13,-0.37,5713667.0,203270219.0,3644.0
4090,2006-02-08,35.68,37.38,35.29,35.55,-0.39,-1.09,44914853.0,1638544516.0,16859.0
4090,2006-02-07,34.77,36.46,34.77,35.94,1.04,2.98,38125573.0,1360730390.0,13089.0
4090,2006-02-06,34.9,35.29,34.51,34.9,-0.39,-1.11,7864674.0,274836457.0,5598.0
4090,2006-02-05,35.16,35.94,34.9,35.29,0.13,0.37,17614572.0,622395323.0,8666.0
4090,2006-02-04,34.77,35.29,34.64,35.16,0.26,0.74,13502755.0,472935509.0,6671.0
4090,2006-02-02,34.77,35.29,34.51,34.9,0.13,0.37,7290929.0,255118634.0,3955.0
4090,2006-02-01,35.03,35.29,34.77,34.77,-0.65,-1.84,9462826.0,330710807.0,6500.0
4090,2006-01-31,36.59,36.85,34.51,35.42,-0.52,-1.45,32266983.0,1158918880.75,16580.0
4090,2006-01-30,33.47,35.94,32.43,35.94,2.6,7.8,46736603.0,1625743921.5,19337.0
4090,2006-01-29,34.12,35.03,31.26,33.34,-0.39,-1.16,25471277.0,866672936.0,12459.0
4090,2006-01-28,33.47,34.12,32.43,33.73,0.13,0.39,14879040.0,502681833.5,7927.0
4090,2006-01-26,33.99,33.99,33.47,33.6,-0.39,-1.15,6879717.0,231694896.25,4263.0
4090,2006-01-25,33.86,34.51,33.34,33.99,0.13,0.38,17495547.0,594713712.75,9311.0
4090,2006-01-24,32.82,35.03,32.43,33.86,0.91,2.76,34993235.0,1191507435.0,14260.0
4090,2006-01-23,32.95,33.08,32.69,32.95,0.0,0.0,10044144.0,330397292.5,5174.0
4090,2006-01-22,32.95,33.6,32.56,32.95,0.0,0.0,22013052.0,728005616.5,8418.0
4090,2006-01-21,32.56,32.95,32.43,32.95,0.26,0.8,9870117.0,323437593.75,5027.0
4090,2006-01-19,32.95,32.95,32.56,32.69,-0.26,-0.79,4575185.0,149792673.0,2655.0
4090,2006-01-18,32.95,33.21,32.43,32.95,0.39,1.2,23660283.0,778939354.0,9148.0
4090,2006-01-17,32.3,32.69,31.91,32.56,0.26,0.8,10099893.0,326468769.0,5460.0
4090,2006-01-16,32.3,32.43,32.17,32.3,-0.13,-0.4,5286026.0,170317619.0,3256.0
4090,2006-01-08,32.43,32.43,32.3,32.43,0.0,0.0,2767737.0,89479550.0,1876.0
4090,2006-01-07,32.43,32.82,32.43,32.43,0.0,0.0,8612927.0,279695870.5,4366.0
4090,2006-01-05,32.43,32.56,32.43,32.43,0.0,0.0,4807467.0,155987075.75,2673.0
4090,2006-01-04,32.95,33.08,32.43,32.43,0.0,0.0,15864359.0,519261686.5,7813.0
4090,2006-01-03,32.04,32.82,32.04,32.43,0.26,0.81,14621752.0,473873921.25,7299.0
4090,2006-01-02,32.3,32.43,32.04,32.17,0.0,0.0,5841457.0,187980639.25,3939.0
4090,2006-01-01,32.04,32.95,31.78,32.17,-0.13,-0.4,8124726.0,262251048.5,5102.0
4090,2005-12-31,32.95,32.95,32.17,32.3,-0.65,-1.97,7518635.0,243683311.0,5353.0
4090,2005-12-29,32.95,33.34,32.43,32.95,-0.26,-0.78,5649058.0,185875871.75,3613.0
4090,2005-12-28,33.73,34.64,32.95,33.21,-0.39,-1.16,26696156.0,905010542.5,15094.0
4090,2005-12-27,32.04,33.6,31.78,33.6,1.56,4.87,11559278.0,374138967.0,6183.0
4090,2005-12-26,32.17,32.43,31.78,32.04,-0.13,-0.4,10609662.0,340600673.25,5220.0
4090,2005-12-25,32.43,32.56,31.65,32.17,-0.26,-0.8,8091585.0,260032078.75,4954.0
4090,2005-12-24,32.56,32.69,32.17,32.43,0.0,0.0,10142969.0,329112278.0,6187.0
4090,2005-12-22,32.3,32.82,32.3,32.43,0.26,0.81,7256290.0,236100866.75,4155.0
4090,2005-12-21,32.04,32.3,31.65,32.17,0.26,0.81,8372009.0,267462646.25,5147.0
4090,2005-12-20,31.91,32.69,31.78,31.91,-0.13,-0.41,15637287.0,505496804.5,7764.0
4090,2005-12-19,32.3,32.43,31.26,32.04,-0.26,-0.8,10847934.0,347218128.75,6362.0
4090,2005-12-18,32.43,32.69,31.78,32.3,-1.17,-3.5,22683249.0,731912707.5,11549.0
4090,2005-12-17,31.52,34.25,31.12,33.47,2.21,7.07,52046303.0,1713457495.75,19822.0
4090,2005-12-15,31.26,31.78,31.12,31.26,0.27,0.87,18047093.0,566732530.5,7995.0
4090,2005-12-14,30.34,30.99,30.34,30.99,0.65,2.14,17438907.0,534275242.0,7819.0
4090,2005-12-13,29.82,30.6,29.69,30.34,0.39,1.3,15953287.0,482515667.75,7271.0
4090,2005-12-12,29.82,30.08,29.69,29.95,0.0,0.0,6470098.0,193360833.25,3859.0
4090,2005-12-11,29.95,29.95,29.82,29.95,0.0,0.0,5636664.0,168586418.75,3703.0
4090,2005-12-10,29.95,30.21,29.95,29.95,-0.26,-0.86,5937147.0,178267119.75,3664.0
4090,2005-12-08,29.95,30.21,29.82,30.21,0.26,0.87,3774927.0,113480052.0,2235.0
4090,2005-12-07,30.6,30.6,29.69,29.95,-0.52,-1.71,6813716.0,205932147.5,4135.0
4090,2005-12-06,30.47,30.86,30.34,30.47,0.13,0.43,11668074.0,357356673.0,5633.0
4090,2005-12-05,29.95,30.34,29.56,30.34,-0.26,-0.85,9817316.0,295617405.75,6048.0
4090,2005-12-04,30.99,30.99,30.47,30.6,-0.39,-1.26,12519015.0,385469286.0,6744.0
4090,2005-12-03,31.12,31.26,30.86,30.99,0.0,0.0,12197796.0,378306508.5,6044.0
4090,2005-12-01,30.86,31.26,30.6,30.99,0.13,0.42,11690484.0,361717765.5,4246.0
4090,2005-11-30,30.6,30.99,30.6,30.86,0.0,0.0,9099852.0,280242798.0,4524.0
4090,2005-11-29,30.6,30.99,30.47,30.86,0.26,0.85,10613197.0,326074031.25,4933.0
4090,2005-11-28,30.86,30.99,30.08,30.6,-0.26,-0.84,11044231.0,337919245.75,5463.0
4090,2005-11-27,30.6,31.12,30.47,30.86,0.26,0.85,12225658.0,376084719.75,6004.0
4090,2005-11-26,30.99,31.12,29.95,30.6,-0.66,-2.11,10165754.0,312346167.0,5617.0
4090,2005-11-24,31.12,31.26,30.99,31.26,0.0,0.0,5416073.0,168839713.0,2747.0
4090,2005-11-23,31.26,31.39,31.12,31.26,-0.13,-0.41,13658443.0,426394747.5,5855.0
4090,2005-11-22,31.26,31.65,30.86,31.39,0.0,0.0,18450137.0,575383435.0,7903.0
4090,2005-11-21,30.73,31.52,30.47,31.39,0.92,3.02,31369186.0,971947469.0,11651.0
4090,2005-11-20,30.34,30.86,29.95,30.47,0.13,0.43,28035159.0,851108899.25,11075.0
4090,2005-11-19,30.08,30.6,30.08,30.34,0.65,2.19,25342422.0,768235248.25,11033.0
4090,2005-11-17,29.43,29.82,29.3,29.69,0.26,0.88,7775431.0,229830960.75,3833.0
4090,2005-11-16,29.43,29.82,29.3,29.43,0.0,0.0,12255571.0,361664924.5,5516.0
4090,2005-11-15,29.3,29.43,29.04,29.43,0.13,0.44,8155714.0,238777152.25,4530.0
4090,2005-11-14,29.17,29.82,28.78,29.3,-0.13,-0.44,17474751.0,513208764.0,7710.0
4090,2005-11-13,29.56,29.95,29.17,29.43,-0.52,-1.74,11530864.0,340554303.25,6386.0
4090,2005-11-12,30.6,30.86,29.82,29.95,-0.26,-0.86,15590301.0,472940669.0,8058.0
4090,2005-11-10,29.95,30.6,29.82,30.21,0.65,2.2,19020124.0,577344915.0,7542.0
4090,2005-11-09,29.17,29.95,28.78,29.56,0.39,1.34,22622489.0,665013588.0,8356.0
4090,2005-11-08,29.3,29.43,29.04,29.17,0.0,0.0,12046987.0,351448563.25,5367.0
4090,2005-10-31,29.17,29.17,28.78,29.17,-0.13,-0.44,7321203.0,212358296.75,3778.0
4090,2005-10-30,29.17,29.69,28.91,29.3,0.13,0.45,17097771.0,500538350.0,7388.0
4090,2005-10-29,28.26,29.56,28.26,29.17,1.04,3.7,40941288.0,1188467890.0,13175.0
4090,2005-10-27,28.39,28.39,28.0,28.13,-0.13,-0.46,8776398.0,247433864.25,3306.0
4090,2005-10-26,27.74,28.52,27.61,28.26,0.39,1.4,26151257.0,735219376.75,8940.0
4090,2005-10-25,27.61,28.0,27.35,27.87,0.26,0.94,22660487.0,629026260.75,7708.0
4090,2005-10-24,27.35,27.74,27.09,27.61,0.39,1.43,15616105.0,428005610.75,5897.0
4090,2005-10-23,27.22,28.0,26.96,27.22,-0.39,-1.41,23843847.0,652878694.75,8530.0
4090,2005-10-22,26.31,28.39,25.79,27.61,1.82,7.06,67274869.0,1831603195.0,18190.0
4090,2005-10-20,25.13,25.79,25.13,25.79,0.66,2.63,24652131.0,627941393.5,6163.0
4090,2005-10-19,25.13,25.39,24.74,25.13,0.0,0.0,22167558.0,555982920.75,7383.0
4090,2005-10-18,25.13,25.39,24.61,25.13,0.26,1.05,37506351.0,939100660.0,11812.0
4090,2005-10-17,23.44,25.26,23.05,24.87,1.3,5.52,45254223.0,1093503165.75,12929.0
4090,2005-10-16,24.09,24.35,23.44,23.57,-0.52,-2.16,26541253.0,637109866.5,8630.0
4090,2005-10-15,23.83,24.61,23.57,24.09,0.0,0.0,42705438.0,1040686334.0,12816.0
4090,2005-10-13,24.09,24.61,24.09,24.09,-0.26,-1.07,14131525.0,342527791.75,4927.0
4090,2005-10-12,24.09,24.61,23.44,24.35,0.13,0.54,35373470.0,857297568.0,9623.0
4090,2005-10-11,23.7,24.22,23.44,24.22,0.78,3.33,27611332.0,660173277.5,7900.0
4090,2005-10-10,22.66,23.7,22.53,23.44,0.78,3.44,33773482.0,785870407.5,9580.0
4090,2005-10-09,22.92,22.92,22.53,22.66,-0.26,-1.13,7063832.0,160412313.25,2794.0
4090,2005-10-08,22.92,22.92,22.27,22.92,0.26,1.15,9090280.0,206761700.0,3598.0
4090,2005-10-06,22.14,22.92,21.1,22.66,0.65,2.95,5863819.0,130582133.25,2642.0
4090,2005-10-05,24.09,24.09,21.88,22.01,-2.21,-9.12,18195444.0,414648613.0,6945.0
4090,2005-10-04,24.35,24.87,23.7,24.22,-0.13,-0.53,31902640.0,778869967.75,8796.0
4090,2005-10-03,23.57,24.48,23.44,24.35,0.65,2.74,53588924.0,1286048209.0,13189.0
4090,2005-10-02,22.66,23.96,22.4,23.7,1.04,4.59,40251080.0,934643269.0,11039.0
4090,2005-10-01,22.53,22.79,22.27,22.66,-0.13,-0.57,10236249.0,231157056.75,4470.0
4090,2005-09-29,23.05,23.05,22.66,22.79,-0.39,-1.68,8438725.0,192262681.5,3471.0
4090,2005-09-28,23.44,23.44,22.92,23.18,-0.26,-1.11,25537746.0,591196321.0,8648.0
4090,2005-09-27,22.92,24.09,22.79,23.44,0.65,2.85,90740682.0,2127191158.0,21741.0
4090,2005-09-26,22.27,22.79,22.14,22.79,0.52,2.33,39084596.0,876211718.75,9564.0
4090,2005-09-25,22.01,22.4,21.62,22.27,0.26,1.18,27947999.0,619661291.75,8420.0
4090,2005-09-22,21.88,22.27,21.75,22.01,0.13,0.59,4229730.0,92990659.25,1812.0
4090,2005-09-21,21.88,22.01,21.75,21.88,-0.26,-1.17,6299114.0,137974807.0,3061.0
4090,2005-09-20,22.27,22.27,22.01,22.14,-0.13,-0.58,7688577.0,170198843.0,3134.0
4090,2005-09-19,22.01,22.53,22.01,22.27,0.52,2.39,16559612.0,368785295.5,5942.0
4090,2005-09-18,22.01,22.14,21.23,21.75,-0.39,-1.76,11582857.0,251868291.75,5654.0
4090,2005-09-17,22.27,22.27,22.01,22.14,-0.13,-0.58,7752975.0,171711485.5,3421.0
4090,2005-09-15,22.27,22.4,22.27,22.27,-0.13,-0.58,4318341.0,96209495.75,1906.0
4090,2005-09-14,22.4,22.92,22.27,22.4,0.13,0.58,18396282.0,415367641.0,5804.0
4090,2005-09-13,22.27,22.4,22.14,22.27,0.0,0.0,8879660.0,197933605.5,3537.0
4090,2005-09-12,22.27,22.53,22.14,22.27,0.0,0.0,11517956.0,256793378.5,4691.0
4090,2005-09-11,21.36,22.4,21.36,22.27,1.04,4.9,16759021.0,368718086.25,5942.0
4090,2005-09-10,20.71,21.23,20.45,21.23,0.39,1.87,8099167.0,170257886.25,2963.0
4090,2005-09-08,20.71,20.97,20.45,20.84,0.13,0.63,2413282.0,49960211.5,1135.0
4090,2005-09-07,20.45,21.1,20.45,20.71,0.26,1.27,6850895.0,142601908.0,3197.0
4090,2005-09-06,21.36,21.49,20.45,20.45,-1.17,-5.41,7458366.0,155480026.75,3486.0
4090,2005-09-05,21.88,21.88,21.49,21.62,-0.26,-1.19,5698628.0,123847036.5,2577.0
4090,2005-09-04,21.62,22.01,21.23,21.88,0.13,0.6,7537743.0,163603190.5,3330.0
4090,2005-09-03,22.66,22.66,21.1,21.75,-0.91,-4.02,9273948.0,204038619.5,4597.0
4090,2005-09-01,22.66,22.79,22.66,22.66,0.0,0.0,4280788.0,97072133.75,1793.0
4090,2005-08-31,22.53,22.79,22.4,22.66,0.13,0.58,8432838.0,190802268.25,3591.0
4090,2005-08-30,22.79,22.79,22.27,22.53,-0.26,-1.14,9268565.0,208771042.0,3940.0
4090,2005-08-29,22.92,22.92,22.66,22.79,-0.13,-0.57,10521531.0,239214998.25,3791.0
4090,2005-08-28,22.66,23.31,22.4,22.92,0.0,0.0,17789711.0,407172175.0,6556.0
4090,2005-08-27,23.44,23.44,22.4,22.92,-0.52,-2.22,15566310.0,359170560.5,6433.0
4090,2005-08-25,23.57,23.7,23.18,23.44,-0.13,-0.55,6971184.0,163343124.25,2899.0
4090,2005-08-24,23.18,23.83,23.18,23.57,0.91,4.02,40900764.0,961539761.25,11660.0
4090,2005-08-23,22.4,22.79,22.27,22.66,0.26,1.16,26973468.0,607492611.25,7306.0
4090,2005-08-22,22.4,22.92,22.27,22.4,0.13,0.58,39578977.0,891897898.0,9947.0
4090,2005-08-21,22.14,22.4,21.75,22.27,0.13,0.59,30162329.0,670098033.0,8645.0
4090,2005-08-20,22.14,22.4,22.01,22.14,0.13,0.59,36580820.0,811664721.0,9537.0
4090,2005-08-18,22.01,22.01,21.75,22.01,0.13,0.59,8668466.0,190047049.25,2853.0
4090,2005-08-17,21.62,22.01,21.49,21.88,0.26,1.2,15939828.0,348049464.25,4325.0
4090,2005-08-16,21.49,21.75,21.36,21.62,0.0,0.0,9762992.0,211384521.5,3617.0
4090,2005-08-15,22.14,22.14,21.49,21.62,-0.39,-1.77,14021500.0,306207257.75,5650.0
4090,2005-08-14,21.88,22.27,21.75,22.01,0.26,1.2,44459887.0,979580177.25,12101.0
4090,2005-08-13,21.49,21.75,21.23,21.75,0.39,1.83,19434051.0,418261516.0,6114.0
4090,2005-08-11,21.62,21.62,21.36,21.36,-0.13,-0.6,5693539.0,122153689.25,2004.0
4090,2005-08-10,21.1,21.75,20.97,21.49,0.0,0.0,17042663.0,365765507.25,5449.0
4090,2005-08-09,21.75,21.88,21.49,21.49,-0.26,-1.2,16705132.0,361360874.0,6196.0
4090,2005-08-08,22.14,22.27,21.75,21.75,-0.26,-1.18,35299135.0,777474968.75,11855.0
4090,2005-08-07,21.23,22.01,20.84,22.01,0.78,3.67,24031049.0,511219263.0,7861.0
4090,2005-08-06,20.71,22.14,20.45,21.23,0.91,4.48,64292628.0,1372036995.0,18094.0
4090,2005-08-04,19.79,20.45,19.53,20.32,0.66,3.36,32183954.0,642188120.5,7498.0
4090,2005-08-03,19.53,19.79,19.27,19.66,0.39,2.02,39352323.0,771486258.5,10995.0
4090,2005-08-02,18.75,19.53,18.75,19.27,0.52,2.77,28222689.0,541705416.75,8552.0
4090,2005-08-01,17.19,18.88,17.19,18.75,-0.26,-1.37,13817608.0,255382273.25,4706.0
4090,2005-07-31,19.01,19.14,18.75,19.01,0.13,0.69,9120003.0,172541250.25,3395.0
4090,2005-07-30,19.01,19.27,18.88,18.88,0.13,0.69,13746094.0,261137185.0,4605.0
4090,2005-07-28,18.75,19.01,18.62,18.75,-0.13,-0.69,7093754.0,133477992.5,2246.0
4090,2005-07-27,18.75,18.88,18.75,18.88,0.13,0.69,9114422.0,171343710.25,3467.0
4090,2005-07-26,18.49,19.27,18.49,18.75,0.13,0.7,26744594.0,507291511.25,7162.0
4090,2005-07-25,18.75,19.01,18.36,18.62,-0.26,-1.38,13103210.0,245211245.75,4937.0
4090,2005-07-24,19.14,19.53,18.62,18.88,-0.26,-1.36,41138029.0,786209976.5,12110.0
4090,2005-07-23,17.32,19.27,16.67,19.14,1.56,8.87,45232398.0,834661720.25,11705.0
4090,2005-07-21,17.58,18.1,17.45,17.58,0.0,0.0,8171850.0,143906183.0,2869.0
4090,2005-07-20,16.28,17.58,15.89,17.58,1.43,8.85,14274774.0,244543520.75,5445.0
4090,2005-07-19,15.76,16.15,15.11,16.15,1.56,10.69,10725644.0,170430096.0,3421.0
4090,2005-07-18,16.28,16.28,14.59,14.59,-1.69,-10.38,7973929.0,123061282.25,3326.0
4090,2005-07-17,17.58,17.58,15.76,16.28,-1.3,-7.39,4557971.0,76248048.5,2152.0
4090,2005-07-16,17.71,17.84,17.45,17.58,-0.26,-1.46,3386139.0,59495894.75,1648.0
4090,2005-07-14,17.97,18.1,17.71,17.84,-0.13,-0.72,2664464.0,47588044.0,1184.0
4090,2005-07-13,17.71,18.1,17.58,17.97,0.39,2.22,8654295.0,155218205.0,3339.0
4090,2005-07-12,17.97,18.23,17.45,17.58,-0.52,-2.87,8235279.0,146671502.0,3651.0
4090,2005-07-11,18.62,18.75,18.1,18.1,-0.52,-2.79,12922783.0,237331608.25,4371.0
4090,2005-07-10,17.97,18.75,17.84,18.62,0.52,2.87,23607528.0,435195487.5,6574.0
4090,2005-07-09,18.1,18.49,17.71,18.1,-0.52,-2.79,11381868.0,206046191.25,4378.0
4090,2005-07-07,19.14,19.27,18.36,18.62,-0.13,-0.69,29193229.0,556188935.75,8121.0
4090,2005-07-06,18.1,18.75,17.97,18.75,0.65,3.59,16153362.0,295082074.5,5178.0
4090,2005-07-05,18.49,18.49,17.97,18.1,-0.26,-1.42,8753648.0,158510877.5,3621.0
4090,2005-07-04,18.36,18.75,18.1,18.36,0.39,2.17,20375720.0,374995921.5,6434.0
4090,2005-07-03,17.97,18.62,17.58,17.97,0.26,1.47,17366001.0,312759365.75,5872.0
4090,2005-07-02,17.97,17.97,17.58,17.71,-0.26,-1.45,7028596.0,124670567.25,2868.0
4090,2005-06-30,18.1,18.1,17.58,17.97,-0.13,-0.72,4156498.0,74613155.25,1882.0
4090,2005-06-29,18.62,18.62,17.71,18.1,-0.65,-3.47,12045079.0,218403682.75,5342.0
4090,2005-06-28,18.88,19.53,18.62,18.75,0.0,0.0,28869341.0,549658203.0,9564.0
4090,2005-06-27,19.27,19.4,18.75,18.75,-0.26,-1.37,23757565.0,453870522.0,7908.0
4090,2005-06-26,17.97,19.4,17.58,19.01,1.17,6.56,45047254.0,845219644.25,10597.0
4090,2005-06-25,19.01,19.14,17.58,17.84,-1.04,-5.51,23867649.0,434683235.75,7035.0
4090,2005-06-23,17.19,18.88,16.28,18.88,1.69,9.83,17150010.0,306950617.25,4160.0
4090,2005-06-22,18.36,18.88,17.19,17.19,-1.82,-9.57,18532531.0,324246546.0,5046.0
4090,2005-06-21,20.19,20.19,18.36,19.01,-1.31,-6.45,14164596.0,273426317.25,5409.0
4090,2005-06-20,20.45,20.84,19.27,20.32,0.26,1.3,16074008.0,325558039.25,5512.0
4090,2005-06-19,21.75,22.27,19.53,20.06,-1.69,-7.77,24012513.0,508947514.0,7946.0
4090,2005-06-18,21.49,22.66,21.1,21.75,0.91,4.37,33719112.0,745831238.25,10686.0
4090,2005-06-16,19.27,20.84,19.27,20.84,1.96,10.38,31114190.0,625544772.5,7789.0
4090,2005-06-15,19.27,19.27,18.75,18.88,-0.13,-0.68,16581517.0,316311764.0,5401.0
4090,2005-06-14,18.62,19.27,18.36,19.01,0.78,4.28,39326158.0,741217267.5,9620.0
4090,2005-06-13,17.71,18.62,17.58,18.23,0.52,2.94,18975645.0,345399903.25,5745.0
4090,2005-06-12,17.97,18.1,17.58,17.71,-0.26,-1.45,8398350.0,149742232.25,2988.0
4090,2005-06-11,17.97,18.1,17.84,17.97,0.0,0.0,8670314.0,155476056.5,2922.0
4090,2005-06-09,17.97,18.1,17.84,17.97,0.0,0.0,3179264.0,57088267.75,1359.0
4090,2005-06-08,18.23,18.36,17.71,17.97,-0.26,-1.43,13860158.0,251734317.0,4415.0
4090,2005-06-07,18.1,18.75,18.1,18.23,0.13,0.72,23897103.0,440132082.5,6057.0
4090,2005-06-06,17.45,18.49,17.32,18.1,1.04,6.1,46403645.0,833806576.0,10229.0
4090,2005-06-05,16.93,17.32,16.54,17.06,0.13,0.77,20165639.0,343292023.0,5098.0
4090,2005-06-04,16.93,16.93,16.54,16.93,0.13,0.77,17891252.0,300104416.25,4343.0
4090,2005-06-02,16.67,17.06,16.67,16.8,0.13,0.78,10189790.0,171745102.0,2764.0
4090,2005-06-01,16.54,17.06,16.28,16.67,-0.13,-0.77,19426725.0,321967952.75,5354.0
4090,2005-05-31,16.67,17.32,16.28,16.8,0.13,0.78,19901550.0,336072424.75,6633.0
4090,2005-05-30,17.58,17.84,16.54,16.67,-1.17,-6.56,27828892.0,480315732.5,6860.0
4090,2005-05-29,17.84,18.23,17.45,17.84,1.04,6.19,44310916.0,795078871.0,10741.0
4090,2005-05-28,14.85,16.8,14.59,16.8,1.56,10.24,75963605.0,1227457299.75,12550.0
4090,2005-05-26,14.2,15.24,13.8,15.24,1.31,9.4,45837541.0,677091457.75,8215.0
4090,2005-05-25,14.85,14.98,13.28,13.93,-0.79,-5.37,41475925.0,581423151.5,9508.0
4090,2005-05-24,13.54,14.72,13.41,14.72,1.31,9.77,50763729.0,726926468.75,10099.0
4090,2005-05-23,13.54,13.54,13.28,13.41,0.0,0.0,12279993.0,165337275.0,3330.0
4090,2005-05-22,13.54,13.8,13.28,13.41,0.0,0.0,22530824.0,304602640.25,5298.0
4090,2005-05-21,13.15,13.67,12.89,13.41,0.39,3.0,22002284.0,293652937.75,5002.0
4090,2005-05-19,12.89,13.28,12.89,13.02,0.26,2.04,12728313.0,165937657.0,2692.0
4090,2005-05-18,13.02,13.02,12.76,12.76,-0.13,-1.01,7669970.0,98338024.0,2581.0
4090,2005-05-17,12.76,13.02,12.24,12.89,0.13,1.02,15689209.0,198591797.75,4592.0
4090,2005-05-16,13.8,13.8,12.63,12.76,-0.91,-6.66,22362356.0,293052312.5,6557.0
4090,2005-05-15,13.54,13.8,13.02,13.67,1.17,9.36,45897095.0,626214533.0,9536.0
4090,2005-05-14,11.46,12.5,10.94,12.5,1.04,9.08,23231483.0,268572192.25,2925.0
4090,2005-05-12,10.68,11.46,10.68,11.46,0.78,7.3,24297396.0,269596311.25,3737.0
4090,2005-05-11,10.55,10.68,10.42,10.68,0.26,2.5,11102344.0,117137037.75,1864.0
4090,2005-05-10,10.81,10.81,10.42,10.42,-0.39,-3.61,10062469.0,106147883.5,2159.0
4090,2005-05-09,10.94,11.07,10.55,10.81,-0.13,-1.19,16821676.0,181670545.75,3378.0
4090,2005-05-08,10.94,11.33,10.68,10.94,0.26,2.43,35675181.0,396542861.0,4589.0
4090,2005-05-07,10.42,10.81,10.42,10.68,0.52,5.12,26920222.0,284362187.5,3642.0
4090,2005-05-05,9.77,10.42,9.77,10.16,0.65,6.83,37142159.0,377302117.0,4249.0
4090,2005-05-04,9.51,9.9,9.38,9.51,0.0,0.0,19407452.0,188228313.5,2633.0
4090,2005-05-03,9.64,9.77,9.51,9.51,0.0,0.0,7806384.0,74882836.0,1251.0
4090,2005-05-02,9.77,9.77,9.38,9.51,-0.26,-2.66,9338745.0,90459063.25,1352.0
4090,2005-05-01,9.77,9.9,9.77,9.77,0.0,0.0,15011874.0,147927586.25,1589.0
4090,2005-04-30,9.77,9.9,9.64,9.77,0.13,1.35,13765696.0,135581233.0,1513.0
4090,2005-04-28,9.64,9.9,9.51,9.64,0.0,0.0,15751712.0,154058488.75,1685.0
4090,2005-04-27,9.77,10.03,9.64,9.64,-0.26,-2.63,50949190.0,502663489.75,5389.0
4090,2005-04-26,9.25,10.03,9.25,9.9,0.65,7.03,110036468.0,1068441834.75,9629.0
4090,2005-04-25,8.73,9.25,8.73,9.25,0.39,4.4,18680603.0,170960080.5,2226.0
4090,2005-04-24,8.46,9.51,8.46,8.86,0.26,3.02,36203335.0,326185001.0,4396.0
4090,2005-04-23,8.33,8.6,8.2,8.6,0.27,3.24,8309647.0,70272772.0,956.0
4090,2005-04-21,8.33,8.46,8.07,8.33,-0.13,-1.54,2194985.0,18246027.75,331.0
4090,2005-04-20,8.2,8.6,8.2,8.46,0.26,3.17,7674007.0,64330289.75,971.0
4090,2005-04-19,8.6,8.6,7.81,8.2,-0.4,-4.65,11558880.0,96143581.25,1539.0
4090,2005-04-18,8.46,8.6,8.33,8.6,0.14,1.65,7137030.0,60223641.5,1162.0
4090,2005-04-17,8.6,8.6,8.33,8.46,-0.14,-1.63,12237724.0,103601269.0,1945.0
4090,2005-04-16,8.07,8.73,8.07,8.6,0.53,6.57,25759846.0,219563009.75,3393.0
4090,2005-04-14,8.2,8.2,8.07,8.07,-0.13,-1.59,3274229.0,26558556.75,503.0
4090,2005-04-13,8.2,8.46,8.07,8.2,-0.13,-1.56,7415431.0,61697046.0,1123.0
4090,2005-04-12,8.86,8.99,8.2,8.33,-0.27,-3.14,39291062.0,338974957.0,4273.0
4090,2005-04-11,8.07,8.73,8.07,8.6,0.53,6.57,52504522.0,448545832.25,4140.0
4090,2005-04-10,8.07,8.07,7.94,8.07,0.0,0.0,2975723.0,23913078.25,438.0
4090,2005-04-09,7.94,8.07,7.81,8.07,0.13,1.64,9099629.0,73375185.5,980.0
4090,2005-04-07,7.81,8.07,7.81,7.94,0.13,1.66,1095158.0,8630201.75,185.0
4090,2005-04-06,7.94,8.07,7.68,7.81,-0.13,-1.64,2347187.0,18431592.75,371.0
4090,2005-04-05,8.07,8.07,7.94,7.94,0.0,0.0,3135708.0,25005740.75,390.0
4090,2005-04-04,8.07,8.07,7.94,7.94,-0.13,-1.61,1900424.0,15117671.75,313.0
4090,2005-04-03,7.81,8.07,7.81,8.07,0.13,1.64,4315907.0,34182687.25,498.0
4090,2005-04-02,7.81,7.94,7.81,7.94,0.13,1.66,1210416.0,9543874.75,294.0
4090,2005-03-31,7.94,8.07,7.81,7.81,-0.13,-1.64,1882356.0,14936116.5,302.0
4090,2005-03-30,7.94,8.07,7.81,7.94,0.0,0.0,3596725.0,28506207.0,474.0
4090,2005-03-29,8.07,8.07,7.81,7.94,0.0,0.0,2607883.0,20704581.5,476.0
4090,2005-03-28,8.07,8.07,7.94,7.94,0.0,0.0,5229326.0,42267453.0,685.0
4090,2005-03-27,8.07,8.07,7.94,7.94,-0.13,-1.61,3058226.0,24397543.5,608.0
4090,2005-03-26,8.07,8.2,8.07,8.07,0.0,0.0,6265260.0,50592411.5,891.0
4090,2005-03-24,8.07,8.07,8.07,8.07,0.0,0.0,3386688.0,27131894.75,669.0
4090,2005-03-23,8.46,8.6,8.07,8.07,-0.26,-3.12,31152165.0,261211304.0,4009.0
4090,2005-03-22,7.94,8.46,7.94,8.33,0.26,3.22,17664822.0,145960949.5,1850.0
4090,2005-03-21,8.07,8.07,7.81,8.07,0.0,0.0,2359053.0,18651457.5,355.0
4090,2005-03-20,8.07,8.07,7.68,8.07,0.0,0.0,3942541.0,31083407.5,592.0
4090,2005-03-19,8.33,8.46,7.94,8.07,-0.26,-3.12,6255512.0,50959390.25,1061.0
4090,2005-03-17,8.33,8.6,8.33,8.33,0.26,3.22,15421107.0,130266032.5,2251.0
4090,2005-03-16,7.94,8.2,7.81,8.07,0.26,3.33,17489122.0,140656485.25,1807.0
4090,2005-03-15,7.68,8.07,7.55,7.81,0.26,3.44,9852457.0,77242808.75,1018.0
4090,2005-03-14,7.81,7.81,7.55,7.55,-0.13,-1.69,2310254.0,17685179.75,402.0
4090,2005-03-13,7.68,7.81,7.55,7.68,0.0,0.0,2656998.0,20491585.0,423.0
4090,2005-03-12,7.81,7.81,7.68,7.68,-0.13,-1.66,1944940.0,15071028.75,283.0
4090,2005-03-10,7.81,7.81,7.68,7.81,0.0,0.0,1191258.0,9245134.75,198.0
4090,2005-03-09,7.81,7.94,7.68,7.81,0.0,0.0,4858162.0,37784430.0,716.0
4090,2005-03-08,7.81,7.94,7.68,7.81,0.0,0.0,2403745.0,18621564.0,400.0
4090,2005-03-07,7.94,7.94,7.81,7.81,-0.13,-1.64,2262825.0,17796621.75,375.0
4090,2005-03-06,8.07,8.07,7.81,7.94,-0.13,-1.61,3717049.0,29503303.0,497.0
4090,2005-03-05,7.94,8.07,7.94,8.07,0.13,1.64,9938108.0,80200382.5,847.0
4090,2005-03-03,7.94,7.94,7.94,7.94,0.0,0.0,1025752.0,8109206.5,174.0
4090,2005-03-02,8.07,8.07,7.81,7.94,-0.13,-1.61,6456804.0,51321198.75,769.0
4090,2005-03-01,7.94,8.07,7.81,8.07,0.26,3.33,15776708.0,126223730.75,1777.0
4090,2005-02-28,7.68,7.81,7.68,7.81,0.0,0.0,3439700.0,26731105.25,476.0
4090,2005-02-27,7.81,7.81,7.68,7.81,0.0,0.0,2799462.0,21762537.75,493.0
4090,2005-02-26,7.68,7.81,7.68,7.81,0.13,1.69,4366719.0,33931947.5,646.0
4090,2005-02-24,7.68,7.68,7.55,7.68,0.0,0.0,758914.0,5826230.25,153.0
4090,2005-02-23,7.81,7.94,7.68,7.68,0.0,0.0,3399479.0,26429878.0,520.0
4090,2005-02-22,7.42,7.81,7.42,7.68,0.26,3.5,5693643.0,43721281.25,810.0
4090,2005-02-21,7.42,7.42,7.29,7.42,0.0,0.0,1076516.0,7936297.0,232.0
4090,2005-02-20,7.42,7.42,7.29,7.42,0.13,1.78,2766134.0,20461779.5,415.0
4090,2005-02-19,7.42,7.42,7.29,7.29,-0.13,-1.75,1090104.0,7980047.25,244.0
4090,2005-02-17,7.42,7.42,7.29,7.42,0.0,0.0,601328.0,4398052.75,143.0
4090,2005-02-16,7.42,7.42,7.29,7.42,0.0,0.0,1429074.0,10560989.75,294.0
4090,2005-02-15,7.55,7.55,7.42,7.42,-0.13,-1.72,1789415.0,13542388.5,285.0
4090,2005-02-14,7.55,7.68,7.55,7.55,0.0,0.0,1295971.0,9829652.5,265.0
4090,2005-02-13,7.55,7.68,7.55,7.55,0.0,0.0,1309698.0,9961677.0,282.0
4090,2005-02-12,7.55,7.81,7.55,7.55,0.0,0.0,2202944.0,16885153.0,358.0
4090,2005-02-10,7.68,7.81,7.55,7.55,0.0,0.0,1278980.0,9774187.0,301.0
4090,2005-02-09,7.55,7.68,7.42,7.55,0.0,0.0,1400427.0,10629654.75,324.0
4090,2005-02-08,7.55,7.68,7.55,7.55,0.0,0.0,1036178.0,7885444.5,257.0
4090,2005-02-07,7.55,7.94,7.42,7.55,-0.13,-1.69,3657343.0,28278758.5,662.0
4090,2005-02-06,6.77,7.68,6.64,7.68,0.78,11.3,3715492.0,27103641.0,607.0
4090,2005-02-05,7.55,7.55,6.9,6.9,-0.65,-8.61,1990826.0,14072605.5,408.0
4090,2005-02-03,7.55,7.68,7.42,7.55,0.0,0.0,570235.0,4306625.75,147.0
4090,2005-02-02,7.81,7.81,7.55,7.55,-0.26,-3.33,1201872.0,9220286.5,232.0
4090,2005-02-01,7.55,7.94,7.55,7.81,0.13,1.69,1520542.0,11780749.25,334.0
4090,2005-01-31,8.07,8.07,7.55,7.68,-0.39,-4.83,1087798.0,8629192.0,254.0
4090,2005-01-30,8.2,8.2,8.07,8.07,-0.13,-1.59,1036763.0,8452730.75,247.0
4090,2005-01-29,8.2,8.46,8.2,8.2,-0.26,-3.07,390288.0,3240152.0,116.0
4090,2005-01-19,8.33,8.46,8.33,8.46,0.13,1.56,344461.0,2890639.25,77.0
4090,2005-01-18,8.46,8.6,8.33,8.33,-0.13,-1.54,1366502.0,11520766.75,264.0
4090,2005-01-17,8.46,8.6,8.46,8.46,0.0,0.0,506667.0,4287752.5,91.0
4090,2005-01-16,8.46,8.6,8.46,8.46,0.0,0.0,887663.0,7544655.0,161.0
4090,2005-01-15,8.46,8.6,8.33,8.46,0.0,0.0,1177355.0,10024226.75,260.0
4090,2005-01-13,8.6,8.6,8.46,8.46,-0.14,-1.63,719698.0,6104868.5,156.0
4090,2005-01-12,8.46,8.6,8.33,8.6,0.14,1.65,2029654.0,17288225.25,349.0
4090,2005-01-11,8.33,8.46,8.2,8.46,0.13,1.56,586115.0,4894562.5,180.0
4090,2005-01-10,8.33,8.46,8.33,8.33,0.0,0.0,876135.0,7301851.5,205.0
4090,2005-01-09,8.46,8.46,8.2,8.33,-0.13,-1.54,935433.0,7844224.5,228.0
4090,2005-01-08,8.46,8.6,8.46,8.46,-0.14,-1.63,620813.0,5260722.0,164.0
4090,2005-01-06,8.6,8.6,8.46,8.6,0.0,0.0,287037.0,2440636.25,62.0
4090,2005-01-05,8.6,8.6,8.46,8.6,0.14,1.65,1529762.0,13084663.0,287.0
4090,2005-01-04,8.6,8.6,8.46,8.46,-0.14,-1.63,880969.0,7499496.0,188.0
4090,2005-01-03,8.46,8.6,8.46,8.6,0.14,1.65,2411422.0,20641672.5,352.0
4090,2005-01-02,8.6,8.6,8.46,8.46,-0.14,-1.63,1118083.0,9476682.75,191.0
4090,2005-01-01,8.6,8.6,8.46,8.6,0.0,0.0,611194.0,5228675.75,153.0
4090,2004-12-30,8.6,8.6,8.6,8.6,0.0,0.0,158040.0,1351615.5,60.0
4090,2004-12-29,8.6,8.6,8.33,8.6,0.0,0.0,1447974.0,12385112.75,297.0
4090,2004-12-28,8.07,8.6,8.07,8.6,0.14,1.65,2588841.0,21836387.75,436.0
4090,2004-12-27,8.6,8.6,8.07,8.46,-0.14,-1.63,1820661.0,15440730.25,368.0
4090,2004-12-26,8.6,8.6,8.6,8.6,0.0,0.0,1187631.0,10281195.5,240.0
4090,2004-12-25,8.73,8.86,8.6,8.6,-0.26,-2.93,1185337.0,10385582.75,237.0
4090,2004-12-23,8.73,8.86,8.73,8.86,0.13,1.49,524923.0,4617789.75,82.0
4090,2004-12-22,8.73,8.73,8.73,8.73,0.0,0.0,1090933.0,9574393.25,148.0
4090,2004-12-21,8.73,8.86,8.73,8.73,0.0,0.0,1107938.0,9742910.0,178.0
4090,2004-12-20,8.73,8.86,8.73,8.73,0.0,0.0,1365285.0,11981260.25,241.0
4090,2004-12-19,8.86,8.86,8.73,8.73,-0.13,-1.47,1569785.0,13832635.75,298.0
4090,2004-12-18,8.99,8.99,8.73,8.86,-0.13,-1.45,3336135.0,29584499.75,447.0
4090,2004-12-16,8.99,9.12,8.99,8.99,0.0,0.0,800304.0,7219630.5,138.0
4090,2004-12-15,8.86,9.25,8.86,8.99,0.13,1.47,7200727.0,64990616.75,1000.0
4090,2004-12-14,8.86,8.99,8.73,8.86,0.0,0.0,3040567.0,26963700.75,414.0
4090,2004-12-13,8.73,8.86,8.73,8.86,0.13,1.49,1865457.0,16463268.25,306.0
4090,2004-12-12,8.73,8.86,8.73,8.73,0.0,0.0,1777186.0,15661390.5,350.0
4090,2004-12-11,8.86,8.86,8.6,8.73,0.0,0.0,2201493.0,19255259.25,338.0
4090,2004-12-09,8.86,8.86,8.73,8.73,-0.13,-1.47,801323.0,7071229.75,181.0
4090,2004-12-08,8.86,8.99,8.6,8.86,-0.13,-1.45,2087863.0,18343498.0,399.0
4090,2004-12-07,8.86,9.12,8.86,8.99,0.13,1.47,2649882.0,23733560.0,500.0
4090,2004-12-06,8.99,8.99,8.86,8.86,-0.13,-1.45,1655820.0,14729814.25,336.0
4090,2004-12-05,8.86,9.12,8.86,8.99,0.13,1.47,4034066.0,36245089.75,487.0
4090,2004-12-04,9.12,9.25,8.86,8.86,-0.39,-4.22,3813125.0,34289969.5,609.0
4090,2004-12-02,9.25,9.25,9.25,9.25,0.0,0.0,1870594.0,17244540.5,238.0
4090,2004-12-01,9.38,9.51,9.25,9.25,-0.13,-1.39,7124930.0,66766253.0,875.0
4090,2004-11-30,9.25,9.38,9.12,9.38,0.13,1.41,18998428.0,175986050.25,1440.0
4090,2004-11-29,9.25,9.25,9.12,9.25,0.0,0.0,4032100.0,36977182.0,350.0
4090,2004-11-28,9.12,9.25,9.12,9.25,0.13,1.43,3036775.0,27802266.75,399.0
4090,2004-11-27,9.12,9.25,9.12,9.12,0.0,0.0,2443429.0,22345594.5,269.0
4090,2004-11-25,9.12,9.25,8.99,9.12,-0.13,-1.41,1695938.0,15363242.75,197.0
4090,2004-11-24,9.12,9.25,9.12,9.25,0.13,1.43,3177496.0,28959329.25,331.0
4090,2004-11-23,9.25,9.25,9.12,9.12,-0.13,-1.41,1840730.0,16796405.0,277.0
4090,2004-11-22,9.12,9.25,9.12,9.25,0.13,1.43,3301976.0,30100270.5,376.0
4090,2004-11-21,9.25,9.25,9.12,9.12,0.0,0.0,2650350.0,24123470.75,309.0
4090,2004-11-20,9.12,9.25,8.99,9.12,0.0,0.0,3022930.0,27549084.0,358.0
4090,2004-11-10,9.12,9.12,9.12,9.12,0.0,0.0,925239.0,8409936.5,201.0
4090,2004-11-09,9.12,9.25,8.99,9.12,0.13,1.45,4932040.0,44912459.0,636.0
4090,2004-11-08,8.99,9.12,8.86,8.99,0.0,0.0,4671601.0,42027516.75,514.0
4090,2004-11-07,8.86,9.12,8.86,8.99,0.0,0.0,3636243.0,32668494.0,517.0
4090,2004-11-06,8.99,8.99,8.86,8.99,0.0,0.0,1304761.0,11638538.75,263.0
4090,2004-11-04,8.99,8.99,8.99,8.99,0.0,0.0,353612.0,3162042.0,53.0
4090,2004-11-03,8.99,9.12,8.99,8.99,0.0,0.0,1202131.0,10798038.25,232.0
4090,2004-11-02,8.99,9.12,8.86,8.99,0.13,1.47,2044071.0,18296764.75,323.0
4090,2004-11-01,8.99,9.12,8.86,8.86,-0.26,-2.85,3015113.0,26947549.0,412.0
4090,2004-10-31,9.12,9.25,8.99,9.12,0.0,0.0,2419894.0,21905625.5,339.0
4090,2004-10-30,8.99,9.25,8.86,9.12,0.13,1.45,11378839.0,103697576.0,1203.0
4090,2004-10-28,8.99,8.99,8.99,8.99,0.0,0.0,181376.0,1620919.75,44.0
4090,2004-10-27,8.99,8.99,8.99,8.99,0.0,0.0,1835839.0,16440784.25,304.0
4090,2004-10-26,8.99,8.99,8.86,8.99,0.0,0.0,2686837.0,24015170.25,360.0
4090,2004-10-25,8.99,8.99,8.73,8.99,0.0,0.0,4096147.0,36400022.25,510.0
4090,2004-10-24,8.99,9.12,8.86,8.99,0.0,0.0,2626559.0,23450003.25,365.0
4090,2004-10-23,8.99,9.12,8.86,8.99,0.0,0.0,3156619.0,28530594.0,433.0
4090,2004-10-21,8.86,8.99,8.73,8.99,0.13,1.47,1009707.0,8953714.5,165.0
4090,2004-10-20,9.12,9.25,8.86,8.86,-0.26,-2.85,2267996.0,20422835.0,414.0
4090,2004-10-19,9.25,9.51,9.12,9.12,0.0,0.0,14374362.0,134281902.5,1757.0
4090,2004-10-18,9.25,9.25,9.12,9.12,-0.13,-1.41,1495171.0,13619090.25,312.0
4090,2004-10-17,9.25,9.25,9.12,9.25,0.13,1.43,3409649.0,31427960.0,405.0
4090,2004-10-16,8.99,9.25,8.99,9.12,0.13,1.45,2190082.0,20097325.25,278.0
4090,2004-10-14,9.12,9.12,8.99,8.99,0.0,0.0,709915.0,6384113.25,130.0
4090,2004-10-13,9.12,9.25,8.99,8.99,-0.13,-1.43,1188497.0,10719126.0,244.0
4090,2004-10-12,9.12,9.25,9.12,9.12,0.0,0.0,2890378.0,26389146.0,428.0
4090,2004-10-11,9.25,9.25,9.12,9.12,-0.13,-1.41,3847787.0,35396637.25,537.0
4090,2004-10-10,8.6,9.38,8.6,9.25,0.52,5.96,9779751.0,89493056.75,1242.0
4090,2004-10-09,8.99,9.12,8.6,8.73,-0.26,-2.89,2490096.0,22064426.5,403.0
4090,2004-10-07,8.86,8.99,8.86,8.99,0.13,1.47,1354963.0,12079610.5,221.0
4090,2004-10-06,9.12,9.25,8.73,8.86,-0.13,-1.45,4820327.0,43252017.5,693.0
4090,2004-10-05,9.25,9.25,8.46,8.99,-0.39,-4.16,5223966.0,46562894.75,825.0
4090,2004-10-04,9.64,9.64,9.25,9.38,-0.26,-2.7,3410081.0,32352552.75,513.0
4090,2004-10-03,9.77,9.77,9.51,9.64,-0.13,-1.33,4440116.0,42741293.75,591.0
4090,2004-10-02,9.77,9.77,9.64,9.77,0.0,0.0,2429747.0,23558978.75,394.0
4090,2004-09-30,9.77,9.77,9.64,9.77,0.0,0.0,1381293.0,13388882.25,183.0
4090,2004-09-29,9.77,9.77,9.77,9.77,0.0,0.0,2341394.0,22751736.75,339.0
4090,2004-09-28,9.77,9.77,9.77,9.77,0.0,0.0,2069700.0,20188479.5,348.0
4090,2004-09-27,9.77,9.77,9.77,9.77,0.0,0.0,2941647.0,28825496.0,449.0
4090,2004-09-26,9.77,9.77,9.77,9.77,0.0,0.0,3428889.0,33549298.5,571.0
4090,2004-09-25,9.9,9.9,9.77,9.77,0.0,0.0,9749721.0,95838857.25,945.0
4090,2004-09-23,9.77,9.9,9.77,9.77,0.0,0.0,3318405.0,32619381.5,317.0
4090,2004-09-22,9.77,9.77,9.77,9.77,0.0,0.0,4902327.0,48054502.75,615.0
4090,2004-09-21,9.77,9.9,9.77,9.77,0.0,0.0,3827531.0,37830875.25,486.0
4090,2004-09-20,9.9,10.03,9.77,9.77,-0.13,-1.31,10874452.0,107597765.75,1052.0
4090,2004-09-19,9.77,9.9,9.77,9.9,0.13,1.33,9390821.0,93095342.25,873.0
4090,2004-09-18,9.77,9.9,9.77,9.77,-0.13,-1.31,5312671.0,52479687.25,668.0
4090,2004-09-16,9.9,9.9,9.77,9.9,0.0,0.0,4391540.0,43341986.5,526.0
4090,2004-09-15,10.03,10.16,9.9,9.9,-0.13,-1.3,12875622.0,128697309.0,1161.0
4090,2004-09-14,9.9,10.03,9.9,10.03,0.13,1.31,12572811.0,125448858.75,1179.0
4090,2004-09-13,10.03,10.16,9.77,9.9,-0.13,-1.3,24734939.0,246161534.25,2385.0
4090,2004-09-12,9.77,10.29,9.77,10.03,0.26,2.66,54209340.0,545273608.5,4255.0
4090,2004-09-11,9.64,9.77,9.64,9.77,0.0,0.0,4595325.0,44633864.0,585.0
4090,2004-09-09,9.77,9.77,9.77,9.77,0.0,0.0,2242263.0,21817239.75,302.0
4090,2004-09-08,9.77,9.77,9.77,9.77,0.0,0.0,3790738.0,37103545.0,611.0
4090,2004-09-07,9.9,9.9,9.77,9.77,0.0,0.0,18317839.0,181427838.75,1860.0
4090,2004-09-06,9.77,9.77,9.64,9.77,0.0,0.0,13556550.0,132459998.0,1450.0
4090,2004-09-05,9.64,9.77,9.38,9.77,0.13,1.35,6771740.0,65302605.0,809.0
4090,2004-09-04,9.77,9.77,9.64,9.64,-0.13,-1.33,5277635.0,51270666.25,646.0
4090,2004-09-02,9.77,9.77,9.64,9.77,0.13,1.35,2308769.0,22389501.25,274.0
4090,2004-09-01,9.77,9.77,9.51,9.64,-0.13,-1.33,10056512.0,97089052.5,1026.0
4090,2004-08-31,9.25,9.77,9.25,9.77,0.39,4.16,18623870.0,179021193.0,1251.0
4090,2004-08-30,9.9,10.03,9.25,9.38,-0.52,-5.25,20557014.0,201549640.0,1500.0
4090,2004-08-29,10.03,10.16,9.77,9.9,-0.13,-1.3,38472736.0,386744983.75,2809.0
4090,2004-08-28,9.77,10.03,9.77,10.03,0.26,2.66,25079469.0,250367483.5,2151.0
4090,2004-08-26,9.77,9.9,9.77,9.77,0.0,0.0,2391880.0,23482083.0,289.0
4090,2004-08-25,9.77,9.9,9.77,9.77,0.0,0.0,11193892.0,110065855.5,1096.0
4090,2004-08-24,9.77,9.9,9.64,9.77,0.0,0.0,7382349.0,72427885.0,733.0
4090,2004-08-23,9.77,9.9,9.77,9.77,0.0,0.0,12463394.0,122938011.25,1348.0
4090,2004-08-22,9.77,9.77,9.64,9.77,0.0,0.0,7833394.0,75955752.0,1003.0
4090,2004-08-21,9.77,9.9,9.64,9.77,0.0,0.0,12248363.0,119503909.25,1418.0
4090,2004-08-19,9.9,10.03,9.77,9.77,-0.13,-1.31,9916375.0,97766622.25,807.0
4090,2004-08-18,9.77,10.03,9.64,9.9,0.13,1.33,38723495.0,382597183.75,2927.0
4090,2004-08-17,9.51,9.77,9.51,9.77,0.13,1.35,5438566.0,52395677.0,632.0
4090,2004-08-16,9.64,9.77,9.64,9.64,0.0,0.0,9287137.0,90018160.25,948.0
4090,2004-08-15,9.77,9.77,9.51,9.64,-0.13,-1.33,7442124.0,71814304.25,822.0
4090,2004-08-14,9.77,9.77,9.64,9.77,0.13,1.35,11075302.0,107343070.5,1084.0
4090,2004-08-12,9.77,9.77,9.64,9.64,-0.13,-1.33,5551273.0,53932996.5,617.0
4090,2004-08-11,9.51,9.9,9.51,9.77,0.39,4.16,54987036.0,533746741.25,4616.0
4090,2004-08-10,9.38,9.51,9.25,9.38,0.13,1.41,16373180.0,154497608.25,1443.0
4090,2004-08-09,9.38,9.38,9.25,9.25,0.0,0.0,4804776.0,44898626.5,548.0
4090,2004-08-08,9.25,9.38,9.12,9.25,-0.13,-1.39,9554549.0,88621178.75,951.0
4090,2004-08-07,9.51,9.51,9.38,9.38,0.13,1.41,15084195.0,142753687.25,1259.0
4090,2004-08-05,9.25,9.25,9.25,9.25,0.0,0.0,5370506.0,49874178.0,617.0
4090,2004-08-04,9.25,9.25,9.25,9.25,0.0,0.0,4603529.0,42373888.5,507.0
4090,2004-08-03,9.12,9.25,9.12,9.25,0.13,1.43,4459683.0,40822651.75,511.0
4090,2004-08-02,9.12,9.25,9.12,9.12,0.0,0.0,3199755.0,29133975.5,397.0
4090,2004-08-01,9.12,9.25,9.12,9.12,-0.13,-1.41,3991036.0,36469582.5,442.0
4090,2004-07-31,9.25,9.25,9.12,9.25,0.0,0.0,3612710.0,32982329.75,407.0
4090,2004-07-29,9.25,9.25,9.25,9.25,0.0,0.0,2757474.0,25317588.75,239.0
4090,2004-07-28,9.25,9.25,9.25,9.25,0.0,0.0,10606468.0,98111132.25,982.0
4090,2004-07-27,9.12,9.25,9.12,9.25,0.13,1.43,11024875.0,101037043.75,798.0
4090,2004-07-26,9.25,9.25,8.99,9.12,-0.13,-1.41,5234054.0,47570609.5,588.0
4090,2004-07-25,9.12,9.25,9.12,9.25,0.26,2.89,15638702.0,143412163.0,1409.0
4090,2004-07-24,8.99,9.12,8.99,8.99,0.0,0.0,3732857.0,33675345.75,505.0
4090,2004-07-22,9.12,9.12,8.99,8.99,-0.13,-1.43,1279074.0,11525268.25,193.0
4090,2004-07-21,8.86,9.12,8.86,9.12,0.13,1.45,4970810.0,44768795.75,498.0
4090,2004-07-20,8.99,9.12,8.86,8.99,-0.13,-1.43,5675400.0,50976633.0,641.0
4090,2004-07-19,8.99,9.12,8.99,9.12,0.0,0.0,4638496.0,41914630.0,458.0
4090,2004-07-18,9.25,9.25,8.99,9.12,-0.13,-1.41,4533655.0,41141051.25,639.0
4090,2004-07-17,9.25,9.38,9.12,9.25,0.0,0.0,5829437.0,53841020.0,701.0
4090,2004-07-15,9.38,9.38,9.25,9.25,0.0,0.0,11125797.0,103906189.75,994.0
4090,2004-07-14,8.99,9.25,8.99,9.25,0.13,1.43,13221920.0,120972206.25,1168.0
4090,2004-07-13,9.25,9.25,8.73,9.12,-0.13,-1.41,12739852.0,114761973.5,1354.0
4090,2004-07-12,9.25,9.51,9.12,9.25,0.0,0.0,46630404.0,435231126.25,3634.0
4090,2004-07-11,9.12,9.25,8.99,9.25,0.13,1.43,16003828.0,145767731.75,1313.0
4090,2004-07-10,8.99,9.12,8.99,9.12,0.13,1.45,4840620.0,43658760.75,608.0
4090,2004-07-08,8.99,8.99,8.99,8.99,0.0,0.0,1801516.0,16191678.75,233.0
4090,2004-07-07,8.99,9.12,8.99,8.99,0.0,0.0,2624745.0,23590773.75,321.0
4090,2004-07-06,8.99,9.12,8.99,8.99,0.0,0.0,4091992.0,36806165.5,467.0
4090,2004-07-05,9.12,9.12,8.99,8.99,-0.13,-1.43,6200323.0,55775934.25,632.0
4090,2004-07-04,9.25,9.25,8.99,9.12,-0.13,-1.41,5564647.0,50422364.25,669.0
4090,2004-07-03,8.99,9.25,8.99,9.25,0.26,2.89,16458876.0,149771443.75,1185.0
4090,2004-07-01,8.99,9.12,8.99,8.99,0.0,0.0,5910957.0,53368215.5,513.0
4090,2004-06-30,8.99,9.12,8.99,8.99,0.0,0.0,15052412.0,136193013.25,1403.0
4090,2004-06-29,8.73,9.12,8.6,8.99,0.26,2.98,24359314.0,217557654.75,1908.0
4090,2004-06-28,8.6,8.99,8.6,8.73,0.13,1.51,16999529.0,149070976.0,1536.0
4090,2004-06-27,8.6,8.6,8.6,8.6,0.0,0.0,3314310.0,28588018.0,381.0
4090,2004-06-26,8.6,8.6,8.6,8.6,0.0,0.0,4996835.0,43124870.5,537.0
4090,2004-06-24,8.6,8.6,8.6,8.6,0.0,0.0,3079477.0,26613190.75,274.0
4090,2004-06-23,8.6,8.73,8.6,8.6,0.0,0.0,8414524.0,72927090.25,742.0
4090,2004-06-22,8.6,8.73,8.33,8.6,0.14,1.65,11671270.0,100510848.0,948.0
4090,2004-06-21,8.46,8.46,8.33,8.46,0.0,0.0,2524689.0,21205688.0,295.0
4090,2004-06-20,8.46,8.6,8.07,8.46,0.0,0.0,2490239.0,20720481.5,338.0
4090,2004-06-19,8.6,8.73,8.46,8.46,-0.14,-1.63,2702320.0,23238959.0,360.0
4090,2004-06-17,8.73,8.86,8.6,8.6,-0.13,-1.49,4637617.0,40785886.0,445.0
4090,2004-06-16,8.07,8.73,8.07,8.73,0.66,8.18,7292918.0,61814835.5,792.0
4090,2004-06-15,8.86,8.86,8.07,8.07,-0.79,-8.92,4662696.0,39651753.5,684.0
4090,2004-06-14,9.12,9.12,8.73,8.86,-0.13,-1.45,4409854.0,39322661.0,602.0
4090,2004-06-13,8.99,9.12,8.73,8.99,-0.13,-1.43,4818887.0,43413946.75,621.0
4090,2004-06-12,9.12,9.38,8.99,9.12,0.0,0.0,17028094.0,157062224.5,1451.0
4090,2004-06-10,8.99,9.25,8.99,9.12,0.26,2.93,7867413.0,71473961.25,626.0
4090,2004-06-09,8.6,9.12,8.6,8.86,0.13,1.49,21124769.0,188041197.0,1574.0
4090,2004-06-08,8.6,8.99,8.6,8.73,0.13,1.51,7227138.0,63148272.0,820.0
4090,2004-06-07,8.07,8.6,7.81,8.6,0.27,3.24,6267295.0,53154253.75,753.0
4090,2004-06-06,9.25,9.25,8.33,8.33,-0.92,-9.95,5611868.0,49179867.5,828.0
4090,2004-06-05,9.25,9.51,9.25,9.25,0.0,0.0,9590230.0,89687523.75,1041.0
4090,2004-06-03,9.25,9.51,9.12,9.25,0.26,2.89,9359342.0,87199086.0,865.0
4090,2004-06-02,8.46,9.25,8.46,8.99,0.13,1.47,8783804.0,78440071.75,908.0
4090,2004-06-01,8.99,10.03,8.73,8.86,-0.39,-4.22,14076044.0,136828665.25,1335.0
4090,2004-05-31,8.99,9.25,8.73,9.25,0.79,9.34,8838070.0,80241390.5,913.0
4090,2004-05-30,8.46,8.46,8.07,8.46,0.78,10.16,5773619.0,48491028.75,504.0
4090,2004-05-29,6.38,7.68,6.25,7.68,0.78,11.3,6189135.0,44794444.25,654.0
4090,2004-05-27,7.42,7.81,6.9,6.9,-0.78,-10.16,4347468.0,30761356.0,413.0
4090,2004-05-26,8.6,8.6,7.68,7.68,-0.92,-10.7,4150541.0,33629491.0,566.0
4090,2004-05-25,8.99,9.25,8.07,8.6,0.0,0.0,5780850.0,50243140.5,756.0
4090,2004-05-24,9.25,9.38,8.6,8.6,-0.91,-9.57,5825074.0,51394370.75,678.0
4090,2004-05-23,10.42,10.42,9.38,9.51,-0.91,-8.73,6379476.0,63220324.5,783.0
4090,2004-05-22,10.42,10.55,9.77,10.42,0.13,1.26,9473909.0,97926552.5,913.0
4090,2004-05-20,8.46,10.29,8.46,10.29,1.04,11.24,5320665.0,51721619.25,601.0
4090,2004-05-19,10.16,10.16,9.25,9.25,-1.17,-11.23,4637489.0,44095734.5,530.0
4090,2004-05-18,11.2,11.46,10.16,10.42,-0.78,-6.96,10916102.0,118088294.25,1086.0
4090,2004-05-17,11.59,11.72,11.2,11.2,-0.52,-4.44,25050436.0,288952971.5,1977.0
4090,2004-05-16,11.2,11.85,11.07,11.72,0.52,4.64,48034799.0,554214098.25,2929.0
4090,2004-05-15,11.46,11.46,11.2,11.2,-0.13,-1.15,14351016.0,162277947.5,1322.0
4090,2004-05-13,11.59,11.59,11.2,11.33,0.0,0.0,11012330.0,125328929.25,975.0
4090,2004-05-12,10.68,11.33,10.55,11.33,0.78,7.39,41276621.0,456355191.25,2972.0
4090,2004-05-11,10.16,10.68,10.16,10.55,0.0,0.0,11063200.0,115394479.25,1209.0
4090,2004-05-10,10.55,10.81,10.42,10.55,-0.13,-1.22,14401569.0,153284907.75,1371.0
4090,2004-05-09,10.94,10.94,10.42,10.68,-0.26,-2.38,17710017.0,190362604.0,1699.0
4090,2004-05-08,10.16,10.94,10.16,10.94,0.91,9.07,23141632.0,239800314.25,1942.0
4090,2004-05-06,10.03,10.16,10.03,10.03,0.0,0.0,2161623.0,21803323.5,217.0
4090,2004-05-05,9.9,10.03,9.9,10.03,0.13,1.31,2713062.0,27050168.5,367.0
4090,2004-05-04,9.9,10.03,9.77,9.9,-0.13,-1.3,3731663.0,37130732.5,458.0
4090,2004-05-03,10.03,10.29,9.9,10.03,-0.13,-1.28,8692982.0,88279837.75,860.0
4090,2004-05-02,10.03,10.29,9.77,10.16,0.0,0.0,10915856.0,110256130.25,982.0
4090,2004-05-01,10.16,10.29,10.03,10.16,0.39,3.99,24267403.0,247060509.75,1754.0
4090,2004-04-29,10.03,10.03,9.77,9.77,-0.13,-1.31,4013143.0,39877826.0,402.0
4090,2004-04-28,9.77,10.03,9.77,9.9,0.13,1.33,6670116.0,65863469.0,815.0
4090,2004-04-27,9.51,9.77,9.51,9.77,0.26,2.73,2647588.0,25588978.0,379.0
4090,2004-04-26,9.64,9.64,9.51,9.51,0.0,0.0,1567948.0,14925768.5,253.0
4090,2004-04-25,9.38,9.64,9.38,9.51,0.0,0.0,1641871.0,15662359.75,283.0
4090,2004-04-24,9.77,9.77,9.38,9.51,-0.13,-1.35,2795225.0,26859692.75,420.0
4090,2004-04-22,9.38,9.77,9.38,9.64,0.26,2.77,1461981.0,14092026.5,261.0
4090,2004-04-21,9.9,9.9,9.25,9.38,-0.52,-5.25,4031152.0,38925055.75,531.0
4090,2004-04-20,9.77,10.03,9.64,9.9,0.13,1.33,8932578.0,88481153.75,1017.0
4090,2004-04-19,9.77,9.9,9.51,9.77,0.0,0.0,4841052.0,47072807.0,657.0
4090,2004-04-18,10.03,10.03,9.77,9.77,-0.39,-3.84,8587274.0,85029807.75,952.0
4090,2004-04-17,10.42,10.42,9.77,10.16,-0.26,-2.5,27821227.0,283633056.5,2418.0
4090,2004-04-15,10.42,10.55,10.42,10.42,0.0,0.0,9360793.0,97913673.75,806.0
4090,2004-04-14,10.03,10.42,10.03,10.42,0.52,5.25,27848400.0,284190542.5,1997.0
4090,2004-04-13,10.03,10.03,9.77,9.9,0.0,0.0,13318513.0,132986936.25,1124.0
4090,2004-04-12,9.9,9.9,9.77,9.9,0.13,1.33,6031995.0,59417783.25,699.0
4090,2004-04-11,9.9,9.9,9.77,9.77,-0.13,-1.31,4564103.0,45168895.25,611.0
4090,2004-04-10,9.77,10.03,9.77,9.9,0.13,1.33,14975679.0,148510296.5,1397.0
4090,2004-04-08,9.77,9.77,9.77,9.77,0.0,0.0,2723022.0,26507341.5,352.0
4090,2004-04-07,9.77,9.77,9.51,9.77,0.0,0.0,11498880.0,111700322.5,1205.0
4090,2004-04-06,9.64,9.77,9.38,9.77,0.26,2.73,19450550.0,188710357.25,1703.0
4090,2004-04-05,9.38,9.77,9.38,9.51,0.13,1.39,12532566.0,119766946.75,1071.0
4090,2004-04-04,9.51,9.51,9.25,9.38,-0.13,-1.37,5564379.0,52466608.25,532.0
4090,2004-04-03,9.51,9.51,9.38,9.51,0.13,1.39,9482860.0,89922060.5,855.0
4090,2004-04-01,9.38,9.38,9.38,9.38,0.0,0.0,2393026.0,22529439.25,317.0
4090,2004-03-31,9.38,9.38,9.25,9.38,0.0,0.0,5847648.0,54819986.75,601.0
4090,2004-03-30,9.12,9.51,9.12,9.38,0.26,2.85,6524362.0,61049082.75,803.0
4090,2004-03-29,8.99,9.25,8.99,9.12,0.0,0.0,1836821.0,16732038.0,254.0
4090,2004-03-28,9.25,9.25,8.86,9.12,-0.13,-1.41,2864387.0,25996136.0,377.0
4090,2004-03-27,9.25,9.25,9.12,9.25,-0.13,-1.39,5318791.0,48968332.5,698.0
4090,2004-03-25,9.38,9.51,9.38,9.38,-0.13,-1.37,1347532.0,12706706.25,200.0
4090,2004-03-24,9.38,9.51,9.38,9.51,0.13,1.39,2359089.0,22242078.25,356.0
4090,2004-03-23,9.51,9.51,9.38,9.38,0.0,0.0,5982494.0,56579865.0,659.0
4090,2004-03-22,9.51,9.51,9.38,9.38,-0.13,-1.37,4414477.0,41638588.25,572.0
4090,2004-03-21,9.51,9.64,9.51,9.51,0.0,0.0,7228052.0,68953509.0,822.0
4090,2004-03-20,9.38,9.77,9.25,9.51,0.26,2.81,17671504.0,168252733.0,1753.0
4090,2004-03-18,8.86,9.38,8.86,9.25,0.39,4.4,14033318.0,129309564.5,1161.0
4090,2004-03-17,8.86,8.99,8.73,8.86,0.0,0.0,3100190.0,27411269.75,381.0
4090,2004-03-16,8.73,8.99,8.73,8.86,0.0,0.0,3618104.0,32043509.25,432.0
4090,2004-03-15,8.73,8.99,8.6,8.86,0.13,1.49,5166145.0,45712780.75,533.0
4090,2004-03-14,8.2,9.12,8.2,8.73,-0.39,-4.28,11067016.0,96729249.25,1219.0
4090,2004-03-13,9.51,9.51,9.12,9.12,-0.39,-4.1,10460151.0,96747164.5,1311.0
4090,2004-03-11,9.64,9.77,9.25,9.51,-0.26,-2.66,10029865.0,95403773.0,1102.0
4090,2004-03-10,9.77,10.16,9.64,9.77,0.26,2.73,45074709.0,447079151.0,3888.0
4090,2004-03-09,8.73,9.51,8.73,9.51,0.91,10.58,70187986.0,643919159.75,4397.0
4090,2004-03-08,8.6,8.73,8.33,8.6,0.0,0.0,32985067.0,283842136.75,2034.0
4090,2004-03-07,8.46,8.6,8.46,8.6,0.27,3.24,45925077.0,393080657.25,2289.0
4090,2004-03-06,7.94,8.46,7.94,8.33,0.39,4.91,50561289.0,417909728.5,2745.0
4090,2004-03-04,7.81,7.94,7.81,7.94,0.13,1.66,7508781.0,59452948.75,447.0
4090,2004-03-03,7.81,8.07,7.68,7.81,0.0,0.0,17126593.0,135149911.0,1137.0
4090,2004-03-02,7.81,7.81,7.68,7.81,-0.13,-1.64,6695287.0,52137366.5,474.0
4090,2004-03-01,7.94,8.07,7.68,7.94,0.0,0.0,15127998.0,119497282.5,1210.0
4090,2004-02-29,7.42,8.07,7.42,7.94,0.52,7.01,67169853.0,523217441.25,3838.0
4090,2004-02-28,7.16,7.42,7.16,7.42,0.26,3.63,37366659.0,273838206.5,2121.0
4090,2004-02-26,7.03,7.16,7.03,7.16,0.13,1.85,9673410.0,68711125.0,514.0
4090,2004-02-25,6.9,7.03,6.9,7.03,0.13,1.88,9722854.0,68114909.75,590.0
4090,2004-02-24,6.9,7.03,6.9,6.9,0.0,0.0,7455640.0,51809782.5,369.0
4090,2004-02-23,6.9,7.03,6.77,6.9,0.0,0.0,6206337.0,43199336.75,429.0
4090,2004-02-22,7.03,7.03,6.9,6.9,-0.13,-1.85,5938353.0,41488829.0,447.0
4090,2004-02-21,6.9,7.16,6.9,7.03,0.0,0.0,14347306.0,101359958.75,766.0
4090,2004-02-19,7.03,7.03,6.9,7.03,0.0,0.0,5538411.0,38752727.25,365.0
4090,2004-02-18,7.03,7.16,6.9,7.03,0.13,1.88,38418530.0,271551897.25,1698.0
4090,2004-02-17,6.77,6.9,6.77,6.9,0.13,1.92,36719387.0,251461198.5,1699.0
4090,2004-02-16,6.64,6.77,6.64,6.77,0.13,1.96,12904189.0,85970062.5,584.0
4090,2004-02-15,6.64,6.64,6.51,6.64,0.0,0.0,3073591.0,20269002.75,209.0
4090,2004-02-14,6.64,6.64,6.51,6.64,0.0,0.0,3484838.0,23000614.5,228.0
4090,2004-02-12,6.64,6.64,6.51,6.64,0.0,0.0,2065301.0,13658430.0,147.0
4090,2004-02-11,6.64,6.77,6.64,6.64,0.0,0.0,6149288.0,40821194.5,412.0
4090,2004-02-10,6.51,6.77,6.51,6.64,0.13,2.0,16527079.0,109554643.25,946.0
4090,2004-02-09,6.51,6.51,6.38,6.51,0.0,0.0,4300296.0,27808204.25,360.0
4090,2004-02-08,6.64,6.64,6.38,6.51,-0.13,-1.96,9108231.0,59444561.5,597.0
4090,2004-02-07,6.25,6.77,6.25,6.64,0.39,6.24,37846001.0,250573441.25,1794.0
4090,2004-01-28,6.25,6.25,6.25,6.25,0.0,0.0,5535531.0,34502953.0,319.0
4090,2004-01-27,6.12,6.25,6.12,6.25,0.0,0.0,11777129.0,73166026.0,420.0
4090,2004-01-26,6.25,6.25,6.25,6.25,0.0,0.0,7315586.0,45364675.0,378.0
4090,2004-01-25,5.99,6.25,5.99,6.25,0.26,4.34,29099598.0,179150192.75,1213.0
4090,2004-01-24,5.99,6.12,5.99,5.99,-0.13,-2.12,4478723.0,26917255.25,285.0
4090,2004-01-22,5.99,6.12,5.99,6.12,0.0,0.0,3451520.0,20850238.0,242.0
4090,2004-01-21,6.12,6.25,5.86,6.12,-0.13,-2.08,28489727.0,175948812.5,1636.0
4090,2004-01-20,5.73,6.25,5.73,6.25,0.65,11.61,82198086.0,492150684.25,3268.0
4090,2004-01-19,5.6,5.6,5.47,5.6,0.13,2.38,10261750.0,57099997.25,565.0
4090,2004-01-18,5.6,5.6,5.47,5.47,-0.13,-2.32,3056517.0,16892942.5,179.0
4090,2004-01-17,5.6,5.6,5.47,5.6,0.13,2.38,2715473.0,14960522.5,175.0
4090,2004-01-15,5.21,5.47,5.21,5.47,0.13,2.43,1552184.0,8415844.0,91.0
4090,2004-01-14,5.6,5.6,5.21,5.34,-0.26,-4.64,4316797.0,23597286.75,269.0
4090,2004-01-13,5.6,5.6,5.47,5.6,0.13,2.38,9427087.0,52551867.0,493.0
4090,2004-01-12,5.47,5.6,5.34,5.47,0.0,0.0,5956667.0,32634851.0,375.0
4090,2004-01-11,5.47,5.47,5.34,5.47,0.13,2.43,1652345.0,8941986.75,147.0
4090,2004-01-10,5.47,5.47,5.34,5.34,0.0,0.0,1321330.0,7127692.25,120.0
4090,2004-01-08,5.47,5.47,5.34,5.34,0.0,0.0,358386.0,1932599.5,45.0
4090,2004-01-07,5.34,5.47,5.34,5.34,-0.13,-2.38,1684058.0,9074380.5,150.0
4090,2004-01-06,5.34,5.47,5.34,5.47,0.13,2.43,1866335.0,10051098.25,179.0
4090,2004-01-05,5.34,5.47,5.34,5.34,0.0,0.0,805570.0,4336156.0,91.0
4090,2004-01-04,5.34,5.47,5.34,5.34,0.0,0.0,680623.0,3662117.25,97.0
4090,2004-01-03,5.34,5.47,5.34,5.34,-0.13,-2.38,1099101.0,5908436.5,101.0
4090,2004-01-01,5.34,5.47,5.34,5.47,0.0,0.0,626839.0,3381128.75,60.0
4090,2003-12-31,5.6,5.6,5.34,5.47,-0.13,-2.32,4788251.0,26274987.25,411.0
4090,2003-12-30,5.34,5.6,5.21,5.6,0.26,4.87,6044903.0,32913441.5,474.0
4090,2003-12-29,5.21,5.34,5.21,5.34,0.13,2.5,1749499.0,9313047.0,166.0
4090,2003-12-28,5.21,5.21,5.08,5.21,0.13,2.56,883181.0,4613663.5,95.0
4090,2003-12-27,5.21,5.21,5.08,5.08,-0.13,-2.5,520711.0,2697635.0,78.0
4090,2003-12-25,5.21,5.21,5.08,5.21,0.0,0.0,606899.0,3162317.0,58.0
4090,2003-12-24,5.34,5.34,5.21,5.21,-0.13,-2.43,1728914.0,9089245.75,168.0
4090,2003-12-23,5.08,5.34,5.08,5.34,0.26,5.12,3121664.0,16492578.0,215.0
4090,2003-12-22,5.34,5.34,5.08,5.08,-0.26,-4.87,1735877.0,9082206.25,165.0
4090,2003-12-21,5.47,5.47,5.34,5.34,-0.13,-2.38,2303712.0,12432845.75,184.0
4090,2003-12-20,5.47,5.6,5.34,5.47,0.0,0.0,5046722.0,27534080.5,371.0
4090,2003-12-18,5.34,5.47,5.34,5.47,0.0,0.0,516089.0,2778391.75,46.0
4090,2003-12-17,5.47,5.47,5.34,5.47,0.0,0.0,960218.0,5201330.25,89.0
4090,2003-12-16,5.34,5.47,5.34,5.47,0.13,2.43,751680.0,4056759.5,70.0
4090,2003-12-15,5.34,5.47,5.34,5.34,0.0,0.0,1398730.0,7553076.25,130.0
4090,2003-12-14,5.34,5.47,5.34,5.34,0.0,0.0,1422920.0,7681114.5,140.0
4090,2003-12-13,5.34,5.47,5.34,5.34,0.0,0.0,1025844.0,5509350.75,127.0
4090,2003-12-11,5.34,5.34,5.21,5.34,0.0,0.0,810474.0,4327321.75,84.0
4090,2003-12-10,5.47,5.47,5.34,5.34,-0.13,-2.38,2637747.0,14193820.0,208.0
4090,2003-12-09,5.47,5.47,5.47,5.47,0.0,0.0,878932.0,4786464.0,94.0
4090,2003-12-08,5.47,5.47,5.47,5.47,0.0,0.0,2656787.0,14518402.25,214.0
4090,2003-12-07,5.47,5.47,5.34,5.47,0.0,0.0,2351424.0,12706569.75,236.0
4090,2003-12-06,5.47,5.47,5.47,5.47,0.0,0.0,2025289.0,11051872.75,182.0
4090,2003-12-04,5.47,5.6,5.47,5.47,0.0,0.0,2226349.0,12250442.25,143.0
4090,2003-12-03,5.6,5.6,5.47,5.47,0.0,0.0,1969105.0,10788220.25,202.0
4090,2003-12-02,5.47,5.6,5.34,5.47,0.0,0.0,6857226.0,37480031.25,636.0
4090,2003-12-01,5.6,5.6,5.47,5.47,-0.13,-2.32,10363092.0,57281551.25,582.0
4090,2003-11-30,5.08,5.6,5.08,5.6,0.52,10.24,14422037.0,77238120.0,801.0
4090,2003-11-29,4.95,5.08,4.95,5.08,0.13,2.63,6287459.0,31794163.75,386.0
4090,2003-11-20,4.95,4.95,4.82,4.95,0.13,2.7,784822.0,3833884.0,91.0
4090,2003-11-19,4.82,5.08,4.82,4.82,0.0,0.0,4917294.0,24135819.5,480.0
4090,2003-11-18,4.82,4.82,4.82,4.82,0.0,0.0,557913.0,2677736.5,71.0
4090,2003-11-17,4.82,4.82,4.82,4.82,0.0,0.0,687996.0,3322497.0,51.0
4090,2003-11-16,4.95,4.95,4.82,4.82,-0.13,-2.63,2513747.0,12258155.5,196.0
4090,2003-11-15,4.69,4.95,4.69,4.95,0.26,5.54,2600498.0,12549002.0,226.0
4090,2003-11-13,4.69,4.69,4.69,4.69,0.0,0.0,72672.0,343182.5,15.0
4090,2003-11-12,4.69,4.82,4.69,4.69,0.0,0.0,2223083.0,10524482.0,123.0
4090,2003-11-11,4.69,4.82,4.69,4.69,0.0,0.0,750955.0,3545112.25,83.0
4090,2003-11-10,4.69,4.82,4.69,4.69,0.0,0.0,3831591.0,18342172.5,297.0
4090,2003-11-09,4.69,4.69,4.69,4.69,0.0,0.0,1908453.0,8964508.75,145.0
4090,2003-11-08,4.56,4.69,4.56,4.69,0.13,2.85,1140856.0,5348301.5,124.0
4090,2003-11-06,4.56,4.69,4.56,4.56,0.0,0.0,171440.0,795201.0,20.0
4090,2003-11-05,4.69,4.69,4.56,4.56,-0.13,-2.77,1123420.0,5209792.25,103.0
4090,2003-11-04,4.56,4.82,4.56,4.69,0.13,2.85,2532543.0,11890384.5,194.0
4090,2003-11-03,4.43,4.56,4.43,4.56,0.13,2.93,2434030.0,11091030.0,107.0
4090,2003-11-02,4.43,4.56,4.43,4.43,0.0,0.0,766205.0,3469641.0,57.0
4090,2003-11-01,4.43,4.56,4.43,4.43,0.0,0.0,489056.0,2187639.75,35.0
4090,2003-10-30,4.43,4.43,4.43,4.43,0.0,0.0,150002.0,669235.0,15.0
4090,2003-10-29,4.43,4.56,4.43,4.43,0.0,0.0,1221836.0,5537942.0,115.0
4090,2003-10-28,4.3,4.43,4.3,4.43,0.13,3.02,674574.0,2953490.25,83.0
4090,2003-10-27,4.43,4.43,4.3,4.3,-0.13,-2.93,517761.0,2236590.5,57.0
4090,2003-10-26,4.43,4.43,4.43,4.43,0.0,0.0,264592.0,1174563.0,38.0
4090,2003-10-25,4.56,4.56,4.43,4.43,0.0,0.0,251753.0,1129247.75,44.0
4090,2003-10-23,4.56,4.56,4.43,4.43,-0.13,-2.85,142629.0,647439.75,24.0
4090,2003-10-22,4.56,4.69,4.43,4.56,-0.13,-2.77,664252.0,3037028.75,79.0
4090,2003-10-21,4.43,4.69,4.43,4.69,0.26,5.87,1838566.0,8497681.0,200.0
4090,2003-10-20,4.56,4.56,4.43,4.43,-0.13,-2.85,1445716.0,6424516.5,152.0
4090,2003-10-19,4.56,4.69,4.43,4.56,-0.13,-2.77,1389204.0,6419935.75,114.0
4090,2003-10-18,4.82,4.82,4.69,4.69,-0.13,-2.7,1203874.0,5683148.75,84.0
4090,2003-10-16,5.08,5.08,4.82,4.82,-0.26,-5.12,554344.0,2710038.0,44.0
4090,2003-10-15,4.69,5.08,4.69,5.08,0.39,8.32,2979726.0,14476722.25,226.0
4090,2003-10-14,4.69,4.82,4.43,4.69,-0.13,-2.7,1363214.0,6399411.0,128.0
4090,2003-10-13,4.95,4.95,4.69,4.82,-0.13,-2.63,993067.0,4775969.5,115.0
4090,2003-10-12,5.08,5.08,4.95,4.95,-0.13,-2.56,595780.0,2937569.0,61.0
4090,2003-10-11,5.08,5.08,4.69,5.08,0.0,0.0,682274.0,3365593.5,85.0
4090,2003-10-09,5.08,5.08,5.08,5.08,0.0,0.0,295428.0,1487276.25,25.0
4090,2003-10-08,5.08,5.08,5.08,5.08,0.0,0.0,644030.0,3262453.5,62.0
4090,2003-10-07,5.08,5.08,5.08,5.08,0.0,0.0,1181381.0,6000791.75,94.0
4090,2003-10-06,5.08,5.08,5.08,5.08,0.0,0.0,613979.0,3116109.0,81.0
4090,2003-10-05,5.08,5.21,5.08,5.08,-0.13,-2.5,539774.0,2766966.5,80.0
4090,2003-10-04,5.34,5.34,5.08,5.21,0.0,0.0,1167607.0,6035902.0,112.0
4090,2003-10-02,5.21,5.34,5.21,5.21,0.0,0.0,667774.0,3501853.5,74.0
4090,2003-10-01,5.34,5.34,5.21,5.21,-0.13,-2.43,2236963.0,11884275.0,181.0
4090,2003-09-30,5.34,5.47,5.08,5.34,0.26,5.12,10937084.0,58215751.0,823.0
4090,2003-09-29,5.21,5.21,5.08,5.08,0.0,0.0,3275563.0,16779812.25,279.0
4090,2003-09-28,5.08,5.21,5.08,5.08,0.0,0.0,5928605.0,30159064.5,352.0
4090,2003-09-27,5.08,5.08,4.95,5.08,0.0,0.0,2381874.0,11921820.25,161.0
4090,2003-09-25,5.08,5.08,4.82,5.08,0.39,8.32,2503298.0,12647477.5,170.0
4090,2003-09-24,4.43,4.69,4.3,4.69,0.39,9.07,2229332.0,10323777.5,180.0
4090,2003-09-23,4.69,4.69,4.3,4.3,-0.52,-10.79,2327480.0,10302688.0,163.0
4090,2003-09-22,5.08,5.08,4.69,4.82,-0.13,-2.63,1249338.0,6056584.5,120.0
4090,2003-09-21,5.08,5.08,4.56,4.95,-0.13,-2.56,1041000.0,5001755.5,125.0
4090,2003-09-20,5.34,5.34,5.08,5.08,-0.26,-4.87,1166473.0,5978886.25,126.0
4090,2003-09-18,5.21,5.47,5.21,5.34,0.13,2.5,929487.0,4933758.25,74.0
4090,2003-09-17,5.6,5.6,4.95,5.21,-0.13,-2.43,2773788.0,15032639.0,260.0
4090,2003-09-16,4.56,5.34,4.56,5.34,0.26,5.12,2387117.0,12201778.5,226.0
4090,2003-09-15,5.6,5.6,5.08,5.08,-0.52,-9.29,2430767.0,12925724.75,209.0
4090,2003-09-14,5.6,5.6,5.6,5.6,0.0,0.0,4586561.0,25945195.75,299.0
4090,2003-09-13,5.6,5.6,5.6,5.6,0.0,0.0,4421148.0,24889093.75,203.0
4090,2003-09-11,5.6,5.6,5.6,5.6,0.0,0.0,1209140.0,6829591.5,91.0
4090,2003-09-10,5.6,5.73,5.6,5.6,0.0,0.0,3257787.0,18471181.5,212.0
4090,2003-09-09,5.6,5.73,5.6,5.6,0.0,0.0,5353044.0,30366720.5,386.0
4090,2003-09-08,5.6,5.73,5.6,5.6,0.13,2.38,11460135.0,64594179.5,641.0
4090,2003-09-07,5.47,5.6,5.47,5.47,0.0,0.0,7746878.0,42511524.25,416.0
4090,2003-09-06,5.6,5.6,5.34,5.47,-0.13,-2.32,6734691.0,36776197.75,379.0
4090,2003-09-04,5.47,5.6,5.47,5.6,0.13,2.38,6352512.0,34764916.75,291.0
4090,2003-09-03,5.47,5.47,5.34,5.47,0.0,0.0,3049998.0,16544575.25,251.0
4090,2003-09-02,5.6,5.6,5.34,5.47,-0.13,-2.32,10451269.0,57216929.75,642.0
4090,2003-09-01,5.21,5.6,5.08,5.6,0.52,10.24,36444286.0,197620811.25,1392.0
4090,2003-08-31,5.21,5.21,5.08,5.08,0.0,0.0,14765609.0,76527044.5,485.0
4090,2003-08-30,5.08,5.34,5.08,5.08,0.0,0.0,26040435.0,135125610.5,724.0
4090,2003-08-28,5.08,5.08,5.08,5.08,0.0,0.0,1558866.0,7805215.25,94.0
4090,2003-08-27,5.08,5.08,5.08,5.08,0.0,0.0,4779417.0,24066732.5,292.0
4090,2003-08-26,5.08,5.08,5.08,5.08,0.0,0.0,4925766.0,24747989.25,278.0
4090,2003-08-25,5.08,5.08,4.95,5.08,0.0,0.0,4778772.0,23989635.0,257.0
4090,2003-08-24,5.08,5.08,5.08,5.08,0.0,0.0,11309267.0,57480580.75,516.0
4090,2003-08-23,5.08,5.08,4.95,5.08,0.0,0.0,5445049.0,27344563.25,328.0
4090,2003-08-21,5.08,5.08,4.95,5.08,0.0,0.0,1552723.0,7717156.0,115.0
4090,2003-08-20,4.95,5.08,4.95,5.08,0.13,2.63,12227355.0,61371020.75,637.0
4090,2003-08-19,4.95,5.08,4.82,4.95,0.13,2.7,11904451.0,58552754.0,574.0
4090,2003-08-18,4.95,4.95,4.82,4.82,-0.13,-2.63,4698974.0,22884984.5,334.0
4090,2003-08-17,4.82,4.95,4.82,4.95,0.13,2.7,8924105.0,43081167.75,402.0
4090,2003-08-16,4.82,4.82,4.82,4.82,0.0,0.0,1839455.0,8830528.25,157.0
4090,2003-08-14,4.82,4.82,4.82,4.82,0.0,0.0,700296.0,3352199.25,74.0
4090,2003-08-13,4.82,4.82,4.69,4.82,0.0,0.0,3670905.0,17527881.0,210.0
4090,2003-08-12,4.82,4.95,4.82,4.82,0.0,0.0,10833740.0,52662477.5,564.0
4090,2003-08-11,4.82,4.82,4.69,4.82,0.13,2.77,5599931.0,26730515.5,302.0
4090,2003-08-10,4.69,4.82,4.56,4.69,0.0,0.0,10786533.0,51293907.5,482.0
4090,2003-08-09,4.56,4.69,4.56,4.69,0.13,2.85,1210965.0,5596703.75,134.0
4090,2003-08-07,4.56,4.56,4.56,4.56,0.0,0.0,540828.0,2483284.25,54.0
4090,2003-08-06,4.69,4.69,4.56,4.56,-0.13,-2.77,1451170.0,6715677.0,140.0
4090,2003-08-05,4.56,4.69,4.56,4.69,0.13,2.85,4042914.0,18817286.25,246.0
4090,2003-08-04,4.69,4.69,4.43,4.56,0.0,0.0,7173297.0,32515468.75,265.0
4090,2003-08-03,4.82,4.95,4.56,4.56,-0.26,-5.39,14917692.0,70493215.75,579.0
4090,2003-08-02,4.69,4.95,4.69,4.82,0.13,2.77,6743830.0,32591954.75,307.0
4090,2003-07-31,4.69,4.69,4.56,4.69,0.0,0.0,1357994.0,6325582.5,91.0
4090,2003-07-30,4.95,4.95,4.56,4.69,-0.26,-5.25,5228718.0,24666805.75,287.0
4090,2003-07-29,5.08,5.08,4.95,4.95,0.0,0.0,4826952.0,23741464.25,289.0
4090,2003-07-28,4.95,5.08,4.95,4.95,-0.13,-2.56,4885639.0,24342054.5,221.0
4090,2003-07-27,5.08,5.08,4.95,5.08,0.0,0.0,4131711.0,20789284.0,255.0
4090,2003-07-26,5.08,5.08,4.95,5.08,0.13,2.63,4494860.0,22465256.25,245.0
4090,2003-07-24,4.95,5.08,4.82,4.95,0.0,0.0,5596877.0,27673986.25,244.0
4090,2003-07-23,5.08,5.08,4.82,4.95,-0.13,-2.56,6365759.0,31447117.75,398.0
4090,2003-07-22,5.21,5.21,4.69,5.08,-0.13,-2.5,19057070.0,96617055.5,705.0
4090,2003-07-21,4.95,5.34,4.95,5.21,0.26,5.25,51664629.0,269583252.25,1694.0
4090,2003-07-20,4.43,4.95,4.43,4.95,0.52,11.74,59045969.0,281347361.5,1420.0
4090,2003-07-19,4.43,4.56,4.43,4.43,0.0,0.0,14632037.0,65971211.0,410.0
4090,2003-07-17,4.43,4.43,4.43,4.43,0.0,0.0,3065060.0,13467509.25,114.0
4090,2003-07-16,4.43,4.43,4.43,4.43,0.0,0.0,8187041.0,36517327.0,255.0
4090,2003-07-15,4.69,4.69,4.43,4.43,-0.26,-5.54,19486383.0,89184259.75,468.0
4090,2003-07-14,4.43,4.69,4.43,4.69,0.26,5.87,53037519.0,243166981.25,992.0
4090,2003-07-13,4.43,4.43,4.43,4.43,0.13,3.02,30569396.0,134063936.75,782.0
4090,2003-07-12,4.17,4.3,4.17,4.3,0.26,6.44,42050443.0,177032537.75,773.0
4090,2003-07-10,4.17,4.17,4.04,4.04,0.0,0.0,16562292.0,68104160.0,420.0
4090,2003-07-09,3.91,4.04,3.91,4.04,0.13,3.32,49113478.0,196597803.5,1291.0
4090,2003-07-08,3.91,3.91,3.78,3.91,0.13,3.44,7975872.0,30483588.5,373.0
4090,2003-07-07,3.91,3.91,3.78,3.78,-0.13,-3.32,10379745.0,39420571.0,377.0
4090,2003-07-06,3.78,4.04,3.78,3.91,0.13,3.44,42979158.0,167585105.75,1292.0
4090,2003-07-05,3.65,3.78,3.65,3.78,0.13,3.56,14966785.0,55612522.0,380.0
4090,2003-07-03,3.65,3.65,3.65,3.65,0.0,0.0,113056.0,410787.5,9.0
4090,2003-07-02,3.65,3.65,3.65,3.65,0.0,0.0,308780.0,1118567.25,19.0
4090,2003-07-01,3.65,3.65,3.65,3.65,0.0,0.0,553419.0,2008162.5,31.0
4090,2003-06-30,3.65,3.65,3.65,3.65,0.0,0.0,546619.0,1990530.75,42.0
4090,2003-06-29,3.65,3.65,3.65,3.65,0.0,0.0,2522560.0,9226805.75,138.0
4090,2003-06-28,3.65,3.65,3.65,3.65,0.0,0.0,1866020.0,6760756.75,60.0
4090,2003-06-26,3.65,3.65,3.65,3.65,0.13,3.69,379065.0,1368952.5,25.0
4090,2003-06-25,3.52,3.52,3.52,3.52,-0.13,-3.56,337310.0,1202708.0,34.0
4090,2003-06-24,3.52,3.65,3.52,3.65,0.0,0.0,349258.0,1250849.5,29.0
4090,2003-06-23,3.52,3.65,3.52,3.65,0.13,3.69,624839.0,2243319.25,42.0
4090,2003-06-22,3.65,3.65,3.52,3.52,-0.13,-3.56,1033183.0,3711425.0,61.0
4090,2003-06-21,3.65,3.65,3.65,3.65,0.0,0.0,545379.0,1973890.5,49.0
4090,2003-06-19,3.78,3.78,3.65,3.65,0.0,0.0,144454.0,528889.0,14.0
4090,2003-06-18,3.65,3.78,3.65,3.65,0.0,0.0,4245049.0,15609239.75,167.0
4090,2003-06-17,3.65,3.78,3.52,3.65,0.0,0.0,6332372.0,23167603.0,316.0
4090,2003-06-16,3.52,3.65,3.52,3.65,0.13,3.69,1526170.0,5446664.0,85.0
4090,2003-06-15,3.52,3.52,3.52,3.52,0.0,0.0,1141079.0,4026792.0,40.0
4090,2003-06-14,3.52,3.52,3.52,3.52,0.0,0.0,483988.0,1719503.25,47.0
4090,2003-06-12,3.52,3.52,3.52,3.52,0.0,0.0,290418.0,1017037.5,12.0
4090,2003-06-11,3.52,3.52,3.52,3.52,0.0,0.0,1728037.0,6057304.25,79.0
4090,2003-06-10,3.65,3.65,3.52,3.52,-0.13,-3.56,2268254.0,8098463.0,77.0
4090,2003-06-09,3.65,3.65,3.65,3.65,0.0,0.0,1740277.0,6267720.75,96.0
4090,2003-06-08,3.52,3.65,3.52,3.65,0.13,3.69,1794997.0,6478237.25,90.0
4090,2003-06-07,3.65,3.65,3.52,3.52,-0.13,-3.56,1813288.0,6507646.75,93.0
4090,2003-06-05,3.65,3.65,3.65,3.65,0.0,0.0,1212568.0,4396716.0,67.0
4090,2003-06-04,3.52,3.65,3.52,3.65,0.13,3.69,5035710.0,18020600.75,197.0
4090,2003-06-03,3.52,3.52,3.52,3.52,0.0,0.0,2772711.0,9764125.75,137.0
4090,2003-06-02,3.52,3.52,3.39,3.52,0.13,3.83,960663.0,3338672.5,68.0
4090,2003-06-01,3.52,3.52,3.39,3.39,0.0,0.0,956380.0,3318358.25,58.0
4090,2003-05-31,3.52,3.52,3.39,3.39,-0.13,-3.69,1322161.0,4591848.75,77.0
4090,2003-05-29,3.39,3.52,3.39,3.52,0.13,3.83,2914965.0,10171317.25,117.0
4090,2003-05-28,3.39,3.52,3.39,3.39,0.0,0.0,1941897.0,6718725.0,97.0
4090,2003-05-27,3.39,3.52,3.39,3.39,0.0,0.0,1762267.0,6064102.75,96.0
4090,2003-05-26,3.39,3.39,3.39,3.39,0.0,0.0,3187912.0,10931030.5,124.0
4090,2003-05-25,3.39,3.52,3.39,3.39,0.0,0.0,9761752.0,33742018.75,313.0
4090,2003-05-24,3.26,3.39,3.26,3.39,0.0,0.0,7482837.0,25540227.75,231.0
4090,2003-05-22,3.26,3.39,3.26,3.39,0.13,3.99,501553.0,1683466.75,22.0
4090,2003-05-21,3.39,3.39,3.26,3.26,0.0,0.0,2057482.0,6920961.25,90.0
4090,2003-05-20,3.39,3.39,3.26,3.26,0.0,0.0,6193663.0,20942627.75,197.0
4090,2003-05-19,3.26,3.39,3.26,3.26,0.0,0.0,7791827.0,26061091.0,249.0
4090,2003-05-18,3.26,3.39,3.26,3.26,0.0,0.0,8129629.0,27118187.25,170.0
4090,2003-05-17,3.39,3.39,3.26,3.26,0.0,0.0,2521869.0,8369709.0,138.0
4090,2003-05-15,3.26,3.26,3.26,3.26,0.0,0.0,2672092.0,8837805.75,133.0
4090,2003-05-14,3.26,3.39,3.26,3.26,0.0,0.0,9336931.0,31390263.0,364.0
4090,2003-05-13,3.26,3.26,3.26,3.26,0.0,0.0,7409685.0,24487702.75,294.0
4090,2003-05-12,3.26,3.26,3.26,3.26,0.0,0.0,3946357.0,12966668.75,215.0
4090,2003-05-11,3.26,3.26,3.26,3.26,0.0,0.0,4029409.0,13329336.25,179.0
4090,2003-05-10,3.26,3.26,3.26,3.26,0.0,0.0,3265686.0,10700543.75,143.0
4090,2003-05-08,3.26,3.26,3.26,3.26,0.0,0.0,3035909.0,10063496.5,108.0
4090,2003-05-07,3.26,3.26,3.26,3.26,0.0,0.0,5979405.0,19755031.75,232.0
4090,2003-05-06,3.26,3.26,3.26,3.26,0.0,0.0,15586580.0,51695374.25,629.0
4090,2003-05-05,3.26,3.26,3.26,3.26,0.0,0.0,651052.0,2099612.5,42.0
4090,2003-05-04,3.26,3.26,3.26,3.26,0.0,0.0,2490273.0,8024678.0,95.0
4090,2003-05-03,3.26,3.26,3.26,3.26,0.0,0.0,1347380.0,4388757.75,68.0
4090,2003-05-01,3.26,3.26,3.26,3.26,0.0,0.0,357509.0,1167276.0,20.0
4090,2003-04-30,3.26,3.26,3.26,3.26,0.0,0.0,616085.0,2011685.25,33.0
4090,2003-04-29,3.26,3.26,3.26,3.26,0.0,0.0,1993272.0,6533151.25,100.0
4090,2003-04-28,3.26,3.26,3.26,3.26,0.0,0.0,1988872.0,6461746.5,99.0
4090,2003-04-27,3.26,3.26,3.26,3.26,0.0,0.0,4028215.0,13054107.75,178.0
4090,2003-04-26,3.26,3.26,3.26,3.26,0.0,0.0,1063865.0,3471668.25,65.0
4090,2003-04-24,3.26,3.26,3.26,3.26,0.0,0.0,309822.0,1012228.25,32.0
4090,2003-04-23,3.26,3.26,3.26,3.26,0.0,0.0,1713900.0,5588258.75,96.0
4090,2003-04-22,3.26,3.26,3.26,3.26,0.0,0.0,5571867.0,18368117.75,212.0
4090,2003-04-21,3.26,3.26,3.26,3.26,0.0,0.0,9282879.0,30179460.25,340.0
4090,2003-04-20,3.26,3.26,3.26,3.26,0.0,0.0,1198982.0,3831138.75,63.0
4090,2003-04-19,3.26,3.26,3.26,3.26,0.0,0.0,1423259.0,4584833.25,87.0
4090,2003-04-17,3.26,3.26,3.26,3.26,0.0,0.0,659723.0,2120205.0,37.0
4090,2003-04-16,3.26,3.26,3.26,3.26,0.0,0.0,2783173.0,8933048.0,105.0
4090,2003-04-15,3.26,3.26,3.26,3.26,0.0,0.0,1548346.0,4975529.0,86.0
4090,2003-04-14,3.26,3.26,3.26,3.26,0.0,0.0,999281.0,3204010.75,52.0
4090,2003-04-13,3.26,3.26,3.26,3.26,0.0,0.0,1651000.0,5296920.75,100.0
4090,2003-04-12,3.26,3.26,3.26,3.26,0.0,0.0,903859.0,2886289.0,63.0
4090,2003-04-10,3.26,3.26,3.26,3.26,0.0,0.0,691028.0,2202297.0,36.0
4090,2003-04-09,3.26,3.26,3.26,3.26,0.0,0.0,3260666.0,10447007.25,162.0
4090,2003-04-08,3.26,3.26,3.26,3.26,0.0,0.0,4594939.0,15015291.5,232.0
4090,2003-04-07,3.26,3.26,3.26,3.26,0.0,0.0,5885400.0,19267108.25,326.0
4090,2003-04-06,3.26,3.26,3.26,3.26,0.0,0.0,8074686.0,26108099.25,409.0
4090,2003-04-05,3.26,3.26,3.26,3.26,0.0,0.0,6037075.0,19346771.0,247.0
4090,2003-04-03,3.26,3.26,3.26,3.26,0.0,0.0,749960.0,2375173.0,50.0
4090,2003-04-02,3.26,3.26,3.26,3.26,0.0,0.0,3358380.0,10695674.75,183.0
4090,2003-04-01,3.26,3.26,3.13,3.26,0.0,0.0,3057746.0,9691933.5,145.0
4090,2003-03-31,3.26,3.26,3.13,3.26,0.0,0.0,2763080.0,8721672.5,157.0
4090,2003-03-30,3.26,3.26,3.13,3.26,0.0,0.0,2507207.0,7942532.5,123.0
4090,2003-03-29,3.26,3.26,3.13,3.26,0.0,0.0,5971200.0,19028602.75,224.0
4090,2003-03-27,3.26,3.26,3.13,3.26,0.0,0.0,4579551.0,14625681.0,160.0
4090,2003-03-26,3.13,3.26,3.13,3.26,0.13,4.15,6575725.0,20793857.25,302.0
4090,2003-03-25,3.13,3.13,3.13,3.13,0.0,0.0,4516358.0,13948694.25,240.0
4090,2003-03-24,3.13,3.13,3.0,3.13,0.0,0.0,2553617.0,7836931.0,151.0
4090,2003-03-23,3.26,3.26,3.13,3.13,-0.13,-3.99,2711682.0,8471658.75,188.0
4090,2003-03-22,3.13,3.26,3.13,3.26,0.13,4.15,5392319.0,16887324.25,287.0
4090,2003-03-20,3.0,3.13,3.0,3.13,0.13,4.33,1430385.0,4305498.75,72.0
4090,2003-03-19,3.0,3.0,3.0,3.0,0.0,0.0,1732963.0,5132291.0,83.0
4090,2003-03-18,2.87,3.0,2.87,3.0,0.13,4.53,1747802.0,5113748.75,95.0
4090,2003-03-17,3.0,3.0,2.87,2.87,-0.13,-4.33,1222071.0,3545189.75,93.0
4090,2003-03-16,3.0,3.0,3.0,3.0,0.0,0.0,301911.0,897733.5,25.0
4090,2003-03-15,3.0,3.0,3.0,3.0,0.0,0.0,426261.0,1278238.5,36.0
4090,2003-03-13,3.0,3.0,3.0,3.0,0.0,0.0,301654.0,900931.25,15.0
4090,2003-03-12,3.0,3.0,3.0,3.0,0.0,0.0,833657.0,2485497.75,53.0
4090,2003-03-11,3.0,3.0,3.0,3.0,0.0,0.0,2652035.0,7959644.25,107.0
4090,2003-03-10,3.0,3.0,3.0,3.0,0.0,0.0,2179608.0,6483030.25,104.0
4090,2003-03-09,3.0,3.0,2.87,3.0,0.0,0.0,2001452.0,5847741.0,103.0
4090,2003-03-08,3.13,3.13,3.0,3.0,-0.13,-4.15,954812.0,2903599.25,57.0
4090,2003-03-06,3.13,3.13,3.13,3.13,0.0,0.0,436512.0,1339567.5,32.0
4090,2003-03-05,3.13,3.13,3.13,3.13,0.0,0.0,776993.0,2390320.25,69.0
4090,2003-03-04,3.13,3.13,3.13,3.13,0.0,0.0,1951728.0,6045107.5,82.0
4090,2003-03-03,3.13,3.13,3.13,3.13,0.0,0.0,750991.0,2319318.5,55.0
4090,2003-03-02,3.13,3.13,3.13,3.13,0.0,0.0,751237.0,2311612.0,38.0
4090,2003-03-01,3.13,3.13,3.13,3.13,0.0,0.0,1093415.0,3383577.5,54.0
4090,2003-02-27,3.13,3.13,3.13,3.13,0.0,0.0,497118.0,1539475.0,33.0
4090,2003-02-26,3.13,3.13,3.13,3.13,0.0,0.0,1579111.0,4940779.75,79.0
4090,2003-02-25,3.13,3.26,3.13,3.13,0.0,0.0,4539798.0,14272354.75,198.0
4090,2003-02-24,3.13,3.26,3.13,3.13,0.0,0.0,5319576.0,16641061.25,230.0
4090,2003-02-23,3.0,3.13,3.0,3.13,0.13,4.33,3828585.0,11767409.0,194.0
4090,2003-02-22,3.13,3.13,3.0,3.0,-0.13,-4.15,2302403.0,7023300.5,131.0
4090,2003-02-20,3.13,3.13,3.13,3.13,0.0,0.0,1360171.0,4254622.25,61.0
4090,2003-02-19,3.13,3.26,3.13,3.13,0.0,0.0,7303064.0,22903839.0,372.0
4090,2003-02-18,3.13,3.13,3.13,3.13,0.13,4.33,3724971.0,11465815.75,213.0
4090,2003-02-17,3.13,3.13,3.0,3.0,-0.13,-4.15,1156490.0,3516165.5,93.0
4090,2003-02-16,3.13,3.13,3.13,3.13,0.0,0.0,2075035.0,6425257.5,128.0
4090,2003-02-15,3.0,3.13,3.0,3.13,0.13,4.33,1957837.0,5947465.0,139.0
4090,2003-02-05,3.0,3.0,3.0,3.0,0.0,0.0,1869249.0,5534603.0,139.0
4090,2003-02-04,3.0,3.0,3.0,3.0,0.0,0.0,3311279.0,9796623.5,236.0
4090,2003-02-03,3.0,3.0,3.0,3.0,0.0,0.0,2654644.0,7628846.5,104.0
4090,2003-02-02,3.0,3.0,3.0,3.0,0.13,4.53,385911.0,1132663.5,33.0
4090,2003-02-01,3.0,3.0,2.87,2.87,-0.13,-4.33,1207208.0,3557101.5,85.0
4090,2003-01-30,3.0,3.0,3.0,3.0,-0.13,-4.15,439366.0,1316949.75,37.0
4090,2003-01-29,3.13,3.13,3.0,3.13,0.0,0.0,857307.0,2639009.0,73.0
4090,2003-01-28,3.13,3.13,3.13,3.13,0.0,0.0,1037769.0,3228879.5,51.0
4090,2003-01-27,3.13,3.13,3.13,3.13,0.0,0.0,1493743.0,4614041.75,84.0
4090,2003-01-26,3.13,3.13,3.13,3.13,0.0,0.0,566046.0,1768460.5,41.0
4090,2003-01-25,3.26,3.26,3.13,3.13,-0.13,-3.99,511209.0,1605121.5,34.0
4090,2003-01-23,3.26,3.26,3.13,3.26,0.0,0.0,554999.0,1757390.0,35.0
4090,2003-01-22,3.26,3.26,3.26,3.26,0.0,0.0,1001973.0,3202000.5,71.0
4090,2003-01-21,3.26,3.26,3.26,3.26,0.0,0.0,553816.0,1783852.5,39.0
4090,2003-01-20,3.26,3.26,3.26,3.26,0.0,0.0,3274287.0,10612180.75,167.0
4090,2003-01-19,3.26,3.26,3.26,3.26,0.0,0.0,575724.0,1847832.0,35.0
4090,2003-01-18,3.26,3.26,3.26,3.26,0.0,0.0,1005401.0,3224324.25,62.0
4090,2003-01-16,3.26,3.26,3.26,3.26,0.0,0.0,198415.0,639965.5,24.0
4090,2003-01-15,3.26,3.26,3.26,3.26,0.0,0.0,305654.0,985917.0,31.0
4090,2003-01-14,3.26,3.26,3.26,3.26,0.0,0.0,2706125.0,8774873.5,141.0
4090,2003-01-13,3.26,3.26,3.26,3.26,0.0,0.0,833328.0,2673396.75,58.0
4090,2003-01-12,3.26,3.26,3.26,3.26,0.0,0.0,1883525.0,6029605.75,91.0
4090,2003-01-11,3.26,3.26,3.26,3.26,0.0,0.0,2080923.0,6721337.75,115.0
4090,2003-01-09,3.26,3.26,3.26,3.26,0.0,0.0,311565.0,1016549.5,26.0
4090,2003-01-08,3.26,3.26,3.26,3.26,0.0,0.0,3350680.0,10953778.5,163.0
4090,2003-01-07,3.26,3.26,3.26,3.26,0.0,0.0,2639314.0,8565862.5,148.0
4090,2003-01-06,3.26,3.26,3.26,3.26,0.0,0.0,1184026.0,3816144.25,86.0
4090,2003-01-05,3.26,3.26,3.26,3.26,0.0,0.0,4054347.0,13270913.75,226.0
4090,2003-01-04,3.26,3.26,3.26,3.26,0.0,0.0,5212732.0,17058788.0,278.0
4090,2003-01-02,3.26,3.39,3.26,3.26,0.0,0.0,10942116.0,36569109.75,495.0
4090,2003-01-01,3.13,3.26,3.13,3.26,0.13,4.15,23332616.0,75226427.0,905.0
4090,2002-12-31,3.13,3.13,3.13,3.13,0.0,0.0,12820926.0,39794009.75,432.0
4090,2002-12-30,3.13,3.13,3.13,3.13,0.13,4.33,1055242.0,3220147.75,57.0
4090,2002-12-29,3.0,3.13,3.0,3.0,0.0,0.0,336725.0,1024620.0,23.0
4090,2002-12-28,3.0,3.13,3.0,3.0,0.0,0.0,992774.0,3022136.5,61.0
4090,2002-12-26,3.0,3.13,3.0,3.0,0.0,0.0,751891.0,2270765.0,41.0
4090,2002-12-25,3.13,3.13,3.0,3.0,-0.13,-4.15,1545818.0,4711846.0,75.0
4090,2002-12-24,3.13,3.13,3.13,3.13,0.0,0.0,2183165.0,6661722.25,58.0
4090,2002-12-23,3.0,3.13,3.0,3.13,0.13,4.33,1053369.0,3206747.25,64.0
4090,2002-12-22,3.0,3.0,3.0,3.0,0.0,0.0,180205.0,543542.5,18.0
4090,2002-12-21,3.13,3.13,3.0,3.0,-0.13,-4.15,1431825.0,4334242.0,63.0
4090,2002-12-19,3.13,3.13,3.0,3.13,0.0,0.0,1142599.0,3477295.0,50.0
4090,2002-12-18,3.13,3.13,3.13,3.13,0.0,0.0,5150477.0,15903075.25,212.0
4090,2002-12-17,3.0,3.13,3.0,3.13,0.13,4.33,1338615.0,4054273.25,79.0
4090,2002-12-16,3.0,3.0,3.0,3.0,0.0,0.0,1610872.0,4830570.25,72.0
4090,2002-12-15,3.0,3.0,3.0,3.0,0.0,0.0,279957.0,831794.5,31.0
4090,2002-12-14,3.0,3.0,3.0,3.0,0.0,0.0,470016.0,1402608.25,23.0
4090,2002-12-12,3.0,3.0,3.0,3.0,0.0,0.0,12603.0,37703.75,2.0
4090,2002-12-11,3.0,3.0,3.0,3.0,0.0,0.0,473128.0,1423941.5,44.0
4090,2002-12-10,3.0,3.13,3.0,3.0,-0.13,-4.15,321524.0,979580.5,24.0
4090,2002-12-03,3.13,3.13,3.13,3.13,0.0,0.0,284052.0,867657.75,21.0
4090,2002-12-02,3.0,3.13,3.0,3.13,0.13,4.33,995033.0,3031394.5,70.0
4090,2002-12-01,3.0,3.0,3.0,3.0,0.0,0.0,512706.0,1540130.5,29.0
4090,2002-11-30,3.0,3.13,3.0,3.0,-0.13,-4.15,558884.0,1690554.5,51.0
4090,2002-11-28,3.0,3.13,3.0,3.13,0.0,0.0,213195.0,647819.5,16.0
4090,2002-11-27,3.13,3.13,3.0,3.13,0.13,4.33,1995601.0,6129936.5,108.0
4090,2002-11-26,3.0,3.13,3.0,3.0,0.0,0.0,3652323.0,11223967.0,186.0
4090,2002-11-25,2.87,3.0,2.87,3.0,0.13,4.53,2519541.0,7468133.25,135.0
4090,2002-11-24,3.0,3.0,2.87,2.87,-0.13,-4.33,1681075.0,4932748.5,106.0
4090,2002-11-23,3.13,3.13,3.0,3.0,-0.13,-4.15,2187356.0,6684961.25,109.0
4090,2002-11-21,3.0,3.13,3.0,3.13,0.13,4.33,227120.0,688473.0,23.0
4090,2002-11-20,3.13,3.13,3.0,3.0,0.0,0.0,2041391.0,6242657.0,135.0
4090,2002-11-19,3.13,3.13,3.0,3.0,-0.13,-4.15,1228916.0,3761206.25,74.0
4090,2002-11-18,3.26,3.26,3.13,3.13,-0.13,-3.99,1012656.0,3181783.5,57.0
4090,2002-11-17,3.26,3.26,3.13,3.26,0.0,0.0,884421.0,2802122.0,54.0
4090,2002-11-16,3.26,3.26,3.26,3.26,0.0,0.0,762131.0,2433568.75,39.0
4090,2002-11-14,3.26,3.26,3.26,3.26,0.0,0.0,281735.0,900992.5,19.0
4090,2002-11-13,3.26,3.26,3.26,3.26,0.0,0.0,2016043.0,6514192.0,95.0
4090,2002-11-12,3.26,3.26,3.26,3.26,0.0,0.0,455868.0,1455230.5,44.0
4090,2002-11-11,3.26,3.26,3.26,3.26,0.0,0.0,1778252.0,5728565.75,81.0
4090,2002-11-10,3.26,3.26,3.26,3.26,0.0,0.0,1213950.0,3950057.25,72.0
4090,2002-11-09,3.26,3.26,3.26,3.26,0.0,0.0,2201445.0,7163653.25,106.0
4090,2002-11-07,3.26,3.26,3.26,3.26,0.0,0.0,23182.0,73837.5,5.0
4090,2002-11-06,3.26,3.26,3.26,3.26,0.0,0.0,146549.0,468475.0,16.0
4090,2002-11-05,3.26,3.26,3.26,3.26,0.0,0.0,779228.0,2505204.5,51.0
4090,2002-11-04,3.26,3.26,3.26,3.26,0.0,0.0,1132151.0,3637434.25,54.0
4090,2002-11-03,3.26,3.26,3.26,3.26,0.0,0.0,1024301.0,3285454.25,58.0
4090,2002-11-02,3.26,3.26,3.26,3.26,0.0,0.0,890706.0,2890302.5,47.0
4090,2002-10-31,3.26,3.26,3.26,3.26,0.0,0.0,515397.0,1684994.5,43.0
4090,2002-10-30,3.26,3.26,3.26,3.26,0.0,0.0,1133951.0,3660063.25,74.0
4090,2002-10-29,3.26,3.26,3.26,3.26,0.0,0.0,1493566.0,4841653.5,77.0
4090,2002-10-28,3.26,3.26,3.26,3.26,0.0,0.0,585424.0,1928856.25,54.0
4090,2002-10-27,3.26,3.26,3.26,3.26,0.0,0.0,257207.0,852853.0,35.0
4090,2002-10-26,3.26,3.26,3.26,3.26,0.0,0.0,642321.0,2119323.0,60.0
4090,2002-10-24,3.26,3.26,3.26,3.26,0.0,0.0,718318.0,2398062.0,53.0
4090,2002-10-23,3.26,3.39,3.26,3.26,0.0,0.0,477319.0,1602099.0,35.0
4090,2002-10-22,3.26,3.39,3.26,3.26,0.0,0.0,814243.0,2744007.75,47.0
4090,2002-10-21,3.39,3.39,3.26,3.26,-0.13,-3.83,1474644.0,4963537.25,102.0
4090,2002-10-20,3.39,3.39,3.39,3.39,0.0,0.0,2215593.0,7528258.75,114.0
4090,2002-10-19,3.39,3.39,3.39,3.39,0.0,0.0,3299003.0,11196922.0,153.0
4090,2002-10-17,3.39,3.39,3.39,3.39,0.0,0.0,4409889.0,15012075.75,182.0
4090,2002-10-16,3.39,3.39,3.39,3.39,0.0,0.0,520300.0,1794219.5,27.0
4090,2002-10-15,3.39,3.39,3.39,3.39,0.0,0.0,617396.0,2133323.75,39.0
4090,2002-10-14,3.39,3.52,3.39,3.39,0.0,0.0,2443475.0,8460472.5,102.0
4090,2002-10-13,3.39,3.39,3.39,3.39,0.0,0.0,1573202.0,5430170.75,59.0
4090,2002-10-12,3.39,3.39,3.39,3.39,0.0,0.0,1021152.0,3510742.25,50.0
4090,2002-10-10,3.39,3.52,3.39,3.39,0.0,0.0,408087.0,1411090.0,22.0
4090,2002-10-09,3.39,3.52,3.39,3.39,-0.13,-3.69,3173167.0,11008575.75,145.0
4090,2002-10-08,3.39,3.52,3.39,3.52,0.13,3.83,1808128.0,6248043.75,96.0
4090,2002-10-07,3.39,3.39,3.39,3.39,0.0,0.0,2546491.0,8743201.0,126.0
4090,2002-10-06,3.39,3.39,3.39,3.39,0.0,0.0,2337942.0,8002978.0,105.0
4090,2002-10-05,3.52,3.52,3.39,3.39,-0.13,-3.69,3355409.0,11504749.75,138.0
4090,2002-10-03,3.52,3.52,3.52,3.52,0.0,0.0,2449361.0,8522475.0,94.0
4090,2002-10-02,3.52,3.52,3.52,3.52,0.0,0.0,5006748.0,17578540.75,167.0
4090,2002-10-01,3.52,3.52,3.52,3.52,0.0,0.0,10841111.0,38127909.5,334.0
4090,2002-09-30,3.52,3.52,3.52,3.52,0.0,0.0,1102741.0,3839440.0,68.0
4090,2002-09-29,3.52,3.52,3.39,3.52,0.0,0.0,1293059.0,4487889.0,78.0
4090,2002-09-28,3.52,3.52,3.52,3.52,0.0,0.0,3302702.0,11550208.5,135.0
4090,2002-09-26,3.52,3.52,3.52,3.52,0.0,0.0,1378930.0,4832974.0,55.0
4090,2002-09-25,3.52,3.52,3.52,3.52,0.13,3.83,5887283.0,20629536.25,186.0
4090,2002-09-24,3.52,3.52,3.39,3.39,-0.13,-3.69,4974589.0,17183140.25,223.0
4090,2002-09-23,3.52,3.52,3.52,3.52,0.0,0.0,5668529.0,19894014.0,269.0
4090,2002-09-22,3.52,3.65,3.52,3.52,0.0,0.0,8231965.0,29265421.25,275.0
4090,2002-09-21,3.65,3.65,3.52,3.52,-0.13,-3.56,29673496.0,107002557.25,808.0
4090,2002-09-19,3.52,3.65,3.52,3.65,0.13,3.69,24527478.0,87251542.25,764.0
4090,2002-09-18,3.39,3.52,3.39,3.52,0.13,3.83,13770576.0,47943556.5,480.0
4090,2002-09-17,3.39,3.39,3.39,3.39,0.0,0.0,3314368.0,11395192.25,155.0
4090,2002-09-16,3.39,3.39,3.39,3.39,0.0,0.0,4346685.0,14796412.5,162.0
4090,2002-09-15,3.39,3.39,3.39,3.39,0.0,0.0,4870496.0,16724301.75,166.0
4090,2002-09-14,3.39,3.39,3.39,3.39,0.0,0.0,4732793.0,16273427.0,178.0
4090,2002-09-12,3.39,3.39,3.39,3.39,0.0,0.0,1281637.0,4407625.0,51.0
4090,2002-09-11,3.39,3.39,3.39,3.39,0.0,0.0,3786712.0,12910954.5,172.0
4090,2002-09-10,3.39,3.39,3.39,3.39,0.13,3.99,3256007.0,11058600.5,150.0
4090,2002-09-09,3.39,3.39,3.26,3.26,-0.13,-3.83,5989539.0,20511296.0,246.0
4090,2002-09-08,3.39,3.39,3.39,3.39,0.0,0.0,4109594.0,14100671.0,207.0
4090,2002-09-07,3.52,3.52,3.39,3.39,-0.13,-3.69,18902117.0,66294729.0,682.0
4090,2002-09-05,3.52,3.52,3.52,3.52,0.0,0.0,7397771.0,25840443.0,292.0
4090,2002-09-04,3.39,3.52,3.39,3.52,0.13,3.83,12114756.0,41876828.5,489.0
4090,2002-09-03,3.39,3.39,3.39,3.39,0.0,0.0,2146761.0,7337918.0,100.0
4090,2002-09-02,3.39,3.39,3.39,3.39,0.0,0.0,3476727.0,11880031.75,167.0
4090,2002-09-01,3.39,3.39,3.39,3.39,0.0,0.0,1550418.0,5270771.5,89.0
4090,2002-08-31,3.39,3.39,3.39,3.39,0.0,0.0,2244254.0,7638790.0,110.0
4090,2002-08-29,3.39,3.39,3.39,3.39,0.0,0.0,809058.0,2769410.5,36.0
4090,2002-08-28,3.39,3.52,3.39,3.39,0.0,0.0,14694318.0,50687456.75,552.0
4090,2002-08-27,3.39,3.39,3.39,3.39,0.0,0.0,3521185.0,11976921.25,151.0
4090,2002-08-26,3.39,3.39,3.39,3.39,0.0,0.0,3238982.0,11032327.0,155.0
4090,2002-08-25,3.39,3.39,3.39,3.39,0.0,0.0,5598480.0,19107216.0,218.0
4090,2002-08-24,3.39,3.39,3.39,3.39,0.0,0.0,1482344.0,5015171.0,92.0
4090,2002-08-22,3.39,3.39,3.26,3.39,0.13,3.99,259127.0,874937.5,17.0
4090,2002-08-21,3.39,3.39,3.26,3.26,-0.13,-3.83,2082034.0,7025473.25,127.0
4090,2002-08-20,3.39,3.39,3.26,3.39,0.0,0.0,8268512.0,28064685.75,226.0
4090,2002-08-19,3.26,3.39,3.26,3.39,0.13,3.99,7625571.0,25800518.5,290.0
4090,2002-08-18,3.26,3.26,3.26,3.26,0.0,0.0,4594601.0,15257721.0,211.0
4090,2002-08-17,3.39,3.39,3.26,3.26,-0.13,-3.83,3923887.0,13258586.75,212.0
4090,2002-08-15,3.39,3.39,3.39,3.39,0.0,0.0,2327305.0,7930114.5,106.0
4090,2002-08-14,3.39,3.52,3.39,3.39,0.0,0.0,11101947.0,38246059.0,412.0
4090,2002-08-13,3.39,3.39,3.26,3.39,0.0,0.0,9472878.0,32300532.0,391.0
4090,2002-08-12,3.26,3.39,3.26,3.39,0.13,3.99,2757778.0,9306463.0,180.0
4090,2002-08-11,3.26,3.39,3.26,3.26,0.0,0.0,6040923.0,20220680.0,305.0
4090,2002-08-10,3.26,3.26,3.26,3.26,0.0,0.0,866867.0,2865882.75,56.0
4090,2002-08-08,3.26,3.26,3.26,3.26,0.0,0.0,416418.0,1377671.5,27.0
4090,2002-08-07,3.26,3.26,3.26,3.26,0.0,0.0,563587.0,1858432.75,56.0
4090,2002-08-06,3.26,3.26,3.26,3.26,0.0,0.0,2132085.0,6971397.0,115.0
4090,2002-08-05,3.26,3.26,3.26,3.26,0.0,0.0,1996806.0,6588749.5,104.0
4090,2002-08-04,3.26,3.26,3.26,3.26,0.0,0.0,1104332.0,3663404.0,67.0
4090,2002-08-03,3.26,3.26,3.26,3.26,0.0,0.0,6180510.0,20544393.25,186.0
4090,2002-08-01,3.26,3.26,3.26,3.26,0.0,0.0,852884.0,2851138.5,38.0
4090,2002-07-31,3.26,3.39,3.26,3.26,0.0,0.0,2282310.0,7668949.5,109.0
4090,2002-07-30,3.26,3.26,3.26,3.26,0.0,0.0,1975718.0,6616813.75,112.0
4090,2002-07-29,3.39,3.39,3.26,3.26,0.0,0.0,3084860.0,10373962.75,145.0
4090,2002-07-28,3.26,3.39,3.26,3.26,-0.13,-3.83,2428461.0,8187222.75,135.0
4090,2002-07-27,3.39,3.39,3.26,3.39,0.0,0.0,2505824.0,8429202.5,146.0
4090,2002-07-25,3.39,3.39,3.39,3.39,0.13,3.99,1788900.0,6046175.0,85.0
4090,2002-07-24,3.39,3.39,3.26,3.26,-0.13,-3.83,4728253.0,15980034.0,167.0
4090,2002-07-23,3.39,3.39,3.26,3.39,0.0,0.0,18114664.0,61181041.25,535.0
4090,2002-07-22,3.39,3.52,3.39,3.39,0.0,0.0,78995406.0,275823716.25,951.0
4090,2002-07-21,3.65,3.78,3.39,3.39,-0.13,-3.69,84309611.0,304602786.5,1258.0
4090,2002-07-20,3.26,3.65,3.26,3.52,0.26,7.98,94607134.0,335035202.5,1998.0
4090,2002-07-18,3.26,3.26,3.26,3.26,0.0,0.0,7715048.0,25282257.75,186.0
4090,2002-07-17,3.26,3.26,3.26,3.26,0.0,0.0,4168269.0,13608564.75,131.0
4090,2002-07-16,3.26,3.26,3.26,3.26,0.0,0.0,4650162.0,15375955.25,214.0
4090,2002-07-15,3.39,3.39,3.26,3.26,-0.13,-3.83,6387795.0,21387739.0,269.0
4090,2002-07-14,3.39,3.39,3.39,3.39,0.13,3.99,7797233.0,26667460.25,389.0
4090,2002-07-13,3.39,3.39,3.26,3.26,-0.13,-3.83,5770096.0,19575390.0,261.0
4090,2002-07-11,3.26,3.52,3.26,3.39,0.13,3.99,13184999.0,45525161.25,457.0
4090,2002-07-10,3.26,3.26,3.26,3.26,0.0,0.0,5620211.0,18578561.75,233.0
4090,2002-07-09,3.26,3.39,3.26,3.26,0.0,0.0,23455946.0,78046936.75,656.0
4090,2002-07-08,3.26,3.26,3.13,3.26,0.0,0.0,2044727.0,6477103.75,138.0
4090,2002-07-07,3.13,3.26,3.13,3.26,0.13,4.15,2045265.0,6438901.0,141.0
4090,2002-07-06,3.13,3.13,3.13,3.13,0.0,0.0,845499.0,2626061.25,78.0
4090,2002-07-04,3.13,3.13,3.13,3.13,-0.13,-3.99,1473555.0,4591031.5,87.0
4090,2002-07-03,3.13,3.26,3.13,3.26,0.13,4.15,4584910.0,14526062.25,260.0
4090,2002-07-02,3.0,3.13,3.0,3.13,0.13,4.33,8803640.0,27376601.25,417.0
4090,2002-07-01,3.0,3.0,3.0,3.0,0.0,0.0,1508628.0,4544728.5,89.0
4090,2002-06-30,3.0,3.0,3.0,3.0,0.0,0.0,1587174.0,4760776.5,106.0
4090,2002-06-29,3.0,3.0,3.0,3.0,0.0,0.0,1789883.0,5335203.0,101.0
4090,2002-06-27,3.0,3.0,3.0,3.0,0.0,0.0,306568.0,900308.0,20.0
4090,2002-06-26,3.0,3.0,3.0,3.0,0.0,0.0,644066.0,1897220.0,34.0
4090,2002-06-25,3.0,3.0,2.87,3.0,0.13,4.53,597911.0,1753682.0,60.0
4090,2002-06-24,3.0,3.0,2.87,2.87,0.0,0.0,289869.0,844015.0,30.0
4090,2002-06-23,2.87,3.0,2.87,2.87,-0.13,-4.33,535468.0,1562331.25,33.0
4090,2002-06-22,3.0,3.0,2.87,3.0,0.0,0.0,576929.0,1689595.0,48.0
4090,2002-06-20,2.87,3.0,2.87,3.0,0.13,4.53,164431.0,482138.0,13.0
4090,2002-06-19,2.87,2.87,2.87,2.87,-0.13,-4.33,141611.0,412591.0,17.0
4090,2002-06-18,3.0,3.0,2.87,3.0,0.0,0.0,956252.0,2796905.0,64.0
4090,2002-06-17,3.0,3.0,3.0,3.0,0.0,0.0,737392.0,2177345.25,56.0
4090,2002-06-16,3.0,3.0,3.0,3.0,0.0,0.0,677874.0,2017962.5,45.0
4090,2002-06-15,3.0,3.13,3.0,3.0,0.0,0.0,1475229.0,4427229.5,87.0
4090,2002-06-13,3.0,3.13,3.0,3.0,0.0,0.0,1703169.0,5142522.0,90.0
4090,2002-06-12,2.87,3.0,2.87,3.0,0.13,4.53,2528657.0,7419735.25,163.0
4090,2002-06-11,3.0,3.0,2.87,2.87,-0.13,-4.33,2617209.0,7687181.5,121.0
4090,2002-06-10,3.13,3.13,3.0,3.0,0.0,0.0,1530055.0,4598581.0,99.0
4090,2002-06-09,3.13,3.13,3.0,3.0,-0.13,-4.15,1008513.0,3070778.5,70.0
4090,2002-06-08,3.13,3.13,3.13,3.13,0.0,0.0,2253896.0,6952902.25,111.0
4090,2002-06-06,3.13,3.13,3.13,3.13,0.0,0.0,388379.0,1215820.5,30.0
4090,2002-06-05,3.13,3.26,3.13,3.13,-0.13,-3.99,4384892.0,13740740.25,219.0
4090,2002-06-04,3.26,3.26,3.26,3.26,0.0,0.0,6483029.0,21137865.0,345.0
4090,2002-06-03,3.26,3.26,3.26,3.26,0.0,0.0,8611299.0,28306902.0,379.0
4090,2002-06-02,3.52,3.52,3.26,3.26,-0.26,-7.39,9664693.0,32795477.0,410.0
4090,2002-06-01,3.52,3.52,3.52,3.52,0.0,0.0,2459214.0,8595948.25,132.0
4090,2002-05-30,3.52,3.52,3.52,3.52,0.0,0.0,1309733.0,4622399.75,100.0
4090,2002-05-29,3.52,3.52,3.39,3.52,0.0,0.0,12709882.0,44319397.75,550.0
4090,2002-05-28,3.26,3.52,3.26,3.52,0.26,7.98,5448760.0,18736657.25,252.0
4090,2002-05-27,3.39,3.39,3.26,3.26,-0.13,-3.83,3020965.0,10117911.0,151.0
4090,2002-05-26,3.39,3.39,3.39,3.39,0.0,0.0,2992599.0,10175621.0,122.0
4090,2002-05-25,3.39,3.39,3.39,3.39,0.0,0.0,2795167.0,9550375.75,162.0
4090,2002-05-23,3.39,3.39,3.39,3.39,0.0,0.0,1825376.0,6222571.75,85.0
4090,2002-05-22,3.26,3.39,3.26,3.39,0.13,3.99,3513648.0,11917646.0,161.0
4090,2002-05-21,3.39,3.39,3.26,3.26,0.0,0.0,1379281.0,4637999.75,74.0
4090,2002-05-20,3.26,3.39,3.26,3.26,0.0,0.0,2835166.0,9520580.0,119.0
4090,2002-05-19,3.39,3.39,3.26,3.26,-0.13,-3.83,1819853.0,6134280.75,100.0
4090,2002-05-18,3.39,3.39,3.39,3.39,0.0,0.0,665258.0,2257705.5,64.0
4090,2002-05-16,3.39,3.39,3.39,3.39,0.0,0.0,480945.0,1636650.0,43.0
4090,2002-05-15,3.39,3.52,3.39,3.39,-0.13,-3.69,4153092.0,14183131.5,203.0
4090,2002-05-14,3.26,3.52,3.26,3.52,0.26,7.98,5064381.0,17343320.5,261.0
4090,2002-05-13,3.26,3.39,3.26,3.26,0.0,0.0,3541056.0,11856029.25,154.0
4090,2002-05-12,3.39,3.39,3.26,3.26,-0.13,-3.83,3763425.0,12667280.75,185.0
4090,2002-05-11,3.39,3.39,3.39,3.39,-0.13,-3.69,3245510.0,11110988.5,181.0
4090,2002-05-09,3.52,3.52,3.39,3.52,0.0,0.0,2228009.0,7722978.75,94.0
4090,2002-05-08,3.65,3.65,3.39,3.52,-0.13,-3.56,8063557.0,28272116.75,364.0
4090,2002-05-07,3.78,3.91,3.52,3.65,0.0,0.0,24076116.0,89703215.25,888.0
4090,2002-05-06,3.26,3.65,3.26,3.65,0.39,11.96,18016725.0,63442326.0,763.0
4090,2002-05-05,3.26,3.39,3.26,3.26,0.0,0.0,3558001.0,11912407.0,131.0
4090,2002-05-04,3.26,3.39,3.26,3.26,0.0,0.0,3227279.0,10827336.75,146.0
4090,2002-05-02,3.26,3.26,3.26,3.26,0.0,0.0,2121542.0,7069993.25,100.0
4090,2002-05-01,3.26,3.26,3.26,3.26,0.0,0.0,1472970.0,4869095.0,72.0
4090,2002-04-30,3.26,3.26,3.26,3.26,0.0,0.0,2045370.0,6767796.25,104.0
4090,2002-04-29,3.26,3.26,3.26,3.26,0.0,0.0,1142893.0,3789844.0,76.0
4090,2002-04-28,3.26,3.26,3.26,3.26,0.0,0.0,2136041.0,7096472.75,121.0
4090,2002-04-27,3.26,3.39,3.26,3.26,0.0,0.0,8618345.0,28768750.75,267.0
4090,2002-04-25,3.26,3.26,3.26,3.26,0.0,0.0,1357783.0,4418066.75,59.0
4090,2002-04-24,3.26,3.26,3.26,3.26,0.0,0.0,5035745.0,16306607.5,173.0
4090,2002-04-23,3.26,3.26,3.26,3.26,0.0,0.0,3992253.0,12961809.5,182.0
4090,2002-04-22,3.26,3.26,3.26,3.26,0.0,0.0,11663019.0,38462391.0,492.0
4090,2002-04-21,3.13,3.26,3.13,3.26,0.13,4.15,9237753.0,29198448.75,371.0
4090,2002-04-20,3.13,3.13,3.13,3.13,0.0,0.0,3705673.0,11533781.0,163.0
4090,2002-04-18,3.13,3.13,3.13,3.13,0.0,0.0,1666728.0,5170475.5,81.0
4090,2002-04-17,3.13,3.26,3.13,3.13,0.0,0.0,3852058.0,12047980.75,184.0
4090,2002-04-16,3.26,3.26,3.13,3.13,-0.13,-3.99,9991178.0,31260941.5,340.0
4090,2002-04-15,3.13,3.26,3.0,3.26,0.26,8.67,7362255.0,22880070.5,285.0
4090,2002-04-14,3.0,3.0,3.0,3.0,0.0,0.0,2285024.0,6832695.5,101.0
4090,2002-04-13,3.0,3.0,3.0,3.0,0.0,0.0,1509411.0,4441045.5,55.0
4090,2002-04-11,3.0,3.0,3.0,3.0,0.0,0.0,338644.0,1002188.0,24.0
4090,2002-04-10,3.0,3.0,3.0,3.0,0.0,0.0,580626.0,1725775.0,31.0
4090,2002-04-09,3.0,3.0,3.0,3.0,0.0,0.0,1350388.0,4014445.75,60.0
4090,2002-04-08,3.0,3.0,3.0,3.0,0.0,0.0,1998140.0,5917149.5,64.0
4090,2002-04-07,3.0,3.0,3.0,3.0,0.0,0.0,2216167.0,6606765.0,71.0
4090,2002-04-06,3.0,3.0,2.87,3.0,0.0,0.0,3167245.0,9380203.75,107.0
4090,2002-04-04,2.87,3.0,2.87,3.0,0.13,4.53,429630.0,1260006.0,20.0
4090,2002-04-03,2.87,3.0,2.87,2.87,0.0,0.0,362669.0,1056823.5,27.0
4090,2002-04-02,3.0,3.0,2.87,2.87,-0.13,-4.33,1454387.0,4234003.25,75.0
4090,2002-04-01,2.87,3.0,2.87,3.0,0.13,4.53,1984987.0,5813442.75,70.0
4090,2002-03-31,3.0,3.0,2.87,2.87,-0.13,-4.33,2512776.0,7419963.0,86.0
4090,2002-03-30,3.0,3.0,3.0,3.0,0.0,0.0,3090770.0,9171675.75,148.0
4090,2002-03-28,3.0,3.0,3.0,3.0,0.0,0.0,611697.0,1826500.0,21.0
4090,2002-03-27,3.0,3.13,3.0,3.0,0.0,0.0,5970172.0,17906143.25,259.0
4090,2002-03-26,3.0,3.0,3.0,3.0,0.0,0.0,1724291.0,5082129.25,73.0
4090,2002-03-25,2.87,3.0,2.87,3.0,0.0,0.0,1941535.0,5713312.0,78.0
4090,2002-03-24,3.0,3.0,3.0,3.0,0.0,0.0,1736568.0,5118980.75,81.0
4090,2002-03-23,3.0,3.0,3.0,3.0,0.0,0.0,4906538.0,14589996.75,197.0
4090,2002-03-21,3.0,3.0,3.0,3.0,0.0,0.0,511360.0,1509625.0,30.0
4090,2002-03-20,3.0,3.0,2.87,3.0,0.0,0.0,2615277.0,7681002.25,107.0
4090,2002-03-19,2.87,3.0,2.87,3.0,0.13,4.53,4075364.0,11987248.75,163.0
4090,2002-03-18,2.87,2.87,2.87,2.87,0.0,0.0,879190.0,2546052.5,46.0
4090,2002-03-17,2.87,2.87,2.87,2.87,0.0,0.0,1357117.0,3935595.0,57.0
4090,2002-03-16,2.87,2.87,2.87,2.87,0.0,0.0,870787.0,2519392.5,52.0
4090,2002-03-14,2.87,2.87,2.87,2.87,0.0,0.0,879015.0,2555952.5,28.0
4090,2002-03-13,2.87,2.87,2.87,2.87,0.0,0.0,764531.0,2214121.0,36.0
4090,2002-03-12,2.87,2.87,2.87,2.87,0.0,0.0,776665.0,2252085.5,36.0
4090,2002-03-11,2.87,2.87,2.87,2.87,0.0,0.0,567250.0,1641060.25,32.0
4090,2002-03-10,2.87,3.0,2.87,2.87,0.0,0.0,749129.0,2181835.25,39.0
4090,2002-03-09,3.0,3.0,2.87,2.87,-0.13,-4.33,1250801.0,3675333.25,61.0
4090,2002-03-07,3.0,3.0,3.0,3.0,0.0,0.0,1307404.0,3845556.5,44.0
4090,2002-03-06,2.87,3.0,2.87,3.0,0.13,4.53,4067242.0,11920561.0,175.0
4090,2002-03-05,2.87,2.87,2.87,2.87,0.0,0.0,2514730.0,7207300.75,97.0
4090,2002-03-04,2.87,2.87,2.87,2.87,0.0,0.0,711893.0,2021387.0,38.0
4090,2002-03-03,2.87,2.87,2.73,2.87,0.0,0.0,313016.0,891146.0,24.0
4090,2002-03-02,2.87,2.87,2.87,2.87,0.0,0.0,757099.0,2164084.0,33.0
4090,2002-02-28,2.87,2.87,2.87,2.87,0.0,0.0,180978.0,516445.0,12.0
4090,2002-02-27,2.87,2.87,2.87,2.87,0.0,0.0,266547.0,761560.5,14.0
4090,2002-02-26,2.87,2.87,2.87,2.87,0.0,0.0,79108.0,225489.25,7.0
4090,2002-02-19,2.73,2.87,2.73,2.87,0.14,5.13,390322.0,1104887.5,24.0
4090,2002-02-18,2.87,2.87,2.73,2.73,-0.14,-4.88,731166.0,2059473.25,38.0
4090,2002-02-17,2.87,2.87,2.87,2.87,0.0,0.0,8800.0,25115.0,8.0
4090,2002-02-16,2.87,2.87,2.87,2.87,0.0,0.0,41824.0,119352.5,12.0
4090,2002-02-13,2.87,2.87,2.87,2.87,0.0,0.0,87968.0,251127.5,10.0
4090,2002-02-12,2.73,2.87,2.73,2.87,0.14,5.13,151932.0,429090.25,19.0
4090,2002-02-11,2.87,2.87,2.73,2.73,-0.14,-4.88,185004.0,521885.0,14.0
4090,2002-02-10,2.87,2.87,2.87,2.87,0.0,0.0,121366.0,345575.0,16.0
4090,2002-02-09,2.87,2.87,2.73,2.87,0.0,0.0,1390550.0,3930721.0,40.0
4090,2002-02-07,2.87,2.87,2.87,2.87,0.0,0.0,27185.0,78750.0,4.0
4090,2002-02-06,2.87,3.0,2.87,2.87,0.0,0.0,313285.0,915237.5,17.0
4090,2002-02-05,2.87,3.0,2.87,2.87,0.0,0.0,122349.0,357737.5,13.0
4090,2002-02-04,3.0,3.0,2.87,2.87,-0.13,-4.33,261467.0,764708.5,18.0
4090,2002-02-03,3.0,3.0,3.0,3.0,0.0,0.0,1829753.0,5389877.75,71.0
4090,2002-02-02,2.87,3.0,2.87,3.0,0.13,4.53,1065434.0,3129644.5,59.0
4090,2002-01-31,2.87,2.87,2.87,2.87,0.0,0.0,39753.0,115137.5,7.0
4090,2002-01-30,2.87,2.87,2.87,2.87,0.0,0.0,109382.0,316837.5,11.0
4090,2002-01-29,2.87,2.87,2.87,2.87,0.0,0.0,141249.0,411850.0,6.0
4090,2002-01-28,3.0,3.0,2.87,2.87,-0.13,-4.33,606220.0,1769847.5,22.0
4090,2002-01-27,3.0,3.0,2.87,3.0,0.0,0.0,252994.0,741974.0,14.0
4090,2002-01-26,3.0,3.0,2.87,3.0,0.0,0.0,270010.0,788876.0,24.0
4090,2002-01-24,2.87,3.0,3.0,3.0,0.13,4.53,42890.0,125828.25,4.0
4090,2002-01-23,3.0,3.0,2.87,2.87,-0.13,-4.33,229145.0,672350.0,17.0
4090,2002-01-22,3.0,3.0,3.0,3.0,0.0,0.0,71700.0,210434.0,6.0
4090,2002-01-21,2.87,3.0,2.87,3.0,0.13,4.53,204418.0,599005.0,15.0
4090,2002-01-20,2.87,3.0,2.87,2.87,0.0,0.0,231871.0,677177.5,17.0
4090,2002-01-19,3.0,3.0,2.87,2.87,-0.13,-4.33,166619.0,487805.0,16.0
4090,2002-01-17,3.0,3.0,2.87,3.0,0.0,0.0,80137.0,234925.75,16.0
4090,2002-01-16,3.0,3.0,2.87,3.0,0.0,0.0,434149.0,1275132.75,27.0
4090,2002-01-15,3.0,3.0,3.0,3.0,0.0,0.0,320154.0,948660.75,17.0
4090,2002-01-14,3.0,3.0,3.0,3.0,0.0,0.0,474216.0,1409927.5,26.0
4090,2002-01-13,3.0,3.0,3.0,3.0,0.0,0.0,100196.0,296115.0,10.0
4090,2002-01-12,3.0,3.0,3.0,3.0,0.0,0.0,368017.0,1086355.0,15.0
4090,2002-01-10,3.0,3.0,3.0,3.0,0.0,0.0,123227.0,364013.5,12.0
4090,2002-01-09,3.0,3.0,3.0,3.0,0.0,0.0,337158.0,997308.0,25.0
4090,2002-01-08,2.87,3.0,3.0,3.0,0.13,4.53,1281894.0,3795185.0,59.0
4090,2002-01-07,2.87,3.0,2.87,2.87,0.0,0.0,209204.0,612328.5,23.0
4090,2002-01-06,2.87,2.87,2.87,2.87,0.0,0.0,213277.0,620381.25,24.0
4090,2002-01-05,2.87,2.87,2.87,2.87,0.0,0.0,305503.0,889162.5,29.0
4090,2002-01-03,2.87,2.87,2.87,2.87,0.0,0.0,142406.0,412500.0,4.0
4090,2002-01-02,2.87,2.87,2.87,2.87,0.0,0.0,251544.0,733382.5,13.0
4090,2002-01-01,2.87,2.87,2.87,2.87,0.0,0.0,40525.0,117355.0,3.0
4090,2001-12-31,2.87,2.87,2.87,2.87,-34.88,-92.4,111476.0,323736.0,18.0
