symbol,date,open,high,low,close,change,change_percent,volume_traded,value_traded_sar,no_of_trades
8230,2026-09-14,55.6,56.95,55.3,56.4,0.55,0.98,331092.0,18642136.55,1450.0
8230,2026-09-13,55.55,56.15,55.5,55.85,-0.55,-0.98,266386.0,14853968.2,1669.0
8230,2026-09-10,55.05,57.6,55.05,56.4,1.2,2.17,1006585.0,57129130.15,3909.0
8230,2026-09-09,56.0,56.3,55.05,55.2,-0.6,-1.08,156908.0,8725000.0,1023.0
8230,2026-09-08,55.35,56.5,54.8,55.8,0.45,0.81,363555.0,20338780.55,1748.0
8230,2026-09-07,55.0,55.5,54.6,55.35,0.35,0.64,218776.0,12067202.15,1108.0
8230,2026-09-06,55.05,56.0,54.75,55.0,-0.3,-0.54,247909.0,13723838.4,1103.0
8230,2026-09-03,55.5,55.7,55.1,55.3,0.0,0.0,193698.0,10724927.7,1066.0
8230,2026-09-02,56.55,56.6,54.95,55.3,-1.35,-2.38,294896.0,16349520.15,1615.0
8230,2026-09-01,55.35,57.2,54.85,56.65,1.3,2.35,546134.0,30938211.0,2503.0
8230,2026-08-31,56.7,56.7,54.85,55.35,-1.4,-2.47,447186.0,24752774.4,2236.0
8230,2026-08-30,57.3,57.8,55.9,56.75,-0.45,-0.79,441556.0,25067396.0,2091.0
8230,2026-08-27,54.75,58.5,54.25,57.2,2.75,5.05,1380475.0,78816989.55,5400.0
8230,2026-08-26,54.25,54.75,53.85,54.45,0.25,0.46,440867.0,23984284.55,2042.0
8230,2026-08-25,53.6,54.45,53.5,54.2,0.75,1.4,399389.0,21639942.35,1806.0
8230,2026-08-24,53.6,53.85,53.0,53.45,-0.05,-0.09,407727.0,21793586.15,2046.0
8230,2026-08-23,52.15,53.65,52.05,53.5,1.35,2.59,326206.0,17315408.95,1463.0
8230,2026-08-20,53.0,53.75,52.1,52.15,-0.9,-1.7,379673.0,20002358.4,2019.0
8230,2026-08-19,51.9,54.0,51.7,53.05,1.15,2.22,636948.0,33995663.9,3123.0
8230,2026-08-18,52.3,52.65,51.8,51.9,-0.4,-0.76,229031.0,11972130.4,1291.0
8230,2026-08-17,51.25,52.9,50.85,52.3,1.05,2.05,521157.0,27080264.05,2201.0
8230,2026-08-16,51.0,51.65,50.95,51.25,0.3,0.59,180251.0,9241152.35,951.0
8230,2026-08-13,50.8,51.1,50.5,50.95,0.15,0.3,227254.0,11549835.7,1736.0
8230,2026-08-12,50.2,51.3,49.9,50.8,0.5,0.99,330932.0,16812004.64,1603.0
8230,2026-08-11,51.05,51.1,50.1,50.3,-0.95,-1.85,310644.0,15688300.8,2047.0
8230,2026-08-10,51.0,51.95,50.4,51.25,0.5,0.99,346957.0,17755995.85,2002.0
8230,2026-08-09,51.0,51.4,50.45,50.75,-0.35,-0.68,212180.0,10795218.15,1134.0
8230,2026-08-06,51.15,51.15,50.4,51.1,-0.1,-0.2,267608.0,13595075.8,1603.0
8230,2026-08-05,50.1,51.6,50.1,51.2,1.2,2.4,573499.0,29289643.3,2635.0
8230,2026-08-04,50.45,50.45,49.24,50.0,-0.6,-1.19,361250.0,17993599.58,2353.0
8230,2026-08-03,50.3,50.6,49.68,50.6,0.82,1.65,323328.0,16271978.65,1781.0
8230,2026-08-02,48.5,50.4,48.5,49.78,1.28,2.64,344001.0,17164038.83,1756.0
8230,2026-07-30,49.2,49.36,48.36,48.5,-0.7,-1.42,247972.0,12072477.22,2326.0
8230,2026-07-29,50.45,50.45,49.02,49.2,-1.3,-2.57,334439.0,16493942.75,2479.0
8230,2026-07-28,50.9,50.9,48.66,50.5,-0.15,-0.3,600553.0,29994221.6,3821.0
8230,2026-07-27,52.5,52.5,50.55,50.65,-1.95,-3.71,611180.0,31290777.65,2825.0
8230,2026-07-26,51.25,53.0,51.25,52.6,1.45,2.83,479197.0,25165451.95,2433.0
8230,2026-07-23,50.25,52.7,49.82,51.15,0.9,1.79,1019955.0,52522843.82,4297.0
8230,2026-07-22,49.3,50.5,48.22,50.25,0.91,1.84,479196.0,23645649.0,2715.0
8230,2026-07-21,49.2,49.86,48.72,49.34,0.36,0.73,294220.0,14539944.4,1591.0
8230,2026-07-20,49.52,49.58,48.86,48.98,-0.64,-1.29,204647.0,10041858.02,1537.0
8230,2026-07-19,49.1,50.0,48.5,49.62,-0.06,-0.12,205423.0,10084806.0,1553.0
8230,2026-07-16,49.7,50.15,49.32,49.68,-0.02,-0.04,203851.0,10148610.92,1686.0
8230,2026-07-15,51.55,51.55,49.7,49.7,-1.1,-2.17,269757.0,13610688.27,2144.0
8230,2026-07-14,51.1,51.3,50.75,50.8,-0.45,-0.88,171833.0,8765725.05,1267.0
8230,2026-07-13,51.7,51.8,51.2,51.25,-0.3,-0.58,216928.0,11160420.9,1501.0
8230,2026-07-12,50.9,52.0,50.9,51.55,0.05,0.1,204543.0,10555319.65,1390.0
8230,2026-07-09,51.0,52.55,50.6,51.5,0.4,0.78,403216.0,20830569.55,2526.0
8230,2026-07-08,52.8,52.8,50.95,51.1,-1.6,-3.04,336427.0,17384829.05,2444.0
8230,2026-07-07,53.25,53.5,52.6,52.7,-0.45,-0.85,258687.0,13709087.25,1599.0
8230,2026-07-06,52.25,53.25,52.05,53.15,0.9,1.72,309631.0,16329956.65,2067.0
8230,2026-07-05,52.5,52.7,51.8,52.25,-0.15,-0.29,150444.0,7835099.65,1312.0
8230,2026-07-02,52.5,55.0,52.2,52.4,0.3,0.58,844202.0,44919717.05,3861.0
8230,2026-07-01,52.0,52.75,51.95,52.1,0.2,0.39,277545.0,14507536.75,1946.0
8230,2026-06-30,53.0,53.2,51.9,51.9,-1.1,-2.08,279966.0,14650546.95,2146.0
8230,2026-06-29,53.5,53.9,52.4,53.0,-1.05,-1.94,359684.0,19118266.3,2581.0
8230,2026-06-28,53.85,55.3,53.7,54.05,-0.05,-0.09,391979.0,21358856.05,2293.0
8230,2026-06-25,54.8,54.8,53.75,54.1,-1.2,-2.17,358987.0,19413100.8,2703.0
8230,2026-06-24,56.0,57.1,55.3,55.3,-2.55,-4.41,552921.0,30876819.85,3896.0
8230,2026-06-23,58.65,59.7,57.75,57.85,-0.85,-1.45,652714.0,38038960.3,3052.0
8230,2026-06-22,60.2,61.95,57.35,58.7,0.6,1.03,957404.0,56620471.15,5842.0
8230,2026-06-21,59.8,60.2,57.5,58.1,-1.4,-2.35,687352.0,40027170.0,2591.0
8230,2026-06-18,58.65,59.5,58.1,59.5,0.9,1.54,1192576.0,70275449.2,3286.0
8230,2026-06-17,59.2,59.5,57.75,58.6,-0.45,-0.76,636748.0,37457702.8,1781.0
8230,2026-06-16,58.55,60.0,58.55,59.05,0.05,0.08,403678.0,23990960.2,1780.0
8230,2026-06-15,60.5,61.0,58.75,59.0,-1.3,-2.16,450356.0,26862344.5,1921.0
8230,2026-06-14,59.15,60.95,59.15,60.3,1.25,2.12,510522.0,30735084.7,1893.0
8230,2026-06-11,58.25,59.25,58.2,59.05,0.5,0.85,345150.0,20244153.7,1907.0
8230,2026-06-10,58.05,59.5,57.9,58.55,0.45,0.77,822528.0,48361916.6,3151.0
8230,2026-06-09,57.0,58.5,56.8,58.1,1.15,2.02,785964.0,45484421.3,2657.0
8230,2026-06-08,56.3,57.15,56.0,56.95,0.55,0.98,376614.0,21362127.0,1699.0
8230,2026-06-07,56.85,56.95,55.65,56.4,-0.75,-1.31,261118.0,14683030.7,1139.0
8230,2026-06-04,56.85,57.3,56.5,57.15,0.6,1.06,549410.0,31325600.1,1994.0
8230,2026-06-03,56.4,56.95,56.05,56.55,-0.05,-0.09,234580.0,13240719.1,1331.0
8230,2026-06-02,56.8,56.8,56.05,56.6,-0.15,-0.26,332058.0,18722317.4,1567.0
8230,2026-06-01,54.35,57.2,54.3,56.75,2.4,4.42,772050.0,43541256.6,2944.0
8230,2026-05-31,53.5,54.75,53.25,54.35,1.4,2.64,583654.0,31565011.1,2128.0
8230,2026-05-21,51.7,53.4,51.05,52.95,1.7,3.32,809102.0,42546246.1,2824.0
8230,2026-05-20,51.0,51.45,50.5,51.25,0.25,0.49,205182.0,10457965.1,1460.0
8230,2026-05-19,51.5,51.55,50.75,51.0,-0.4,-0.78,232722.0,11913726.2,1213.0
8230,2026-05-18,51.2,52.65,50.75,51.4,0.3,0.59,441986.0,22819568.8,1921.0
8230,2026-05-17,51.55,52.55,50.75,51.1,-0.55,-1.06,247120.0,12746985.3,1264.0
8230,2026-05-14,51.5,52.45,51.0,51.65,0.4,0.78,387682.0,20079672.7,1795.0
8230,2026-05-13,51.95,52.0,51.25,51.25,-0.85,-1.63,284726.0,14698470.7,1184.0
8230,2026-05-12,53.4,53.6,51.9,52.1,-1.25,-2.34,364436.0,19054342.8,1842.0
8230,2026-05-11,53.35,54.45,53.05,53.35,0.1,0.19,495122.0,26513889.2,1752.0
8230,2026-05-10,53.4,53.75,53.05,53.25,-0.15,-0.28,187690.0,10015334.3,984.0
8230,2026-05-07,54.1,54.3,53.4,53.4,-0.55,-1.02,295834.0,15925573.0,1461.0
8230,2026-05-06,53.1,54.35,53.1,53.95,0.95,1.79,553796.0,29803299.9,2364.0
8230,2026-05-05,55.75,55.75,51.9,53.0,-2.45,-4.42,1119984.0,59770688.8,4174.0
8230,2026-05-04,56.6,56.6,54.1,55.45,-0.35,-0.63,987024.0,54806142.4,4126.0
8230,2026-05-03,55.75,56.2,55.4,55.8,0.2,0.36,249248.0,13930793.1,1087.0
8230,2026-04-30,56.75,56.75,55.55,55.6,-0.8,-1.42,389290.0,21772100.4,1409.0
8230,2026-04-29,57.0,57.15,56.0,56.4,-0.4,-0.7,367250.0,20778769.5,1696.0
8230,2026-04-28,55.5,56.8,55.4,56.8,1.4,2.53,580710.0,32647157.3,2294.0
8230,2026-04-27,55.85,56.2,55.05,55.4,-0.2,-0.36,728208.0,40414179.9,1827.0
8230,2026-04-26,56.45,56.45,54.65,55.6,-0.5,-0.89,290852.0,16136232.5,1195.0
8230,2026-04-23,56.0,57.15,55.85,56.1,0.85,1.54,834614.0,46829536.9,2191.0
8230,2026-04-22,56.5,56.55,55.0,55.25,-1.1,-1.95,370816.0,20613735.1,1854.0
8230,2026-04-21,56.75,57.1,56.0,56.35,-0.2,-0.35,333018.0,18832456.9,1452.0
8230,2026-04-20,57.25,57.7,56.2,56.55,-0.7,-1.22,497024.0,28231733.6,1952.0
8230,2026-04-19,56.6,58.45,56.5,57.25,0.5,0.88,673940.0,38860508.7,2106.0
8230,2026-04-16,57.95,57.95,56.5,56.75,-0.8,-1.39,581084.0,33014949.2,2204.0
8230,2026-04-15,55.2,58.25,55.05,57.55,2.55,4.64,1595544.0,91146728.3,4504.0
8230,2026-04-14,54.95,55.6,54.8,55.0,0.05,0.09,522678.0,28804008.7,2345.0
8230,2026-04-13,56.0,56.65,54.5,54.95,-1.05,-1.88,1084600.0,60250550.5,3754.0
8230,2026-04-12,55.3,57.15,54.8,56.0,0.7,1.27,796118.0,44806571.7,3154.0
8230,2026-04-09,55.8,56.25,55.25,55.3,-1.2,-2.12,566338.0,31568120.8,2353.0
8230,2026-04-08,53.5,56.7,52.85,56.5,4.85,9.39,1941572.0,106952450.8,5144.0
8230,2026-04-07,52.6,52.7,51.3,51.65,-1.4,-2.64,877006.0,45322339.0,2881.0
8230,2026-04-06,53.6,53.6,52.75,53.05,-0.55,-1.03,613686.0,32592713.9,2884.0
8230,2026-04-05,52.45,53.95,51.85,53.6,1.3,2.49,1113488.0,59038305.1,3064.0
8230,2026-04-02,51.5,52.75,51.3,52.3,0.55,1.06,784874.0,40973427.0,3329.0
8230,2026-04-01,52.7,52.7,51.0,51.75,-1.1,-2.08,948096.0,49148376.5,3424.0
8230,2026-03-31,53.25,54.15,52.75,52.85,0.1,0.19,1131482.0,60449476.8,3798.0
8230,2026-03-30,53.5,53.65,52.75,52.75,-0.7,-1.31,1102248.0,58492412.1,3561.0
8230,2026-03-29,50.5,53.9,50.3,53.45,2.55,5.01,1544560.0,80602850.6,4334.0
8230,2026-03-26,52.2,52.2,50.7,50.9,-1.1,-2.12,760492.0,39026236.2,2747.0
8230,2026-03-25,51.7,52.75,51.5,52.0,0.55,1.07,910298.0,47330274.3,3247.0
8230,2026-03-24,50.2,52.45,49.78,51.45,2.3,4.68,1470134.0,75199527.35,4766.0
8230,2026-03-16,49.43,50.75,49.08,49.15,-0.28,-0.57,834732.0,41481677.2,3073.0
8230,2026-03-15,48.7,51.0,48.7,49.43,-0.07,-0.14,805738.0,40119413.65,2672.0
8230,2026-03-12,50.5,50.75,48.6,49.5,-1.0,-1.98,1306494.0,64762779.45,4973.0
8230,2026-03-11,51.15,52.8,49.9,50.5,-0.55,-1.08,2432388.0,124916896.8,8350.0
8230,2026-03-10,47.18,51.5,46.8,51.05,3.9,8.27,2637942.0,130363291.25,8918.0
8230,2026-03-09,47.1,48.5,46.15,47.15,2.15,4.78,3212860.0,152579051.95,8785.0
8230,2026-03-08,42.0,45.0,42.0,45.0,4.07,9.94,1816994.0,79455190.85,4112.0
8230,2026-03-05,41.25,41.98,40.55,40.93,-0.1,-0.24,848806.0,34935712.2,3318.0
8230,2026-03-04,39.0,41.25,38.9,41.03,1.9,4.86,1139356.0,45913767.8,4350.0
8230,2026-03-03,41.0,41.0,39.1,39.13,-1.5,-3.69,764690.0,30473376.15,3573.0
8230,2026-03-02,39.5,41.5,38.95,40.63,2.13,5.53,1823826.0,73305977.75,6467.0
8230,2026-03-01,36.98,40.3,36.78,38.5,1.25,3.36,2177928.0,84540108.75,5663.0
8230,2026-02-26,36.48,37.25,35.53,37.25,3.37,9.95,1289208.0,47394335.65,3947.0
8230,2026-02-25,33.8,34.3,33.75,33.88,0.03,0.09,211604.0,7198909.75,1282.0
8230,2026-02-24,34.25,34.48,33.75,33.85,-0.58,-1.68,280054.0,9530042.3,1428.0
8230,2026-02-23,35.3,35.8,33.9,34.43,-1.0,-2.82,430564.0,14872021.2,2162.0
8230,2026-02-19,36.9,36.9,35.33,35.43,-1.47,-3.98,509350.0,18258314.7,1839.0
8230,2026-02-18,36.45,37.33,35.95,36.9,0.55,1.51,603594.0,22162540.5,2820.0
8230,2026-02-17,37.5,37.53,35.95,36.35,-1.15,-3.07,922304.0,33700773.8,3107.0
8230,2026-02-16,39.33,39.33,37.33,37.5,-1.75,-4.46,674732.0,25618753.1,2869.0
8230,2026-02-15,39.08,39.43,39.08,39.25,0.12,0.31,148972.0,5850640.65,583.0
8230,2026-02-12,39.0,39.68,38.68,39.13,0.35,0.9,431090.0,16893834.35,1759.0
8230,2026-02-11,39.6,39.75,38.58,38.78,-0.87,-2.19,334254.0,12993921.25,1650.0
8230,2026-02-10,39.6,39.68,39.18,39.65,-0.05,-0.13,261256.0,10305921.6,1196.0
8230,2026-02-09,39.8,40.58,39.65,39.7,-0.05,-0.13,217594.0,8697292.1,1103.0
8230,2026-02-08,39.6,40.7,39.6,39.75,0.32,0.81,272426.0,10935079.75,973.0
8230,2026-02-05,41.0,41.1,39.4,39.43,-1.52,-3.71,388310.0,15540588.9,2139.0
8230,2026-02-04,41.45,41.73,40.95,40.95,-0.65,-1.56,231184.0,9552834.55,1043.0
8230,2026-02-03,42.18,42.48,41.4,41.6,-0.5,-1.19,324288.0,13608690.35,1619.0
8230,2026-02-02,40.75,42.25,40.15,42.1,1.3,3.19,434530.0,18011728.3,1661.0
8230,2026-02-01,41.63,41.98,40.53,40.8,-0.75,-1.81,374430.0,15411777.7,1418.0
8230,2026-01-29,42.53,42.63,41.55,41.55,-0.8,-1.89,581160.0,24347255.1,2193.0
8230,2026-01-28,41.75,43.23,41.63,42.35,0.7,1.68,944574.0,40062119.85,3111.0
8230,2026-01-27,41.98,42.4,41.55,41.65,-0.33,-0.79,493390.0,20700792.65,2247.0
8230,2026-01-26,43.13,43.15,41.85,41.98,-0.92,-2.14,545418.0,23130381.75,2180.0
8230,2026-01-25,43.4,43.75,42.73,42.9,-0.5,-1.15,376728.0,16207667.2,1512.0
8230,2026-01-22,43.0,44.15,42.0,43.4,1.17,2.77,2720286.0,117604823.05,7522.0
8230,2026-01-21,38.4,42.23,38.4,42.23,3.83,9.97,1923604.0,79498784.15,4617.0
8230,2026-01-20,39.2,39.4,38.4,38.4,-0.78,-1.99,266146.0,10315563.15,1699.0
8230,2026-01-19,39.98,39.98,39.15,39.18,-0.7,-1.76,326652.0,12913726.15,1601.0
8230,2026-01-18,38.35,40.05,38.35,39.88,1.73,4.53,446584.0,17703154.55,1396.0
8230,2026-01-15,39.05,39.05,38.15,38.15,-0.85,-2.18,234390.0,9003117.5,1690.0
8230,2026-01-14,39.55,39.88,38.75,39.0,-0.9,-2.26,426050.0,16725164.4,2335.0
8230,2026-01-13,39.5,39.9,38.73,39.9,0.45,1.14,398402.0,15713196.85,2271.0
8230,2026-01-12,39.65,39.93,39.2,39.45,0.32,0.82,258804.0,10227052.95,1642.0
8230,2026-01-11,38.4,39.55,38.08,39.13,1.45,3.85,291132.0,11294490.15,1323.0
8230,2026-01-08,37.73,37.95,37.25,37.68,-0.27,-0.71,234140.0,8805166.65,1465.0
8230,2026-01-07,38.5,39.05,37.58,37.95,0.72,1.93,366366.0,13968544.35,2041.0
8230,2026-01-06,38.63,38.63,37.23,37.23,-1.2,-3.12,277408.0,10516398.4,1914.0
8230,2026-01-05,39.63,40.05,38.15,38.43,-1.22,-3.08,445430.0,17266785.0,2765.0
8230,2026-01-04,40.3,40.43,39.38,39.65,-0.65,-1.61,215314.0,8546763.0,951.0
8230,2026-01-01,39.5,40.3,39.1,40.3,1.4,3.6,148530.0,5914768.85,945.0
8230,2025-12-31,37.25,39.15,37.25,38.9,1.65,4.43,317376.0,12210724.75,1664.0
8230,2025-12-30,38.8,38.8,37.18,37.25,-1.38,-3.57,300272.0,11350588.7,2146.0
8230,2025-12-29,38.28,38.95,38.03,38.63,0.3,0.78,148030.0,5724147.55,959.0
8230,2025-12-28,39.5,39.5,38.2,38.33,-1.2,-3.04,133536.0,5160848.25,937.0
8230,2025-12-25,39.23,39.7,39.05,39.53,0.3,0.76,79760.0,3142167.65,481.0
8230,2025-12-24,39.8,39.88,38.95,39.23,-0.32,-0.81,110838.0,4349622.6,760.0
8230,2025-12-23,39.5,40.4,39.35,39.55,0.2,0.51,273436.0,10896924.0,1322.0
8230,2025-12-22,40.0,40.03,39.28,39.35,-0.48,-1.21,122566.0,4838689.6,765.0
8230,2025-12-21,39.3,40.28,39.13,39.83,0.8,2.05,201384.0,8026687.15,1121.0
8230,2025-12-18,41.85,41.85,38.9,39.03,-0.57,-1.44,328438.0,12938819.75,2325.0
8230,2025-12-17,40.15,40.45,39.55,39.6,-0.55,-1.37,290380.0,11572838.05,1635.0
8230,2025-12-16,41.4,41.4,40.08,40.15,-1.25,-3.02,322016.0,13087292.3,1887.0
8230,2025-12-15,41.75,41.88,41.0,41.4,-0.35,-0.84,248038.0,10286334.65,1218.0
8230,2025-12-14,42.35,42.35,41.5,41.75,-0.65,-1.53,142532.0,5964431.0,1104.0
8230,2025-12-11,43.83,43.83,41.73,42.4,-1.15,-2.64,386704.0,16403946.5,2133.0
8230,2025-12-10,43.7,43.7,42.93,43.55,0.45,1.04,280780.0,12150787.3,1315.0
8230,2025-12-09,42.9,43.5,42.63,43.1,0.2,0.47,219048.0,9448268.75,1487.0
8230,2025-12-08,43.4,43.45,42.58,42.9,-0.5,-1.15,277492.0,11899406.45,1428.0
8230,2025-12-07,43.45,43.95,42.95,43.4,-0.05,-0.12,113956.0,4931179.65,678.0
8230,2025-12-04,43.2,44.0,43.2,43.45,0.27,0.63,306138.0,13385479.35,1844.0
8230,2025-12-03,42.9,43.88,42.68,43.18,0.88,2.08,326550.0,14135367.3,2088.0
8230,2025-12-02,42.6,43.4,42.25,42.3,-0.03,-0.07,277346.0,11866912.05,1872.0
8230,2025-12-01,42.8,42.8,42.0,42.33,-0.17,-0.4,223846.0,9495460.1,1608.0
8230,2025-11-30,43.5,43.65,42.3,42.5,-0.8,-1.85,223962.0,9588949.5,1658.0
8230,2025-11-27,44.0,44.33,43.13,43.3,-0.45,-1.03,585700.0,25543622.55,2990.0
8230,2025-11-26,45.08,45.25,43.38,43.75,-1.33,-2.95,842028.0,37091463.55,4258.0
8230,2025-11-25,48.2,48.5,45.03,45.08,-2.72,-5.69,980630.0,45384177.7,5139.0
8230,2025-11-24,50.75,50.75,47.8,47.8,-3.05,-6.0,6360522.0,304942368.65,4894.0
8230,2025-11-23,51.25,51.9,50.85,50.85,-0.3,-0.59,140796.0,7189663.7,874.0
8230,2025-11-20,51.0,52.1,50.8,51.15,0.1,0.2,262838.0,13511199.2,1726.0
8230,2025-11-19,51.95,52.9,51.05,51.05,-0.25,-0.49,326598.0,16884323.5,1873.0
8230,2025-11-18,50.95,52.35,50.7,51.3,0.4,0.79,348624.0,18017993.0,2539.0
8230,2025-11-17,52.25,52.5,50.9,50.9,-1.5,-2.86,291616.0,15040108.9,2016.0
8230,2025-11-16,52.85,52.9,51.75,52.4,-0.55,-1.04,116372.0,6087739.1,1045.0
8230,2025-11-13,52.7,54.05,52.55,52.95,-0.05,-0.09,375182.0,19891433.1,1802.0
8230,2025-11-12,52.15,54.05,52.05,53.0,0.95,1.83,465696.0,24812822.5,2349.0
8230,2025-11-11,51.8,52.45,51.6,52.05,-0.2,-0.38,342864.0,17835941.2,1919.0
8230,2025-11-10,53.0,53.1,52.05,52.25,-0.75,-1.42,302122.0,15860769.5,2021.0
8230,2025-11-09,54.5,54.7,52.65,53.0,-1.55,-2.84,193522.0,10302447.3,1216.0
8230,2025-11-06,55.5,56.0,53.85,54.55,-1.25,-2.24,391126.0,21380387.6,2353.0
8230,2025-11-05,56.75,56.9,55.7,55.8,-0.95,-1.67,169438.0,9537675.7,1374.0
8230,2025-11-04,57.35,57.4,56.65,56.75,-0.6,-1.05,143680.0,8180577.1,1522.0
8230,2025-11-03,58.55,58.55,57.15,57.35,-0.95,-1.63,240106.0,13849403.1,1498.0
8230,2025-11-02,58.5,59.0,58.15,58.3,-0.65,-1.1,131946.0,7715701.4,821.0
8230,2025-10-30,58.2,60.15,58.2,58.95,0.65,1.11,790896.0,46920725.6,4039.0
8230,2025-10-29,58.0,58.4,57.75,58.3,0.3,0.52,247822.0,14380129.4,1148.0
8230,2025-10-28,58.0,58.25,57.8,58.0,0.0,0.0,202160.0,11728584.7,1091.0
8230,2025-10-27,58.0,58.2,57.7,58.0,0.1,0.17,198406.0,11500438.4,1565.0
8230,2025-10-26,57.8,58.2,57.7,57.9,0.2,0.35,65580.0,3796186.2,499.0
8230,2025-10-23,57.75,58.0,57.35,57.7,-0.05,-0.09,162942.0,9381052.7,928.0
8230,2025-10-22,58.35,58.5,57.2,57.75,-0.15,-0.26,200128.0,11585512.0,1279.0
8230,2025-10-21,58.55,58.65,57.9,57.9,-0.6,-1.03,169600.0,9867672.9,1296.0
8230,2025-10-20,58.9,59.6,58.4,58.5,-0.3,-0.51,338004.0,19896975.9,2119.0
8230,2025-10-19,58.5,59.25,58.5,58.8,0.4,0.68,221244.0,13013408.5,1059.0
8230,2025-10-16,59.25,59.25,58.3,58.4,-0.45,-0.76,237862.0,13947001.1,1612.0
8230,2025-10-15,59.15,60.05,58.85,58.85,-0.15,-0.25,444516.0,26467106.0,2444.0
8230,2025-10-14,59.65,59.65,58.75,59.0,-0.35,-0.59,289782.0,17105757.4,2403.0
8230,2025-10-13,59.6,59.85,59.05,59.35,-0.1,-0.17,260446.0,15483187.3,2275.0
8230,2025-10-12,59.0,59.75,58.1,59.45,-0.75,-1.25,144806.0,8583691.4,812.0
8230,2025-10-09,60.05,60.2,59.55,60.2,-0.2,-0.33,206128.0,12321583.9,1393.0
8230,2025-10-08,60.95,61.05,59.65,60.4,-0.6,-0.98,264512.0,15933868.3,1375.0
8230,2025-10-07,61.05,61.4,60.65,61.0,-0.05,-0.08,266168.0,16233126.1,1575.0
8230,2025-10-06,60.0,61.1,60.0,61.05,0.75,1.24,469850.0,28531683.4,2010.0
8230,2025-10-05,60.0,60.95,60.0,60.3,0.3,0.5,157620.0,9529849.0,942.0
8230,2025-10-02,61.85,61.85,59.75,60.0,-1.45,-2.36,395290.0,23927805.3,1973.0
8230,2025-10-01,60.75,62.45,60.75,61.45,0.8,1.32,647412.0,40018698.7,2633.0
8230,2025-09-30,60.3,61.25,60.3,60.65,0.2,0.33,293656.0,17883335.7,1756.0
8230,2025-09-29,60.5,60.95,59.3,60.45,0.25,0.42,341654.0,20640051.7,2164.0
8230,2025-09-28,61.0,61.3,60.2,60.2,-0.95,-1.55,192870.0,11703188.4,901.0
8230,2025-09-25,61.45,61.45,60.05,61.15,0.45,0.74,470686.0,28609609.5,2732.0
8230,2025-09-24,60.5,61.5,59.7,60.7,1.2,2.02,541764.0,33041210.3,3851.0
8230,2025-09-22,58.8,60.65,57.85,59.5,0.8,1.36,535116.0,31922902.7,3552.0
8230,2025-09-21,57.65,58.75,57.2,58.7,1.05,1.82,244630.0,14265950.2,1408.0
8230,2025-09-18,57.4,57.95,56.75,57.65,0.6,1.05,417392.0,23957245.7,2429.0
8230,2025-09-17,56.55,57.25,56.55,57.05,0.5,0.88,260126.0,14784414.0,2946.0
8230,2025-09-16,56.35,56.65,55.9,56.55,0.2,0.35,197742.0,11150876.6,1855.0
8230,2025-09-15,56.45,56.7,55.7,56.35,-0.1,-0.18,298108.0,16705655.1,2222.0
8230,2025-09-14,56.7,57.0,55.95,56.45,-0.25,-0.44,59250.0,3345519.7,521.0
8230,2025-09-11,57.0,57.45,56.45,56.7,-0.1,-0.18,122210.0,6980812.1,758.0
8230,2025-09-10,57.7,57.7,56.8,56.8,-1.0,-1.73,140514.0,8017330.8,1510.0
8230,2025-09-09,56.85,57.8,56.85,57.8,0.5,0.87,206514.0,11841269.6,1342.0
8230,2025-09-08,57.5,57.8,56.85,57.3,-0.05,-0.09,115786.0,6617302.4,754.0
8230,2025-09-07,57.25,58.3,57.25,57.35,0.2,0.35,158742.0,9165196.9,940.0
8230,2025-09-04,57.5,57.65,57.0,57.15,-0.55,-0.95,182750.0,10468905.2,1213.0
8230,2025-09-03,58.0,59.15,57.55,57.7,-0.8,-1.37,165112.0,9620854.0,962.0
8230,2025-09-02,58.85,58.85,57.3,58.5,-0.15,-0.26,155872.0,9032105.6,1659.0
8230,2025-09-01,57.75,59.15,56.8,58.65,1.0,1.73,228262.0,13242003.1,2168.0
8230,2025-08-31,58.05,58.65,57.55,57.65,-0.7,-1.2,128082.0,7428395.3,820.0
8230,2025-08-28,59.85,60.0,58.35,58.35,-1.6,-2.67,263420.0,15554492.8,1761.0
8230,2025-08-27,60.35,60.65,59.65,59.95,-0.2,-0.33,121540.0,7318648.1,1393.0
8230,2025-08-26,59.95,60.4,59.2,60.15,0.05,0.08,216312.0,12969320.4,1396.0
8230,2025-08-25,59.2,60.4,59.0,60.1,0.5,0.84,134000.0,8018556.2,951.0
8230,2025-08-24,59.7,60.15,59.4,59.6,0.1,0.17,86114.0,5148812.1,513.0
8230,2025-08-21,61.15,61.2,59.4,59.5,-1.7,-2.78,219228.0,13161347.2,1777.0
8230,2025-08-20,59.9,61.2,59.8,61.2,1.1,1.83,230510.0,14004977.7,1606.0
8230,2025-08-19,60.5,60.5,59.4,60.1,0.0,0.0,140094.0,8373219.9,1177.0
8230,2025-08-18,59.4,60.65,59.4,60.1,0.4,0.67,217282.0,13071607.3,1529.0
8230,2025-08-17,59.3,60.0,59.2,59.7,0.4,0.67,102144.0,6100410.1,625.0
8230,2025-08-14,59.35,60.5,59.05,59.3,-0.1,-0.17,306918.0,18336162.1,1970.0
8230,2025-08-13,58.5,59.5,58.2,59.4,1.05,1.8,191642.0,11316878.9,1482.0
8230,2025-08-12,58.95,61.0,58.25,58.35,-0.4,-0.68,428234.0,25468710.4,2553.0
8230,2025-08-11,59.5,59.6,58.45,58.75,-0.45,-0.76,214944.0,12686090.2,1765.0
8230,2025-08-10,59.6,59.85,59.0,59.2,-0.45,-0.75,88596.0,5261652.4,587.0
8230,2025-08-07,59.15,60.4,59.0,59.65,0.65,1.1,154674.0,9241920.7,1830.0
8230,2025-08-06,58.45,59.35,58.45,59.0,0.1,0.17,154832.0,9138957.6,1049.0
8230,2025-08-05,58.35,58.9,58.2,58.9,0.55,0.94,146854.0,8599428.3,1048.0
8230,2025-08-04,58.45,58.45,57.65,58.35,-0.1,-0.17,113996.0,6620277.0,1040.0
8230,2025-08-03,59.0,59.2,58.0,58.45,-0.95,-1.6,138228.0,8093461.5,1157.0
8230,2025-07-31,58.5,60.5,57.7,59.4,1.2,2.06,468068.0,27783804.4,2836.0
8230,2025-07-30,58.2,59.5,57.95,58.2,0.7,1.22,287176.0,16812820.5,2252.0
8230,2025-07-29,58.5,58.5,56.95,57.5,-0.45,-0.78,117106.0,6732475.1,1328.0
8230,2025-07-28,58.85,58.95,57.65,57.95,-0.9,-1.53,125568.0,7316949.6,1224.0
8230,2025-07-27,58.15,59.55,58.15,58.85,0.7,1.2,143642.0,8456385.4,819.0
8230,2025-07-24,58.45,58.45,57.3,58.15,-0.5,-0.85,138514.0,8019071.7,1451.0
8230,2025-07-23,58.15,59.0,57.7,58.65,0.5,0.86,144954.0,8455179.1,1454.0
8230,2025-07-22,58.9,59.15,57.5,58.15,-0.75,-1.27,188040.0,10963117.8,1955.0
8230,2025-07-21,60.8,60.95,58.9,58.9,-1.9,-3.13,225082.0,13412656.7,1972.0
8230,2025-07-20,60.65,61.15,60.25,60.8,0.25,0.41,100418.0,6082951.4,800.0
8230,2025-07-17,62.4,62.4,60.05,60.55,-1.6,-2.57,338404.0,20582110.1,2526.0
8230,2025-07-16,60.5,62.3,59.8,62.15,1.45,2.39,460996.0,28259885.1,2756.0
8230,2025-07-15,61.0,61.45,60.45,60.7,-0.8,-1.3,150374.0,9144152.0,1609.0
8230,2025-07-14,61.3,61.5,60.15,61.5,0.25,0.41,178438.0,10844669.9,1377.0
8230,2025-07-13,61.0,62.85,60.95,61.25,0.5,0.82,432780.0,26838825.9,2009.0
8230,2025-07-10,61.0,61.4,60.35,60.75,-0.1,-0.16,161734.0,9838759.5,1375.0
8230,2025-07-09,60.95,61.15,60.0,60.85,-0.3,-0.49,197236.0,11962649.2,1752.0
8230,2025-07-08,62.25,62.25,60.9,61.15,-0.95,-1.53,242398.0,14907298.8,1797.0
8230,2025-07-07,62.55,62.85,61.9,62.1,-0.4,-0.64,205266.0,12786338.1,1586.0
8230,2025-07-06,62.3,63.1,61.55,62.5,0.85,1.38,254226.0,15836316.0,1365.0
8230,2025-07-03,63.5,63.5,61.6,61.65,-1.85,-2.91,332284.0,20645190.9,2673.0
8230,2025-07-02,63.2,63.5,62.15,63.5,0.6,0.95,199742.0,12527141.7,1939.0
8230,2025-07-01,64.5,64.5,62.8,62.9,-1.4,-2.18,214806.0,13605640.0,2000.0
8230,2025-06-30,63.7,66.4,62.85,64.3,1.15,1.82,636028.0,41254458.6,3691.0
8230,2025-06-29,60.85,63.75,60.1,63.15,2.65,4.38,700800.0,43419900.5,2912.0
8230,2025-06-26,60.2,61.0,59.6,60.5,0.4,0.67,289212.0,17425492.0,1937.0
8230,2025-06-25,61.5,61.5,58.3,60.1,-0.5,-0.83,691216.0,41264172.8,3064.0
8230,2025-06-24,58.1,60.7,57.3,60.6,4.1,7.26,784596.0,46512719.2,3380.0
8230,2025-06-23,52.0,57.0,51.5,56.5,4.6,8.86,1242084.0,69257608.0,4719.0
8230,2025-06-22,52.0,53.8,51.4,51.9,-0.1,-0.19,338926.0,17846545.6,1562.0
8230,2025-06-19,52.0,52.7,51.0,52.0,-0.7,-1.33,460384.0,23912054.4,2596.0
8230,2025-06-18,54.6,54.7,52.3,52.7,-2.0,-3.66,555988.0,29417200.4,3659.0
8230,2025-06-17,56.6,58.0,54.7,54.7,-2.4,-4.2,337734.0,18951778.4,2562.0
8230,2025-06-16,55.5,57.5,55.5,57.1,1.3,2.33,236398.0,13447002.4,1894.0
8230,2025-06-15,51.6,56.5,51.6,55.8,-1.2,-2.11,262560.0,14372173.2,1443.0
8230,2025-06-12,58.1,59.0,56.9,57.0,-2.1,-3.55,336912.0,19378540.6,3069.0
8230,2025-06-11,60.9,62.1,59.0,59.1,-1.7,-2.8,306524.0,18453060.2,2282.0
8230,2025-06-04,58.5,62.1,58.5,60.8,2.4,4.11,531260.0,32189183.6,3467.0
8230,2025-06-03,57.1,58.8,56.1,58.4,1.8,3.18,392100.0,22740301.2,2599.0
8230,2025-06-02,56.1,57.2,55.6,56.6,0.6,1.07,200876.0,11317251.0,1817.0
8230,2025-06-01,57.4,57.4,55.1,56.0,-0.5,-0.88,130236.0,7277041.6,1062.0
8230,2025-05-29,57.4,58.4,56.2,56.5,-0.9,-1.57,427238.0,24319913.4,2560.0
8230,2025-05-28,56.4,57.4,56.0,57.4,1.0,1.77,228358.0,12984565.2,1682.0
8230,2025-05-27,57.5,57.9,55.8,56.4,-1.5,-2.59,166024.0,9396394.6,1509.0
8230,2025-05-26,58.3,59.2,57.3,57.9,-0.4,-0.69,142058.0,8286975.2,1278.0
8230,2025-05-25,58.5,59.3,58.0,58.3,-1.3,-2.18,129946.0,7603020.8,1016.0
8230,2025-05-22,57.7,60.0,56.6,59.6,2.1,3.65,334190.0,19697746.8,2575.0
8230,2025-05-21,59.9,59.9,57.5,57.5,-2.5,-4.17,367230.0,21373176.4,2660.0
8230,2025-05-20,60.6,60.7,59.7,60.0,-0.6,-0.99,184352.0,11067247.2,1417.0
8230,2025-05-19,62.1,62.1,60.5,60.6,-1.3,-2.1,89442.0,5455098.6,1092.0
8230,2025-05-18,62.0,62.3,61.6,61.9,0.0,0.0,62560.0,3872731.0,432.0
8230,2025-05-15,62.0,62.0,61.0,61.9,-0.1,-0.16,111874.0,6871424.2,1057.0
8230,2025-05-14,63.0,63.0,62.0,62.0,-0.5,-0.8,97594.0,6090417.8,1037.0
8230,2025-05-13,62.5,62.5,61.1,62.5,0.5,0.81,172242.0,10676478.2,1436.0
8230,2025-05-12,60.5,63.0,60.5,62.0,2.0,3.33,329714.0,20499242.4,2036.0
8230,2025-05-11,61.7,62.0,60.0,60.0,-1.7,-2.76,152766.0,9271318.0,1033.0
8230,2025-05-08,62.7,63.2,61.4,61.7,-0.7,-1.12,237916.0,14723843.4,1698.0
8230,2025-05-07,64.7,64.7,62.3,62.4,-2.0,-3.11,218502.0,13722895.8,1441.0
8230,2025-05-06,63.7,65.2,63.7,64.4,0.7,1.1,216966.0,13986669.4,1633.0
8230,2025-05-05,64.5,64.5,62.7,63.7,-0.3,-0.47,170636.0,10809247.8,1877.0
8230,2025-05-04,65.5,65.8,64.0,64.0,-1.8,-2.74,131738.0,8510826.8,1010.0
8230,2025-05-01,65.5,67.5,65.0,65.8,0.3,0.46,329998.0,21858373.8,2552.0
8230,2025-04-30,66.6,66.7,64.8,65.5,-1.1,-1.65,210612.0,13783496.4,1523.0
8230,2025-04-29,67.0,67.5,66.6,66.6,-0.4,-0.6,109852.0,7356826.8,884.0
8230,2025-04-28,67.4,67.4,66.4,67.0,0.0,0.0,112938.0,7541999.4,919.0
8230,2025-04-27,67.2,67.8,66.0,67.0,-0.2,-0.3,92522.0,6194256.2,848.0
8230,2025-04-24,66.1,67.2,65.7,67.2,1.2,1.82,216250.0,14407939.6,1433.0
8230,2025-04-23,65.5,66.6,65.0,66.0,0.8,1.23,160916.0,10587100.0,1080.0
8230,2025-04-22,65.7,66.1,64.5,65.2,-1.0,-1.51,105528.0,6899586.6,1212.0
8230,2025-04-21,66.2,66.6,66.0,66.2,-0.6,-0.9,56340.0,3733046.0,520.0
8230,2025-04-20,66.9,67.6,66.5,66.8,-0.1,-0.15,80036.0,5358461.8,624.0
8230,2025-04-17,67.8,67.8,66.0,66.9,-0.9,-1.33,183014.0,12205959.8,1507.0
8230,2025-04-16,68.0,68.7,67.0,67.8,-0.6,-0.88,126158.0,8563927.0,1076.0
8230,2025-04-15,68.2,69.7,67.5,68.4,0.2,0.29,269574.0,18565427.6,1775.0
8230,2025-04-14,68.2,69.0,67.0,68.2,0.1,0.15,271686.0,18545744.0,1857.0
8230,2025-04-13,67.7,68.4,67.1,68.1,1.2,1.79,247206.0,16784233.2,1283.0
8230,2025-04-10,70.4,70.4,66.3,66.9,2.1,3.24,446622.0,30262731.6,2366.0
8230,2025-04-09,62.0,67.0,61.7,64.8,1.8,2.86,684968.0,44661287.4,3928.0
8230,2025-04-08,63.0,64.4,62.0,63.0,1.3,2.11,624708.0,39515947.2,3922.0
8230,2025-04-07,61.5,62.9,58.5,61.7,-3.3,-5.08,992498.0,60781809.2,4728.0
8230,2025-04-06,67.6,68.5,64.8,65.0,-6.4,-8.96,238426.0,15817277.0,2023.0
8230,2025-04-03,70.0,71.5,69.2,71.4,0.7,0.99,108940.0,7687774.2,1087.0
8230,2025-03-27,69.1,70.8,68.6,70.7,2.0,2.91,275988.0,19271695.8,1790.0
8230,2025-03-26,67.7,68.9,66.6,68.7,0.7,1.03,436464.0,29753703.2,3155.0
8230,2025-03-25,69.2,69.2,66.8,68.0,-1.5,-2.16,211824.0,14354138.2,2217.0
8230,2025-03-24,68.0,70.2,65.6,69.5,1.5,2.21,460544.0,31285756.6,3924.0
8230,2025-03-23,71.2,71.2,68.0,68.0,-3.3,-4.63,219992.0,15178663.0,1832.0
8230,2025-03-20,72.6,73.0,70.2,71.3,-1.6,-2.19,395950.0,28129215.8,3062.0
8230,2025-03-19,73.8,73.8,72.4,72.9,-1.2,-1.62,110328.0,8062367.0,1071.0
8230,2025-03-18,73.5,74.1,71.5,74.1,0.6,0.82,231088.0,16904473.6,2554.0
8230,2025-03-17,75.3,75.7,73.3,73.5,-1.9,-2.52,415840.0,30954588.6,3801.0
8230,2025-03-16,75.6,77.0,75.1,75.4,-0.2,-0.26,312022.0,23634605.4,2190.0
8230,2025-03-13,76.5,76.8,75.1,75.6,-1.4,-1.82,163866.0,12441587.4,1764.0
8230,2025-03-12,76.0,77.0,74.0,77.0,1.0,1.32,410484.0,30984005.6,2697.0
8230,2025-03-11,76.5,77.3,73.6,76.0,-1.0,-1.3,477874.0,36221716.2,3788.0
8230,2025-03-10,77.0,77.0,74.3,77.0,0.8,1.05,164488.0,12468604.6,1640.0
8230,2025-03-09,76.0,77.0,75.3,76.2,0.2,0.26,140158.0,10643647.6,789.0
8230,2025-03-06,76.0,76.1,73.8,76.0,0.5,0.66,233456.0,17526241.2,2153.0
8230,2025-03-05,75.8,77.2,74.5,75.5,0.0,0.0,198716.0,15057729.4,1679.0
8230,2025-03-04,79.2,79.2,75.4,75.5,-3.5,-4.43,224210.0,17224211.2,2772.0
8230,2025-03-03,81.5,81.5,73.7,79.0,-2.8,-3.42,366618.0,28836557.4,3123.0
8230,2025-03-02,82.5,83.2,80.5,81.8,-1.7,-2.04,156008.0,12744102.8,1170.0
8230,2025-02-27,83.1,84.5,82.8,83.5,0.3,0.36,292878.0,24486268.0,2895.0
8230,2025-02-26,82.8,83.7,81.9,83.2,0.4,0.48,73646.0,6103060.8,1775.0
8230,2025-02-25,83.6,83.6,81.5,82.8,-0.8,-0.96,125142.0,10348295.8,1752.0
8230,2025-02-24,84.7,85.3,82.8,83.6,-1.0,-1.18,90364.0,7540651.4,1523.0
8230,2025-02-20,83.7,84.6,83.0,84.6,0.9,1.08,73984.0,6218049.4,1154.0
8230,2025-02-19,84.1,84.6,83.3,83.7,-0.8,-0.95,103280.0,8668999.8,1263.0
8230,2025-02-18,84.0,85.0,83.7,84.5,0.5,0.6,72458.0,6104339.0,865.0
8230,2025-02-17,85.7,85.7,83.8,84.0,-1.7,-1.98,147528.0,12451061.8,1500.0
8230,2025-02-16,85.6,87.0,85.6,85.7,-0.1,-0.12,78826.0,6781996.0,750.0
8230,2025-02-13,87.1,87.2,85.5,85.8,-0.6,-0.69,121964.0,10497531.8,1229.0
8230,2025-02-12,86.3,87.2,86.3,86.4,-0.3,-0.35,148064.0,12834365.2,1355.0
8230,2025-02-11,86.3,87.5,86.3,86.7,0.4,0.46,95204.0,8273930.0,1075.0
8230,2025-02-10,86.7,87.2,86.0,86.3,-0.4,-0.46,81468.0,7051833.6,977.0
8230,2025-02-09,86.7,87.4,86.2,86.7,0.0,0.0,103340.0,8988930.2,630.0
8230,2025-02-06,86.5,87.0,86.0,86.7,-0.1,-0.12,129586.0,11198063.8,925.0
8230,2025-02-05,87.6,87.6,86.6,86.8,-0.8,-0.91,74682.0,6502547.6,833.0
8230,2025-02-04,87.0,87.8,86.3,87.6,0.7,0.81,166202.0,14467872.2,1466.0
8230,2025-02-03,87.2,87.2,85.5,86.9,0.0,0.0,102462.0,8842368.0,1307.0
8230,2025-02-02,86.9,88.0,86.4,86.9,0.0,0.0,139002.0,12083975.4,1341.0
8230,2025-01-30,86.8,87.8,86.5,86.9,-0.2,-0.23,129694.0,11303010.2,1311.0
8230,2025-01-29,89.3,89.3,86.0,87.1,-1.8,-2.02,345604.0,30009782.4,3388.0
8230,2025-01-28,89.5,90.0,88.7,88.9,-0.6,-0.67,144000.0,12858916.2,1190.0
8230,2025-01-27,90.8,90.8,88.4,89.5,-0.5,-0.56,158500.0,14193389.8,1808.0
8230,2025-01-26,89.9,91.4,89.4,90.0,0.2,0.22,215672.0,19546572.2,1099.0
8230,2025-01-23,91.3,91.3,88.5,89.8,-0.7,-0.77,203524.0,18203780.2,2091.0
8230,2025-01-22,91.9,92.0,90.3,90.5,-1.4,-1.52,156260.0,14244652.2,1470.0
8230,2025-01-21,89.0,91.9,88.3,91.9,2.9,3.26,426480.0,38571926.6,2267.0
8230,2025-01-20,87.5,89.3,87.0,89.0,1.6,1.83,340712.0,30154982.6,2435.0
8230,2025-01-19,86.8,87.7,86.1,87.4,0.1,0.11,232410.0,20211287.4,1930.0
8230,2025-01-16,88.5,88.5,87.1,87.3,-1.2,-1.36,110174.0,9634252.2,1243.0
8230,2025-01-15,88.1,88.6,87.4,88.5,0.5,0.57,187838.0,16558171.6,1976.0
8230,2025-01-14,88.4,89.0,86.0,88.0,0.3,0.34,408310.0,35719379.6,3007.0
8230,2025-01-13,89.0,90.0,87.1,87.7,-1.6,-1.79,298126.0,26264451.2,2673.0
8230,2025-01-12,91.9,91.9,89.3,89.3,-1.2,-1.33,124344.0,11210624.8,966.0
8230,2025-01-09,91.0,91.2,89.1,90.5,-0.2,-0.22,305936.0,27629617.4,2114.0
8230,2025-01-08,93.0,93.5,90.7,90.7,-2.3,-2.47,441108.0,40670298.4,2776.0
8230,2025-01-07,89.9,93.5,89.3,93.0,3.2,3.56,689408.0,63312889.2,3729.0
8230,2025-01-06,88.5,90.0,86.9,89.8,1.4,1.58,346500.0,30811879.0,2476.0
8230,2025-01-05,86.3,89.8,86.0,88.4,2.2,2.55,444106.0,39155805.2,1874.0
8230,2025-01-02,86.0,86.5,85.0,86.2,0.4,0.47,117950.0,10135257.4,876.0
8230,2025-01-01,85.8,86.4,85.0,85.8,0.0,0.0,90334.0,7760691.2,681.0
8230,2024-12-31,85.6,87.2,84.8,85.8,0.3,0.35,248634.0,21405297.0,1805.0
8230,2024-12-30,84.5,87.1,84.4,85.5,1.3,1.54,417744.0,35838734.4,2502.0
8230,2024-12-29,81.9,84.2,81.9,84.2,2.0,2.43,183828.0,15330711.6,1282.0
8230,2024-12-26,82.1,82.5,81.5,82.2,0.3,0.37,78868.0,6471387.4,685.0
8230,2024-12-25,81.0,82.1,81.0,81.9,0.7,0.86,74206.0,6068176.6,604.0
8230,2024-12-24,80.4,81.9,79.5,81.2,1.2,1.5,167766.0,13546937.8,1424.0
8230,2024-12-23,81.8,82.9,80.0,80.0,-1.7,-2.08,296656.0,24084562.0,2963.0
8230,2024-12-22,83.2,83.9,81.5,81.7,-1.5,-1.8,141378.0,11741401.8,1443.0
8230,2024-12-19,84.3,84.4,82.9,83.2,-1.1,-1.3,160492.0,13377563.6,1370.0
8230,2024-12-18,84.1,84.3,82.6,84.3,0.5,0.6,155790.0,12979379.4,1529.0
8230,2024-12-17,85.5,86.2,83.4,83.8,-1.5,-1.76,228250.0,19210421.6,2217.0
8230,2024-12-16,86.4,86.4,84.2,85.3,-0.7,-0.81,234856.0,19972583.6,1822.0
8230,2024-12-15,87.4,87.4,85.7,86.0,-1.2,-1.38,126512.0,10924310.0,1084.0
8230,2024-12-12,89.1,89.2,86.6,87.2,-1.9,-2.13,230670.0,20182010.4,2135.0
8230,2024-12-11,89.1,89.9,87.8,89.1,0.2,0.22,234864.0,20865513.6,4092.0
8230,2024-12-10,91.0,91.2,88.8,88.9,-1.8,-1.98,283192.0,25394671.2,2565.0
8230,2024-12-09,88.9,91.3,88.2,90.7,3.2,3.66,744528.0,66982075.0,4136.0
8230,2024-12-08,88.4,88.7,87.2,87.5,-0.4,-0.46,103296.0,9075568.4,688.0
8230,2024-12-05,88.0,89.9,87.2,87.9,-0.1,-0.11,357088.0,31710158.0,2463.0
8230,2024-12-04,84.9,88.4,84.1,88.0,3.4,4.02,402510.0,34901940.4,2586.0
8230,2024-12-03,84.2,85.2,83.9,84.6,0.5,0.59,174268.0,14740489.0,1232.0
8230,2024-12-02,84.2,85.9,83.7,84.1,-0.1,-0.12,253124.0,21471707.0,1628.0
8230,2024-12-01,83.7,84.7,83.3,84.2,0.9,1.08,127946.0,10768928.8,656.0
8230,2024-11-28,83.0,83.9,81.3,83.3,0.9,1.09,175510.0,14569490.4,1466.0
8230,2024-11-27,85.5,85.5,82.4,82.4,-3.1,-3.63,354676.0,29553777.0,2591.0
8230,2024-11-26,86.0,86.3,84.7,85.5,-0.9,-1.04,237186.0,20284992.8,1605.0
8230,2024-11-25,86.6,87.0,83.9,86.4,-0.6,-0.69,617462.0,52775797.8,2474.0
8230,2024-11-24,87.5,88.2,86.6,87.0,-0.5,-0.57,64850.0,5662263.0,622.0
8230,2024-11-21,87.9,89.2,86.7,87.5,-1.0,-1.13,193836.0,17007842.4,1578.0
8230,2024-11-20,88.7,89.4,87.4,88.5,-0.2,-0.23,133216.0,11760970.8,1425.0
8230,2024-11-19,89.4,89.4,88.4,88.7,-0.7,-0.78,156082.0,13856837.2,1836.0
8230,2024-11-18,89.9,90.6,86.5,89.4,1.5,1.71,633914.0,56345631.8,4563.0
8230,2024-11-17,84.6,90.9,84.5,87.9,3.3,3.9,852836.0,75064038.6,3185.0
8230,2024-11-14,84.5,85.6,83.9,84.6,0.1,0.12,249846.0,21182702.8,2216.0
8230,2024-11-13,85.4,85.4,83.4,84.5,-0.5,-0.59,165108.0,13905871.0,1642.0
8230,2024-11-12,85.0,85.0,84.3,85.0,-0.1,-0.12,134672.0,11402922.8,1222.0
8230,2024-11-11,85.0,86.3,83.5,85.1,0.6,0.71,337326.0,28728182.2,2109.0
8230,2024-11-10,85.1,85.4,83.7,84.5,-0.5,-0.59,102836.0,8668480.2,814.0
8230,2024-11-07,85.6,85.8,84.0,85.0,-0.6,-0.7,168080.0,14292491.0,1324.0
8230,2024-11-06,85.4,87.1,84.5,85.6,0.6,0.71,322152.0,27601226.8,2252.0
8230,2024-11-05,86.0,86.0,83.6,85.0,-1.4,-1.62,313234.0,26495463.8,2739.0
8230,2024-11-04,89.0,89.0,85.6,86.4,-2.3,-2.59,250910.0,21764920.0,2098.0
8230,2024-11-03,89.7,89.9,88.7,88.7,-0.9,-1.0,112206.0,10003089.4,832.0
8230,2024-10-31,90.2,91.7,88.7,89.6,-0.4,-0.44,326336.0,29379856.6,2343.0
8230,2024-10-30,89.5,90.0,88.8,90.0,0.1,0.11,102232.0,9152569.2,1177.0
8230,2024-10-29,90.5,90.5,88.5,89.9,0.0,0.0,199540.0,17787810.8,2303.0
8230,2024-10-28,91.0,91.9,89.4,89.9,-0.5,-0.55,244050.0,22114947.4,2028.0
8230,2024-10-27,89.1,91.0,89.1,90.4,1.4,1.57,252044.0,22827735.2,1240.0
8230,2024-10-24,89.0,89.5,87.9,89.0,0.3,0.34,202192.0,17961473.2,2404.0
8230,2024-10-23,89.0,89.0,87.4,88.7,-0.1,-0.11,194190.0,17060083.8,1623.0
8230,2024-10-22,91.0,91.0,88.0,88.8,-1.7,-1.88,272088.0,24236627.2,2790.0
8230,2024-10-21,89.1,91.0,89.1,90.5,1.4,1.57,357852.0,32354630.2,2292.0
8230,2024-10-20,90.5,90.5,88.5,89.1,-0.3,-0.34,161132.0,14409288.0,1212.0
8230,2024-10-17,91.5,91.8,89.3,89.4,-2.1,-2.3,206688.0,18670044.0,2080.0
8230,2024-10-16,90.4,92.0,89.2,91.5,1.2,1.33,357484.0,32550371.0,2266.0
8230,2024-10-15,89.4,90.8,87.3,90.3,0.3,0.33,329254.0,29467079.2,3010.0
8230,2024-10-14,90.0,93.3,89.7,90.0,0.1,0.11,573902.0,52413443.8,4112.0
8230,2024-10-13,86.2,90.0,86.0,89.9,3.7,4.29,447560.0,39825581.0,2974.0
8230,2024-10-10,86.2,87.6,85.5,86.2,0.0,0.0,267030.0,23059496.4,2207.0
8230,2024-10-09,87.7,88.4,85.3,86.2,-2.6,-2.93,367938.0,31830048.8,3261.0
8230,2024-10-08,90.0,90.0,88.2,88.8,-1.2,-1.33,190020.0,16893659.8,1970.0
8230,2024-10-07,86.6,90.5,86.5,90.0,2.1,2.39,328620.0,29443650.2,2878.0
8230,2024-10-06,91.0,91.0,85.5,87.9,-3.1,-3.41,405170.0,35922675.8,2597.0
8230,2024-10-03,93.0,94.0,91.0,91.0,-1.8,-1.94,383472.0,35637777.6,2788.0
8230,2024-10-02,94.3,94.3,91.0,92.8,-2.3,-2.42,415850.0,38599060.2,3141.0
8230,2024-10-01,95.9,95.9,94.2,95.1,-0.8,-0.83,187366.0,17770835.2,1940.0
8230,2024-09-30,95.8,96.3,93.7,95.9,0.1,0.1,300060.0,28552036.8,2665.0
8230,2024-09-29,96.7,96.7,95.7,95.8,-0.9,-0.93,164212.0,15806196.0,1207.0
8230,2024-09-26,96.5,97.5,96.0,96.7,0.2,0.21,1050892.0,101580514.6,3421.0
8230,2024-09-25,97.0,97.0,94.7,96.5,-0.3,-0.31,403886.0,38630175.6,3568.0
8230,2024-09-24,97.2,98.4,96.7,96.8,-1.3,-1.33,517522.0,50222475.8,3576.0
8230,2024-09-22,98.4,99.1,97.7,98.1,-0.4,-0.41,238316.0,23514394.4,1333.0
8230,2024-09-19,97.7,99.0,96.3,98.5,1.4,1.44,1353440.0,133012636.0,2664.0
8230,2024-09-18,98.2,98.2,96.5,97.1,-1.1,-1.12,169486.0,16501243.6,1735.0
8230,2024-09-17,98.0,98.5,97.0,98.2,0.7,0.72,252734.0,24693685.4,2204.0
8230,2024-09-16,96.9,98.9,96.7,97.5,0.6,0.62,333284.0,32555921.2,2877.0
8230,2024-09-15,96.7,97.5,96.4,96.9,0.2,0.21,129094.0,12495771.8,1189.0
8230,2024-09-12,97.1,98.3,96.5,96.7,0.2,0.21,210300.0,20441318.0,2410.0
8230,2024-09-11,98.9,99.2,96.3,96.5,-2.8,-2.82,274290.0,26834677.2,2664.0
8230,2024-09-10,100.0,100.5,98.1,99.3,-0.1,-0.1,389840.0,38552422.4,3252.0
8230,2024-09-09,100.8,102.5,98.5,99.4,-2.1,-2.07,527268.0,52911270.8,3665.0
8230,2024-09-08,99.4,101.5,97.2,101.5,1.3,1.3,399094.0,39744464.4,2485.0
8230,2024-09-05,100.5,100.9,99.7,100.2,-0.4,-0.4,277550.0,27804953.4,2052.0
8230,2024-09-04,100.0,101.2,98.5,100.6,-1.4,-1.37,518138.0,51917611.4,3743.0
8230,2024-09-03,101.4,102.2,99.8,102.0,0.7,0.69,778046.0,78701671.4,3965.0
8230,2024-09-02,100.0,102.1,99.2,101.3,1.4,1.4,1139852.0,115360833.4,5922.0
8230,2024-09-01,103.5,103.5,98.6,99.9,-1.1,-1.09,1007670.0,101061665.4,5471.0
8230,2024-08-29,104.5,104.5,101.0,101.0,-4.5,-4.27,6766052.0,685639701.6,13687.0
8230,2024-08-28,108.0,108.0,100.2,105.5,-2.5,-2.31,1844884.0,191881692.8,12772.0
8230,2024-08-27,108.3,109.0,106.8,108.0,-0.2,-0.18,824168.0,89178387.8,3162.0
8230,2024-08-26,108.3,109.5,107.3,108.2,0.0,0.0,648710.0,70365120.2,3900.0
8230,2024-08-25,109.9,110.1,107.2,108.2,-0.1,-0.09,653104.0,71021787.8,2713.0
8230,2024-08-22,102.3,109.5,101.5,108.3,6.7,6.59,1560490.0,164725198.4,6897.0
8230,2024-08-21,102.5,103.5,101.0,101.6,-0.7,-0.68,541320.0,55316268.0,3636.0
8230,2024-08-20,103.4,104.3,101.5,102.3,-1.1,-1.06,560524.0,57855875.8,3292.0
8230,2024-08-19,101.0,103.7,101.0,103.4,1.9,1.87,905750.0,93026333.0,4339.0
8230,2024-08-18,100.5,102.3,100.5,101.5,1.8,1.81,503128.0,51020203.6,1961.0
8230,2024-08-15,100.2,102.3,98.7,99.7,-0.3,-0.3,755382.0,76183736.4,4060.0
8230,2024-08-14,100.0,100.6,98.1,100.0,1.9,1.94,949116.0,94256463.6,4656.0
8230,2024-08-13,93.3,98.7,93.3,98.1,5.4,5.83,1399400.0,136612693.4,8042.0
8230,2024-08-12,91.9,93.9,91.7,92.7,1.0,1.09,580400.0,53809957.8,3326.0
8230,2024-08-11,91.5,93.8,91.5,91.7,-0.3,-0.33,496290.0,45798052.4,3284.0
8230,2024-08-08,95.5,95.5,90.5,92.0,-3.5,-3.66,670440.0,61768121.4,4655.0
8230,2024-08-07,97.5,97.5,94.3,95.5,0.3,0.32,791858.0,75433321.8,4762.0
8230,2024-08-06,97.0,101.5,93.3,95.2,0.1,0.11,1796054.0,173763113.0,8835.0
8230,2024-08-05,102.5,102.5,94.1,95.1,-9.4,-9.0,1427098.0,137840014.0,9834.0
8230,2024-08-04,104.7,109.8,102.5,104.5,-3.3,-3.06,370340.0,39393376.8,2994.0
8230,2024-08-01,109.8,110.5,107.2,107.8,-1.3,-1.19,525314.0,56931711.2,3972.0
8230,2024-07-31,113.3,114.3,109.0,109.1,-4.3,-3.79,669692.0,74460625.6,5297.0
8230,2024-07-30,111.3,114.3,110.2,113.4,2.5,2.25,869726.0,97596141.6,4994.0
8230,2024-07-29,107.6,115.0,106.3,110.9,3.2,2.97,1886804.0,211249832.6,9602.0
8230,2024-07-28,109.6,111.3,106.5,107.7,-1.3,-1.19,781176.0,84909115.8,4840.0
8230,2024-07-25,105.0,109.5,103.1,109.0,4.5,4.31,1130692.0,120609594.0,6176.0
8230,2024-07-24,102.3,105.0,98.8,104.5,3.3,3.26,985074.0,101057697.0,6137.0
8230,2024-07-23,102.6,104.5,100.0,101.2,-1.4,-1.36,591508.0,60092928.6,4232.0
8230,2024-07-22,104.5,105.1,101.5,102.6,-1.4,-1.35,496082.0,51088176.2,3820.0
8230,2024-07-21,105.5,106.0,104.0,104.0,-1.5,-1.42,342344.0,35709163.2,2758.0
8230,2024-07-18,106.0,106.6,104.5,105.5,-1.5,-1.4,549158.0,57896179.6,3875.0
8230,2024-07-17,106.8,107.9,105.1,107.0,0.5,0.47,769016.0,81954135.2,4277.0
8230,2024-07-16,105.5,108.8,105.5,106.5,1.0,0.95,872090.0,93400954.6,5476.0
8230,2024-07-15,104.6,109.3,104.6,105.5,0.9,0.86,1243894.0,132325343.6,8878.0
8230,2024-07-14,113.2,113.4,103.7,104.6,-8.2,-7.27,1317896.0,141323290.8,8694.0
8230,2024-07-11,109.3,113.5,108.8,112.8,3.4,3.11,961974.0,107615769.4,5524.0
8230,2024-07-10,106.4,110.9,105.4,109.4,3.7,3.5,1079462.0,117635772.2,5977.0
8230,2024-07-09,106.6,108.0,105.0,105.7,-0.8,-0.75,361346.0,38307217.0,2633.0
8230,2024-07-08,106.0,109.0,104.6,106.5,0.5,0.47,901404.0,96035061.6,5228.0
8230,2024-07-07,105.3,107.7,102.0,106.0,1.5,1.44,1009066.0,106316364.4,4738.0
8230,2024-07-04,96.6,105.4,96.2,104.5,8.5,8.85,1869460.0,191092482.6,7888.0
8230,2024-07-03,93.9,97.8,92.9,96.0,1.6,1.69,837012.0,80372061.2,4520.0
8230,2024-07-02,95.5,96.0,93.6,94.4,-0.6,-0.63,434234.0,41212733.4,2631.0
8230,2024-07-01,92.0,96.0,91.9,95.0,2.5,2.7,817946.0,77291410.8,3931.0
8230,2024-06-30,94.1,94.6,91.1,92.5,-1.4,-1.49,398148.0,37142791.4,2168.0
8230,2024-06-27,95.0,97.5,93.9,93.9,-0.6,-0.63,998260.0,95309547.8,4568.0
8230,2024-06-26,89.5,96.1,88.8,94.5,4.5,5.0,2079250.0,192873553.4,7455.0
8230,2024-06-25,82.7,90.5,81.9,90.0,7.4,8.96,1399998.0,123064913.6,5590.0
8230,2024-06-24,81.3,82.7,80.0,82.6,1.3,1.6,520730.0,42553975.8,2350.0
8230,2024-06-23,79.8,81.9,79.8,81.3,1.5,1.88,411738.0,33292433.0,1557.0
8230,2024-06-13,80.5,81.4,78.9,79.8,-0.7,-0.87,539508.0,43054807.2,2171.0
8230,2024-06-12,78.7,82.2,78.0,80.5,1.8,2.29,1130548.0,90901455.0,4100.0
8230,2024-06-11,78.8,81.5,77.9,78.7,-0.3,-0.38,938320.0,75081119.6,3763.0
8230,2024-06-10,76.5,79.2,76.1,79.0,3.2,4.22,821934.0,64315432.4,3656.0
8230,2024-06-09,73.3,77.4,71.9,75.8,2.5,3.41,862816.0,65446471.4,3312.0
8230,2024-06-06,77.3,77.7,72.8,73.3,-3.2,-4.18,933518.0,69744511.8,5548.0
8230,2024-06-05,77.4,79.6,75.5,76.5,-0.6,-0.78,1104304.0,85518392.8,4675.0
8230,2024-06-04,81.8,82.6,76.7,77.1,-4.7,-5.75,1381918.0,109609434.2,6747.0
8230,2024-06-03,79.1,83.2,78.3,81.8,3.8,4.87,1780478.0,143943625.4,6167.0
8230,2024-06-02,75.5,79.5,73.5,78.0,2.5,3.31,947286.0,73062547.2,3732.0
8230,2024-05-30,76.3,77.5,74.4,75.5,-0.8,-1.05,1165466.0,88304302.8,4468.0
8230,2024-05-29,74.5,77.1,73.2,76.3,2.2,2.97,1045438.0,79089975.6,4717.0
8230,2024-05-28,74.4,77.2,72.6,74.1,0.4,0.54,1672070.0,125593025.0,6815.0
8230,2024-05-27,72.5,74.4,71.6,73.7,1.8,2.5,765988.0,56045158.6,3901.0
8230,2024-05-26,72.0,73.6,70.6,71.9,-0.5,-0.69,506284.0,36411309.0,2389.0
8230,2024-05-23,73.0,76.0,72.3,72.4,-0.8,-1.09,997462.0,74018557.8,4946.0
8230,2024-05-22,76.5,77.6,72.5,73.2,-3.3,-4.31,1458218.0,108622089.8,6600.0
8230,2024-05-21,69.8,76.5,69.8,76.5,6.9,9.91,2050230.0,153392694.8,6825.0
8230,2024-05-20,71.8,71.8,69.2,69.6,-1.5,-2.11,565708.0,39550282.2,2278.0
8230,2024-05-19,70.0,72.3,68.5,71.1,1.4,2.01,606732.0,42970332.8,2490.0
8230,2024-05-16,71.4,71.4,68.0,69.7,-1.0,-1.41,1188624.0,83218403.4,4413.0
8230,2024-05-15,72.8,74.2,69.9,70.7,-2.1,-2.88,736206.0,52740842.8,3516.0
8230,2024-05-14,76.4,77.4,72.5,72.8,-3.5,-4.59,627244.0,46823337.2,2968.0
8230,2024-05-13,77.5,77.5,74.5,76.3,-0.4,-0.52,705782.0,53925566.8,3354.0
8230,2024-05-12,76.0,78.6,75.2,76.7,0.7,0.92,828794.0,63662148.8,3248.0
8230,2024-05-09,78.0,79.5,75.5,76.0,-2.5,-3.18,893954.0,69030126.8,4345.0
8230,2024-05-08,74.8,81.3,73.9,78.5,3.7,4.95,3309832.0,261960487.6,12355.0
8230,2024-05-07,74.2,74.9,71.1,74.8,0.6,0.81,2183888.0,160159443.8,7293.0
8230,2024-05-06,67.5,74.2,67.3,74.2,6.7,9.93,3717690.0,267458486.0,10850.0
8230,2024-05-05,68.5,69.0,66.5,67.5,-1.1,-1.6,568946.0,38447291.0,2490.0
8230,2024-05-02,66.1,71.0,66.1,68.6,2.8,4.26,2794408.0,193841957.0,7932.0
8230,2024-05-01,66.1,66.8,65.2,65.8,-0.4,-0.6,624912.0,41296676.4,2552.0
8230,2024-04-30,65.8,66.9,64.9,66.2,0.4,0.61,700856.0,46141377.0,2540.0
8230,2024-04-29,67.6,68.1,64.3,65.8,-0.5,-0.75,1210870.0,80651963.8,4293.0
8230,2024-04-28,68.0,68.1,64.3,66.3,-1.7,-2.5,1244570.0,82300141.4,4105.0
8230,2024-04-25,70.1,71.0,66.7,68.0,-1.0,-1.45,2149774.0,148190280.6,6984.0
8230,2024-04-24,63.5,69.0,62.8,69.0,6.2,9.87,3460966.0,229938263.6,9102.0
8230,2024-04-23,64.3,65.0,61.2,62.8,-0.3,-0.48,2948670.0,187206559.6,8812.0
8230,2024-04-22,59.4,63.1,59.4,63.1,5.7,9.93,3748852.0,230679932.4,8694.0
8230,2024-04-21,52.6,57.4,52.0,57.4,5.2,9.96,1737136.0,95984602.4,3999.0
8230,2024-04-18,52.9,53.0,51.1,52.2,-0.6,-1.14,1933318.0,100143442.2,4122.0
8230,2024-04-17,52.7,53.3,51.5,52.8,0.1,0.19,1115356.0,58489803.6,4311.0
8230,2024-04-16,54.9,55.2,52.0,52.7,-2.3,-4.18,1514520.0,80887503.8,4066.0
8230,2024-04-15,53.5,55.3,52.8,55.0,1.8,3.38,1741996.0,94248468.8,4412.0
8230,2024-04-14,49.85,53.5,49.85,53.2,0.7,1.33,477700.0,24957786.6,1735.0
8230,2024-04-04,52.9,53.6,51.9,52.5,-0.4,-0.76,691100.0,36273678.2,2561.0
8230,2024-04-03,53.5,53.8,52.2,52.9,-0.6,-1.12,1104628.0,58434454.6,2984.0
8230,2024-04-02,55.1,57.6,52.6,53.5,-1.5,-2.73,1440640.0,78532187.6,4868.0
8230,2024-04-01,54.1,55.9,53.5,55.0,1.0,1.85,458846.0,25129940.8,1955.0
8230,2024-03-31,55.3,56.1,54.0,54.0,-1.3,-2.35,233784.0,12824220.6,1148.0
8230,2024-03-28,56.0,59.8,54.2,55.3,-1.1,-1.95,1801060.0,102921988.4,5190.0
8230,2024-03-27,55.5,57.0,54.7,56.4,1.6,2.92,559780.0,31356150.4,2255.0
8230,2024-03-26,54.9,57.2,54.5,54.8,-0.6,-1.08,750872.0,41871443.4,2873.0
8230,2024-03-25,55.3,57.1,53.5,55.4,0.2,0.36,613212.0,33954000.4,2634.0
8230,2024-03-24,57.5,57.7,54.9,55.2,-2.3,-4.0,624950.0,35069806.4,2955.0
8230,2024-03-21,57.9,58.9,55.0,57.5,0.1,0.17,660950.0,37955932.0,2925.0
8230,2024-03-20,59.1,59.2,57.2,57.4,-1.1,-1.88,587396.0,34156278.2,2462.0
8230,2024-03-19,60.6,60.6,57.5,58.5,-2.1,-3.47,898264.0,52691456.6,4257.0
8230,2024-03-18,61.0,62.7,58.2,60.6,-0.6,-0.98,1142518.0,69399329.6,4538.0
8230,2024-03-17,61.0,63.8,60.1,61.2,0.5,0.82,830382.0,51148485.4,3017.0
8230,2024-03-14,65.0,65.5,60.7,60.7,-2.8,-4.41,3316592.0,204826080.4,5437.0
8230,2024-03-13,61.5,65.9,61.5,63.5,2.8,4.61,2546266.0,163681237.8,7797.0
8230,2024-03-12,57.0,62.2,57.0,60.7,4.1,7.24,3189672.0,192786836.4,10804.0
8230,2024-03-11,59.0,59.3,53.3,56.6,-2.6,-4.39,4101680.0,226968658.0,11767.0
8230,2024-03-10,54.7,59.7,53.0,59.2,4.9,9.02,2174914.0,124640562.2,5597.0
8230,2024-03-07,55.2,55.3,51.5,54.3,1.8,3.43,2446964.0,131305853.0,8343.0
8230,2024-03-06,47.55,52.5,47.35,52.5,4.75,9.95,1568890.0,79584737.3,3574.0
8230,2024-03-05,47.3,48.0,46.6,47.75,0.7,1.49,1405922.0,66662332.3,3834.0
8230,2024-03-04,47.5,48.7,44.9,47.05,0.5,1.07,2909946.0,136121384.6,8717.0
8230,2024-03-03,44.25,46.55,43.5,46.55,4.2,9.92,2263212.0,103626096.8,5180.0
8230,2024-02-29,40.5,42.35,40.05,42.35,3.85,10.0,2555502.0,106275546.8,3849.0
8230,2024-02-28,37.8,38.8,37.8,38.5,0.6,1.58,864400.0,33185391.4,2039.0
8230,2024-02-27,39.0,39.05,37.8,37.9,-1.1,-2.82,984108.0,37700471.0,3037.0
8230,2024-02-26,37.95,39.4,37.55,39.0,1.05,2.77,1859774.0,71729613.1,4496.0
8230,2024-02-25,37.25,38.25,37.0,37.95,0.95,2.57,937502.0,35424949.2,2107.0
8230,2024-02-21,37.0,37.65,36.45,37.0,0.05,0.14,1314486.0,48935529.5,3517.0
8230,2024-02-20,34.85,37.5,34.7,36.95,2.15,6.18,3713214.0,134888353.4,6159.0
8230,2024-02-19,35.5,35.6,34.6,34.8,-0.7,-1.97,1075996.0,37629519.8,3279.0
8230,2024-02-18,34.5,35.6,34.5,35.5,1.1,3.2,1924556.0,67909131.0,3743.0
8230,2024-02-15,33.6,34.4,33.4,34.4,0.95,2.84,1551552.0,52813689.4,2966.0
8230,2024-02-14,32.35,34.05,32.2,33.45,0.85,2.61,2732188.0,91393866.8,5141.0
8230,2024-02-13,32.5,32.65,32.05,32.6,0.0,0.0,950994.0,30762476.6,2065.0
8230,2024-02-12,33.05,33.05,32.1,32.6,-0.45,-1.36,1129954.0,36643031.5,3490.0
8230,2024-02-11,32.75,33.1,32.7,33.05,0.2,0.61,602170.0,19819910.8,1185.0
8230,2024-02-08,32.8,33.05,32.6,32.85,0.0,0.0,666262.0,21864546.6,1765.0
8230,2024-02-07,32.55,33.1,32.55,32.85,0.2,0.61,996848.0,32747139.9,2004.0
8230,2024-02-06,32.4,32.85,32.3,32.65,0.25,0.77,975776.0,31845900.6,2185.0
8230,2024-02-05,32.55,32.55,32.0,32.4,0.15,0.47,705592.0,22756101.6,1733.0
8230,2024-02-04,32.0,32.4,31.85,32.25,0.45,1.42,315006.0,10130531.3,919.0
8230,2024-02-01,31.65,32.05,31.35,31.8,0.2,0.63,478940.0,15212860.7,1831.0
8230,2024-01-31,31.75,32.3,31.45,31.6,-0.1,-0.32,748500.0,23857116.1,2150.0
8230,2024-01-30,32.0,32.05,31.2,31.7,-0.2,-0.63,1432194.0,45340132.6,4511.0
8230,2024-01-29,32.55,32.65,31.85,31.9,-0.6,-1.85,2429150.0,78183757.1,4766.0
8230,2024-01-28,32.85,32.9,32.35,32.5,-0.45,-1.37,1146622.0,37394121.5,3055.0
8230,2024-01-25,32.95,33.1,32.8,32.95,0.05,0.15,1095954.0,36111504.6,2683.0
8230,2024-01-24,33.35,33.35,32.65,32.9,-0.35,-1.05,1616744.0,53231186.6,3086.0
8230,2024-01-23,33.15,33.55,33.05,33.25,0.25,0.76,1713050.0,57050228.8,3563.0
8230,2024-01-22,33.0,33.35,32.65,33.0,0.05,0.15,835966.0,27585924.7,2290.0
8230,2024-01-21,33.0,33.2,32.75,32.95,0.0,0.0,635764.0,20991339.5,1609.0
8230,2024-01-18,32.9,33.25,31.75,32.95,0.05,0.15,2322724.0,74697500.8,3440.0
8230,2024-01-17,33.1,33.2,32.5,32.9,0.0,0.0,558390.0,18332843.0,2058.0
8230,2024-01-16,33.65,33.8,32.55,32.9,-0.75,-2.23,1448872.0,47733391.2,3784.0
8230,2024-01-15,33.7,34.0,33.35,33.65,-0.05,-0.15,782212.0,26344508.5,2622.0
8230,2024-01-14,34.4,34.4,33.55,33.7,-0.7,-2.03,648984.0,22005971.0,1999.0
8230,2024-01-11,34.4,34.6,34.25,34.4,0.1,0.29,739990.0,25472503.6,2100.0
8230,2024-01-10,35.0,35.0,34.1,34.3,-0.7,-2.0,870472.0,30009715.5,3092.0
8230,2024-01-09,35.45,35.5,34.8,35.0,-0.05,-0.14,1270180.0,44537445.9,2520.0
8230,2024-01-08,35.45,35.6,34.85,35.05,-0.4,-1.13,1054526.0,37064864.8,2682.0
8230,2024-01-07,35.5,35.95,35.35,35.45,-0.05,-0.14,923706.0,32807233.8,1857.0
8230,2024-01-04,35.45,36.5,35.1,35.5,0.05,0.14,1163594.0,41861942.3,2974.0
8230,2024-01-03,36.55,36.75,35.45,35.45,-1.05,-2.88,961966.0,34809304.6,1858.0
8230,2024-01-02,35.65,36.55,35.6,36.5,0.85,2.38,1273446.0,46115129.7,2981.0
8230,2024-01-01,35.5,35.8,35.4,35.65,0.15,0.42,436596.0,15541807.2,905.0
8230,2023-12-31,35.8,35.95,35.5,35.5,-0.25,-0.7,458818.0,16421420.1,1008.0
8230,2023-12-28,35.6,35.9,35.15,35.75,0.3,0.85,554406.0,19727528.6,1680.0
8230,2023-12-27,35.05,35.7,34.65,35.45,0.45,1.29,906572.0,31982336.0,2341.0
8230,2023-12-26,34.8,35.1,34.6,35.0,0.4,1.16,715774.0,24938289.3,1988.0
8230,2023-12-25,35.0,35.2,34.55,34.6,-0.35,-1.0,678222.0,23625756.4,2994.0
8230,2023-12-24,34.8,35.35,34.75,34.95,0.15,0.43,482430.0,16864312.9,1917.0
8230,2023-12-21,35.7,35.9,34.7,34.8,-1.1,-3.06,755180.0,26533891.4,3194.0
8230,2023-12-20,35.9,36.25,35.65,35.9,0.0,0.0,261532.0,9391136.9,912.0
8230,2023-12-19,36.1,36.2,35.6,35.9,0.05,0.14,280276.0,10058986.3,1066.0
8230,2023-12-18,36.45,36.45,35.65,35.85,-0.3,-0.83,327534.0,11740191.7,1447.0
8230,2023-12-17,36.3,36.3,35.35,36.15,0.05,0.14,744966.0,26628166.0,2592.0
8230,2023-12-14,36.75,36.85,36.0,36.1,-0.55,-1.5,516830.0,18736313.2,1699.0
8230,2023-12-13,36.55,36.9,36.5,36.65,0.15,0.41,261164.0,9575856.8,994.0
8230,2023-12-12,36.5,36.9,36.45,36.5,-0.05,-0.14,373092.0,13663451.7,1375.0
8230,2023-12-11,36.65,37.15,36.0,36.55,0.05,0.14,906906.0,33319096.3,2615.0
8230,2023-12-10,35.2,36.9,35.15,36.5,1.4,3.99,1623782.0,58892759.6,4449.0
8230,2023-12-07,34.95,35.25,34.75,35.1,0.15,0.43,412808.0,14433018.8,1477.0
8230,2023-12-06,34.65,35.45,33.85,34.95,-1.0,-2.78,1242784.0,43261300.0,4001.0
8230,2023-12-05,37.0,38.5,35.7,35.95,0.35,0.98,2080976.0,77112648.0,8652.0
8230,2023-12-04,34.2,35.6,33.35,35.6,3.2,9.88,920712.0,32418653.6,3209.0
8230,2023-12-03,34.0,34.36,32.4,32.4,-1.8,-5.26,1264250.0,42652675.6,4752.0
8230,2023-11-30,32.28,34.2,32.0,34.2,1.84,5.69,856046.0,28341282.8,2640.0
8230,2023-11-29,32.2,32.68,32.0,32.36,0.36,1.13,522956.0,16930788.8,2356.0
8230,2023-11-28,32.88,33.04,31.16,32.0,-1.04,-3.15,878200.0,28024297.0,3192.0
8230,2023-11-27,33.12,33.24,32.72,33.04,-0.08,-0.24,236516.0,7796596.0,757.0
8230,2023-11-26,33.6,33.8,32.92,33.12,-0.16,-0.48,232090.0,7719169.2,405.0
8230,2023-11-23,33.32,33.64,33.04,33.28,-0.04,-0.12,237210.0,7920327.2,793.0
8230,2023-11-22,33.52,33.88,33.2,33.32,0.04,0.12,255046.0,8543576.4,737.0
8230,2023-11-21,33.32,33.56,33.12,33.28,0.0,0.0,333606.0,11105362.8,828.0
8230,2023-11-20,34.92,34.92,33.24,33.28,-1.24,-3.59,832190.0,28368165.8,1661.0
8230,2023-11-19,33.4,34.68,33.2,34.52,1.44,4.35,565156.0,19298160.2,1155.0
8230,2023-11-16,33.04,33.36,32.88,33.08,0.04,0.12,171550.0,5678234.4,745.0
8230,2023-11-15,33.4,33.56,33.0,33.04,-0.36,-1.08,169960.0,5640185.2,610.0
8230,2023-11-14,32.88,33.76,32.88,33.4,0.52,1.58,160956.0,5360649.2,728.0
8230,2023-11-13,33.28,34.16,32.76,32.88,-0.72,-2.14,393620.0,13147053.4,1202.0
8230,2023-11-12,32.76,34.4,32.44,33.6,0.72,2.19,555406.0,18751593.6,947.0
8230,2023-11-09,32.28,32.88,31.2,32.88,0.44,1.36,356120.0,11515837.6,1014.0
8230,2023-11-08,32.6,32.96,32.12,32.44,-0.08,-0.25,440530.0,14350212.6,960.0
8230,2023-11-07,31.56,33.32,31.04,32.52,1.28,4.1,1330796.0,43028825.6,2588.0
8230,2023-11-06,30.32,31.48,30.04,31.24,0.92,3.03,973300.0,30207691.4,2003.0
8230,2023-11-05,30.6,30.6,30.0,30.32,0.0,0.0,254016.0,7708309.8,558.0
8230,2023-11-02,30.28,30.96,29.88,30.32,1.04,3.55,870840.0,26560775.2,1769.0
8230,2023-11-01,29.4,29.96,29.12,29.28,-0.48,-1.61,376466.0,11075115.6,962.0
8230,2023-10-31,30.36,30.4,29.2,29.76,-0.44,-1.46,431096.0,12829296.6,1284.0
8230,2023-10-30,30.0,31.28,30.0,30.2,0.2,0.67,851546.0,26076860.8,1585.0
8230,2023-10-29,28.8,30.04,28.8,30.0,1.2,4.17,283190.0,8382867.8,619.0
8230,2023-10-26,29.04,29.2,28.52,28.8,-0.24,-0.83,131680.0,3817716.0,475.0
8230,2023-10-25,28.4,29.04,28.04,29.04,0.64,2.25,266766.0,7605068.8,894.0
8230,2023-10-24,28.0,28.64,27.8,28.4,0.4,1.43,264690.0,7479643.8,888.0
8230,2023-10-23,29.08,29.32,28.0,28.0,-1.2,-4.11,245300.0,7035573.0,826.0
8230,2023-10-22,29.36,29.88,29.12,29.2,-0.08,-0.27,120770.0,3547936.4,414.0
8230,2023-10-19,29.2,30.16,28.96,29.28,0.08,0.27,376510.0,11164248.4,1235.0
8230,2023-10-18,30.16,30.36,29.08,29.2,-1.08,-3.57,432926.0,12813440.6,1167.0
8230,2023-10-17,29.64,30.52,29.64,30.28,0.68,2.3,352156.0,10580978.6,990.0
8230,2023-10-16,28.76,29.84,28.44,29.6,1.0,3.5,409026.0,12026165.6,1443.0
8230,2023-10-15,28.4,28.68,28.04,28.6,-0.08,-0.28,145920.0,4153731.2,350.0
8230,2023-10-12,27.4,29.0,27.2,28.68,1.28,4.67,475080.0,13427877.0,1492.0
8230,2023-10-11,29.28,29.28,27.0,27.4,-1.48,-5.12,312476.0,8716547.2,947.0
8230,2023-10-10,29.16,29.52,28.72,28.88,-0.44,-1.5,177076.0,5154597.2,632.0
8230,2023-10-09,28.4,29.92,28.4,29.32,0.32,1.1,182440.0,5337662.6,607.0
8230,2023-10-08,30.0,30.4,29.0,29.0,-1.36,-4.48,310556.0,9154822.4,538.0
8230,2023-10-05,30.56,30.76,30.12,30.36,-0.04,-0.13,179476.0,5447861.0,628.0
8230,2023-10-04,30.64,30.72,30.12,30.4,-0.28,-0.91,252336.0,7666330.6,721.0
8230,2023-10-03,30.6,31.08,30.24,30.68,0.04,0.13,264576.0,8095195.2,968.0
8230,2023-10-02,31.2,31.2,30.16,30.64,-0.32,-1.03,340336.0,10390671.2,1109.0
8230,2023-10-01,30.72,31.4,30.08,30.96,0.6,1.98,448596.0,13880371.0,1065.0
8230,2023-09-28,30.64,31.0,30.04,30.36,0.12,0.4,616326.0,18794337.6,1735.0
8230,2023-09-27,28.48,30.24,28.48,30.24,1.8,6.33,445466.0,13147251.0,1287.0
8230,2023-09-26,29.04,29.28,27.64,28.44,-0.16,-0.56,369850.0,10576702.0,959.0
8230,2023-09-25,30.0,30.16,28.6,28.6,-1.4,-4.67,355396.0,10375595.2,1236.0
8230,2023-09-21,30.44,30.56,29.52,30.0,-0.44,-1.45,369320.0,11044726.4,974.0
8230,2023-09-20,30.6,30.76,30.08,30.44,-0.2,-0.65,177200.0,5373918.0,766.0
8230,2023-09-19,30.6,31.28,30.4,30.64,-0.36,-1.16,296900.0,9132276.6,839.0
8230,2023-09-18,31.44,31.6,30.64,31.0,-0.44,-1.4,163770.0,5095722.4,617.0
8230,2023-09-17,31.6,31.8,31.12,31.44,0.36,1.16,196400.0,6178734.6,308.0
8230,2023-09-14,31.8,31.8,30.76,31.08,-0.68,-2.14,225586.0,7052444.6,584.0
8230,2023-09-13,31.6,31.92,31.08,31.76,0.32,1.02,271740.0,8556980.0,834.0
8230,2023-09-12,32.04,32.16,31.12,31.44,-0.64,-2.0,268776.0,8466154.0,819.0
8230,2023-09-11,31.8,32.2,31.4,32.08,0.64,2.04,261620.0,8312393.8,809.0
8230,2023-09-10,32.76,32.76,31.2,31.44,-0.92,-2.84,247000.0,7812906.8,551.0
8230,2023-09-07,33.92,33.92,32.0,32.36,-0.72,-2.18,525286.0,17025297.4,1079.0
8230,2023-09-06,35.0,35.0,33.08,33.08,-1.12,-3.27,529146.0,17902462.2,1855.0
8230,2023-09-05,33.88,35.0,33.6,34.2,0.56,1.66,1064610.0,36572558.6,2246.0
8230,2023-09-04,32.44,34.32,32.36,33.64,1.2,3.7,1794760.0,59929653.8,3137.0
8230,2023-09-03,32.36,32.68,32.16,32.44,0.32,1.0,282470.0,9170174.8,563.0
8230,2023-08-31,32.16,32.92,32.12,32.12,0.12,0.38,486746.0,15793707.0,1153.0
8230,2023-08-30,31.8,32.6,31.8,32.0,0.32,1.01,298500.0,9620965.4,893.0
8230,2023-08-29,32.88,32.88,31.68,31.68,-0.72,-2.22,546980.0,17526486.4,1605.0
8230,2023-08-28,30.8,33.16,30.68,32.4,1.56,5.06,791306.0,25436995.8,2086.0
8230,2023-08-27,31.04,31.04,30.56,30.84,0.16,0.52,150600.0,4651065.8,412.0
8230,2023-08-24,30.44,31.6,30.24,30.68,0.0,0.0,513056.0,15839983.2,1422.0
8230,2023-08-23,31.36,31.68,30.56,30.68,-0.68,-2.17,315496.0,9805273.4,870.0
8230,2023-08-22,31.52,31.76,30.88,31.36,-0.16,-0.51,184646.0,5804054.8,745.0
8230,2023-08-21,32.52,32.52,31.4,31.52,-0.8,-2.48,223890.0,7156435.0,759.0
8230,2023-08-20,32.28,32.8,31.96,32.32,0.12,0.37,249880.0,8105379.4,497.0
8230,2023-08-17,32.76,33.2,32.0,32.2,-0.28,-0.86,514066.0,16748195.0,1398.0
8230,2023-08-16,31.4,33.56,31.24,32.48,1.12,3.57,1386790.0,45144561.6,2764.0
8230,2023-08-15,30.96,31.36,30.6,31.36,0.4,1.29,569066.0,17652211.8,1210.0
8230,2023-08-14,29.76,30.96,29.6,30.96,1.24,4.17,604406.0,18467741.4,1350.0
8230,2023-08-13,30.0,30.28,29.6,29.72,-0.28,-0.93,96940.0,2900113.6,349.0
8230,2023-08-10,30.36,30.64,30.0,30.0,-0.36,-1.19,290070.0,8795373.6,909.0
8230,2023-08-09,30.44,30.72,29.56,30.36,-0.04,-0.13,738170.0,22293103.0,1753.0
8230,2023-08-08,27.96,30.4,27.92,30.4,2.68,9.67,1522220.0,44950207.8,2728.0
8230,2023-08-07,28.2,28.8,27.04,27.72,-0.08,-0.29,333180.0,9368910.4,1326.0
8230,2023-08-06,28.92,28.92,27.8,27.8,-0.6,-2.11,53000.0,1504538.8,234.0
8230,2023-08-03,28.4,29.04,28.28,28.4,0.08,0.28,183116.0,5238754.0,741.0
8230,2023-08-02,28.8,28.8,28.24,28.32,-0.48,-1.67,139120.0,3960929.2,574.0
8230,2023-08-01,29.04,29.36,28.6,28.8,0.12,0.42,139946.0,4046149.4,494.0
8230,2023-07-31,29.44,29.44,28.64,28.68,-0.6,-2.05,165980.0,4801774.4,527.0
8230,2023-07-30,29.24,29.64,29.12,29.28,0.12,0.41,168656.0,4955037.6,410.0
8230,2023-07-27,29.0,29.4,28.64,29.16,0.32,1.11,288470.0,8378101.4,639.0
8230,2023-07-26,29.6,29.6,28.8,28.84,-0.24,-0.83,277146.0,8043144.8,654.0
8230,2023-07-25,30.0,30.0,29.04,29.08,-0.52,-1.76,364290.0,10686852.2,1046.0
8230,2023-07-24,29.36,30.4,29.28,29.6,0.24,0.82,601946.0,18007911.6,1099.0
8230,2023-07-23,29.24,29.4,29.0,29.36,0.12,0.41,97980.0,2865160.6,352.0
8230,2023-07-20,29.56,29.76,29.16,29.24,-0.08,-0.27,236910.0,6967498.4,729.0
8230,2023-07-19,29.48,29.52,28.76,29.32,0.0,0.0,280776.0,8189372.6,757.0
8230,2023-07-18,30.0,30.2,28.92,29.32,-0.6,-2.01,466776.0,13893302.8,1095.0
8230,2023-07-17,29.84,30.56,29.32,29.92,0.36,1.22,1048520.0,31405165.8,2049.0
8230,2023-07-16,28.92,29.56,28.52,29.56,0.8,2.78,279876.0,8128216.6,636.0
8230,2023-07-13,29.2,29.24,28.44,28.76,-0.28,-0.96,240696.0,6902973.4,724.0
8230,2023-07-12,29.16,29.52,28.4,29.04,-0.16,-0.55,703690.0,20319646.4,1382.0
8230,2023-07-11,29.68,29.92,28.96,29.2,-0.44,-1.48,399950.0,11825683.8,883.0
8230,2023-07-10,29.4,29.64,29.36,29.64,0.28,0.95,194066.0,5721990.0,576.0
8230,2023-07-09,29.72,30.0,29.32,29.36,-0.44,-1.48,300120.0,8871224.2,602.0
8230,2023-07-06,30.92,31.48,29.6,29.8,-1.0,-3.25,910200.0,27688833.4,1777.0
8230,2023-07-05,30.4,30.96,29.56,30.8,0.6,1.99,833256.0,25137061.6,1692.0
8230,2023-07-04,30.0,31.0,29.96,30.2,0.28,0.94,803056.0,24464963.6,1509.0
8230,2023-07-03,28.8,30.0,28.68,29.92,1.2,4.18,1451780.0,42947607.0,2478.0
8230,2023-07-02,27.4,28.72,27.4,28.72,1.32,4.82,565800.0,15942213.6,941.0
8230,2023-06-22,26.04,27.96,26.04,27.4,1.4,5.38,2022456.0,54896743.8,2444.0
8230,2023-06-21,25.64,26.0,25.4,26.0,0.4,1.56,944190.0,24395507.0,1166.0
8230,2023-06-20,25.6,26.2,24.84,25.6,0.08,0.31,1533506.0,38958541.2,1692.0
8230,2023-06-19,25.96,26.48,25.52,25.52,-0.44,-1.69,1680326.0,43614334.0,1702.0
8230,2023-06-18,25.68,26.0,25.56,25.96,0.44,1.72,1297200.0,33553603.8,1399.0
8230,2023-06-15,24.92,25.76,24.84,25.52,0.72,2.9,2066516.0,52331531.8,2377.0
8230,2023-06-14,24.48,24.88,24.36,24.8,0.44,1.81,1466690.0,36223021.8,991.0
8230,2023-06-13,24.48,24.72,24.36,24.36,0.12,0.5,357646.0,8771169.2,568.0
8230,2023-06-12,24.2,24.76,24.2,24.24,0.12,0.5,712670.0,17456116.8,1431.0
8230,2023-06-11,24.24,24.52,24.0,24.12,-0.2,-0.82,288296.0,6999981.2,450.0
8230,2023-06-08,24.2,24.64,24.0,24.32,0.12,0.5,578870.0,14094286.0,870.0
8230,2023-06-07,24.64,24.72,24.2,24.2,-0.52,-2.1,753970.0,18447554.8,1065.0
8230,2023-06-06,24.68,25.2,24.4,24.72,0.24,0.98,1233780.0,30641211.8,1532.0
8230,2023-06-05,23.88,25.04,23.76,24.48,0.52,2.17,1695506.0,41788740.8,1963.0
8230,2023-06-04,23.76,24.08,23.64,23.96,0.24,1.01,317920.0,7603598.6,452.0
8230,2023-06-01,23.2,24.0,23.12,23.72,0.64,2.77,1583426.0,37507834.4,2202.0
8230,2023-05-31,23.76,23.76,22.76,23.08,-0.68,-2.86,1510060.0,34915033.4,1590.0
8230,2023-05-30,23.96,24.2,23.68,23.76,-0.2,-0.83,342296.0,8178132.6,604.0
8230,2023-05-29,23.96,24.2,23.64,23.96,0.0,0.0,572890.0,13685784.4,931.0
8230,2023-05-28,24.32,24.48,23.8,23.96,-0.6,-2.44,590340.0,14205396.2,927.0
8230,2023-05-25,25.0,25.0,24.2,24.56,-0.44,-1.76,1026340.0,25119601.0,1335.0
8230,2023-05-24,24.16,25.04,24.0,25.0,0.84,3.48,1795410.0,44284303.8,2294.0
8230,2023-05-23,23.4,24.16,23.24,24.16,0.76,3.25,785256.0,18750224.0,1266.0
8230,2023-05-22,23.8,23.8,23.36,23.4,-0.4,-1.68,582160.0,13673989.6,1094.0
8230,2023-05-21,24.12,24.68,23.6,23.8,0.0,0.0,830560.0,20003445.8,1580.0
8230,2023-05-18,22.64,24.4,22.44,23.8,1.44,6.44,3632766.0,85303113.0,4759.0
8230,2023-05-17,21.72,22.6,21.72,22.36,0.64,2.95,1490340.0,33040189.6,1806.0
8230,2023-05-16,22.2,22.28,21.6,21.72,-0.44,-1.99,757856.0,16636947.0,1212.0
8230,2023-05-15,22.56,22.56,21.96,22.16,-0.32,-1.42,1089630.0,24228104.8,1568.0
8230,2023-05-14,21.6,22.68,21.44,22.48,1.72,8.29,3674026.0,81281813.8,4373.0
8230,2023-05-11,20.72,20.88,20.64,20.76,0.04,0.19,251736.0,5232147.0,508.0
8230,2023-05-10,21.04,21.2,20.68,20.72,-0.36,-1.71,332250.0,6930726.2,565.0
8230,2023-05-09,21.2,21.4,21.0,21.08,-0.12,-0.57,347990.0,7385007.6,632.0
8230,2023-05-08,21.32,21.48,21.2,21.2,0.04,0.19,495500.0,10561929.0,699.0
8230,2023-05-07,20.96,21.28,20.84,21.16,0.4,1.93,414096.0,8744887.6,910.0
8230,2023-05-04,20.6,20.88,20.44,20.76,0.16,0.78,288040.0,5959199.8,568.0
8230,2023-05-03,21.0,21.32,20.24,20.6,-0.48,-2.28,868156.0,18270583.6,1172.0
8230,2023-05-02,20.88,21.4,20.8,21.08,0.32,1.54,953580.0,20133010.4,1449.0
8230,2023-05-01,20.76,20.8,20.56,20.76,0.16,0.78,267980.0,5544476.4,463.0
8230,2023-04-30,20.76,21.0,20.6,20.6,-0.12,-0.58,252106.0,5237547.2,377.0
8230,2023-04-27,20.76,21.12,20.72,20.72,0.0,0.0,514170.0,10744616.6,738.0
8230,2023-04-26,20.44,20.76,20.44,20.72,0.2,0.97,217590.0,4491558.6,433.0
8230,2023-04-25,20.72,20.88,20.4,20.52,-0.12,-0.58,267820.0,5546480.4,493.0
8230,2023-04-17,20.72,21.0,20.6,20.64,-0.16,-0.77,200690.0,4152147.4,336.0
8230,2023-04-16,20.76,21.0,20.76,20.8,0.04,0.19,71056.0,1488025.2,174.0
8230,2023-04-13,21.0,21.0,20.72,20.76,-0.08,-0.38,85446.0,1780212.0,253.0
8230,2023-04-12,21.04,21.08,20.84,20.84,-0.16,-0.76,128220.0,2687845.8,295.0
8230,2023-04-11,21.12,21.32,20.92,21.0,-0.12,-0.57,174040.0,3672689.8,358.0
8230,2023-04-10,21.56,21.56,21.12,21.12,-0.28,-1.31,140386.0,2984762.6,241.0
8230,2023-04-09,21.12,21.56,21.12,21.4,0.36,1.71,583830.0,12493251.6,1352.0
8230,2023-04-06,21.0,21.2,20.6,21.04,0.24,1.15,348170.0,7290183.8,682.0
8230,2023-04-05,21.0,21.2,20.64,20.8,-0.32,-1.52,433316.0,9128634.6,572.0
8230,2023-04-04,21.28,21.36,20.96,21.12,-0.28,-1.31,212636.0,4490957.0,411.0
8230,2023-04-03,21.28,21.44,21.28,21.4,0.24,1.13,791130.0,16902489.6,1137.0
8230,2023-04-02,21.16,21.44,20.84,21.16,0.48,2.32,437786.0,9264485.8,803.0
8230,2023-03-30,20.6,21.84,20.6,20.68,0.2,0.98,1609166.0,34228061.8,2757.0
8230,2023-03-29,19.84,20.52,19.84,20.48,0.64,3.23,691870.0,13998734.7,1120.0
8230,2023-03-28,19.8,20.16,19.8,19.84,0.08,0.4,505146.0,10103105.4,799.0
8230,2023-03-27,19.44,19.78,19.44,19.76,0.22,1.13,266790.0,5249676.3,547.0
8230,2023-03-26,19.32,19.6,19.3,19.54,0.24,1.24,148306.0,2893687.5,216.0
8230,2023-03-23,19.68,19.68,19.3,19.3,-0.26,-1.33,198930.0,3864064.6,460.0
8230,2023-03-22,19.5,19.8,19.5,19.56,0.12,0.62,282006.0,5542059.0,599.0
8230,2023-03-21,19.64,19.68,19.44,19.44,-0.3,-1.52,401286.0,7862437.7,506.0
8230,2023-03-20,19.76,19.76,19.3,19.74,0.12,0.61,367490.0,7199530.5,510.0
8230,2023-03-19,19.52,19.92,19.52,19.62,0.1,0.51,353606.0,6986583.2,545.0
8230,2023-03-16,19.08,19.6,19.0,19.52,0.44,2.31,330316.0,6362381.6,582.0
8230,2023-03-15,19.24,19.38,19.04,19.08,-0.16,-0.83,322420.0,6202558.9,514.0
8230,2023-03-14,19.5,19.5,19.06,19.24,-0.2,-1.03,246090.0,4738099.4,692.0
8230,2023-03-13,19.54,19.62,19.04,19.44,-0.16,-0.82,371370.0,7230995.3,750.0
8230,2023-03-12,19.78,19.8,19.6,19.6,-0.18,-0.91,103526.0,2040010.9,314.0
8230,2023-03-09,19.7,19.92,19.7,19.78,-0.02,-0.1,172500.0,3418925.7,282.0
8230,2023-03-08,19.76,19.92,19.7,19.8,-0.1,-0.5,119556.0,2369909.4,233.0
8230,2023-03-07,20.16,20.16,19.8,19.9,-0.02,-0.1,297690.0,5925650.8,345.0
8230,2023-03-06,19.8,20.2,19.68,19.92,0.04,0.2,497036.0,9923234.8,735.0
8230,2023-03-05,20.0,20.04,19.68,19.88,-0.02,-0.1,339426.0,6725367.3,615.0
8230,2023-03-02,20.16,20.16,19.72,19.9,-0.1,-0.5,251830.0,5025642.6,478.0
8230,2023-03-01,20.2,20.4,20.0,20.0,0.0,0.0,424476.0,8587393.2,558.0
8230,2023-02-28,20.12,20.16,19.86,20.0,-0.24,-1.19,212836.0,4259777.9,441.0
8230,2023-02-27,20.48,20.48,20.0,20.24,-0.12,-0.59,272826.0,5509082.2,470.0
8230,2023-02-26,19.96,20.8,19.96,20.36,0.56,2.83,525850.0,10718708.6,737.0
8230,2023-02-23,19.84,20.16,19.64,19.8,0.06,0.3,178790.0,3550619.8,432.0
8230,2023-02-21,19.76,20.12,19.54,19.74,-0.08,-0.4,217126.0,4301475.0,478.0
8230,2023-02-20,20.36,20.4,19.72,19.82,-0.74,-3.6,365930.0,7358878.4,571.0
8230,2023-02-19,20.64,20.8,20.36,20.56,-0.04,-0.19,104646.0,2143874.0,244.0
8230,2023-02-16,20.2,20.88,20.04,20.6,0.48,2.39,1071910.0,22052209.6,1295.0
8230,2023-02-15,20.2,20.2,19.9,20.12,-0.04,-0.2,139860.0,2804705.8,342.0
8230,2023-02-14,19.6,20.28,19.6,20.16,0.48,2.44,707336.0,14196883.6,939.0
8230,2023-02-13,19.74,19.74,19.38,19.68,-0.02,-0.1,308980.0,6034859.2,679.0
8230,2023-02-12,19.9,19.98,19.6,19.7,-0.2,-1.01,130900.0,2593279.8,348.0
8230,2023-02-09,20.2,20.24,19.48,19.9,-0.22,-1.09,338516.0,6728072.6,603.0
8230,2023-02-08,20.16,20.56,20.04,20.12,-0.08,-0.4,146826.0,2976880.6,323.0
8230,2023-02-07,20.2,20.68,20.12,20.2,-0.2,-0.98,520136.0,10641749.2,860.0
8230,2023-02-06,20.28,20.4,19.82,20.4,0.12,0.59,365466.0,7317902.2,575.0
8230,2023-02-05,20.8,20.8,20.04,20.28,-0.44,-2.12,375060.0,7625014.8,504.0
8230,2023-02-02,20.6,20.92,20.28,20.72,0.08,0.39,593906.0,12253124.0,815.0
8230,2023-02-01,20.4,21.0,20.4,20.64,0.32,1.57,1535516.0,31901475.2,1755.0
8230,2023-01-31,19.68,20.4,19.66,20.32,0.52,2.63,1163000.0,23452245.8,1371.0
8230,2023-01-30,19.8,20.12,19.64,19.8,0.0,0.0,337346.0,6688357.9,557.0
8230,2023-01-29,19.56,20.2,19.5,19.8,0.24,1.23,925540.0,18406611.8,1200.0
8230,2023-01-26,20.0,20.0,19.5,19.56,-0.4,-2.0,655310.0,12948987.0,891.0
8230,2023-01-25,19.6,20.2,19.6,19.96,0.46,2.36,1309876.0,26095846.9,1717.0
8230,2023-01-24,19.8,19.8,19.5,19.5,-0.2,-1.02,451426.0,8849079.2,636.0
8230,2023-01-23,19.1,19.88,19.1,19.7,0.64,3.36,1237420.0,24214215.7,1756.0
8230,2023-01-22,19.16,19.46,19.06,19.06,-0.1,-0.52,233846.0,4504494.5,371.0
8230,2023-01-19,19.4,19.68,19.06,19.16,-0.36,-1.84,408310.0,7918637.3,764.0
8230,2023-01-18,18.76,19.74,18.76,19.52,0.76,4.05,1619540.0,31434311.4,2182.0
8230,2023-01-17,18.44,19.28,18.44,18.76,0.32,1.74,2000766.0,37990891.7,2805.0
8230,2023-01-16,18.14,18.44,18.12,18.44,0.32,1.77,770860.0,14145839.3,964.0
8230,2023-01-15,18.26,18.32,18.12,18.12,-0.08,-0.44,169520.0,3085714.3,287.0
8230,2023-01-12,18.3,18.5,18.16,18.2,-0.02,-0.11,441956.0,8105282.8,708.0
8230,2023-01-11,18.24,18.38,18.06,18.22,0.06,0.33,378856.0,6914553.8,599.0
8230,2023-01-10,18.26,18.3,18.08,18.16,-0.1,-0.55,292850.0,5326540.0,479.0
8230,2023-01-09,18.06,18.36,18.06,18.26,0.14,0.77,445416.0,8106121.2,695.0
8230,2023-01-08,18.32,18.32,18.1,18.12,-0.08,-0.44,230760.0,4192492.8,434.0
8230,2023-01-05,18.26,18.5,18.06,18.2,0.0,0.0,391580.0,7135727.6,777.0
8230,2023-01-04,18.04,18.56,17.98,18.2,0.14,0.78,753750.0,13786855.6,1275.0
8230,2023-01-03,18.2,18.24,17.98,18.06,0.08,0.44,213090.0,3859951.7,404.0
8230,2023-01-02,18.04,18.28,17.9,17.98,-0.02,-0.11,276686.0,5003348.8,607.0
8230,2023-01-01,17.9,18.18,17.82,18.0,0.1,0.56,296150.0,5328961.7,580.0
8230,2022-12-29,18.3,18.6,17.9,17.9,-0.4,-2.19,409826.0,7502523.7,838.0
8230,2022-12-28,18.2,18.86,18.02,18.3,0.1,0.55,1180660.0,21857080.7,1556.0
8230,2022-12-27,18.2,18.4,18.02,18.2,0.02,0.11,544070.0,9893556.9,629.0
8230,2022-12-26,18.22,18.28,17.9,18.18,-0.04,-0.22,275156.0,4973159.6,449.0
8230,2022-12-25,17.82,18.58,17.82,18.22,0.24,1.33,653880.0,11985341.8,987.0
8230,2022-12-22,18.2,18.3,17.94,17.98,-0.28,-1.53,530550.0,9615477.1,828.0
8230,2022-12-21,17.38,18.36,17.38,18.26,1.06,6.16,1335980.0,23960275.2,2221.0
8230,2022-12-20,16.76,17.4,16.72,17.2,0.28,1.65,326050.0,5613097.5,738.0
8230,2022-12-19,17.22,17.34,16.82,16.92,-0.46,-2.65,258026.0,4401785.3,613.0
8230,2022-12-18,17.54,17.54,17.22,17.38,-0.02,-0.11,103476.0,1798076.1,307.0
8230,2022-12-15,17.1,17.58,17.02,17.4,0.24,1.4,355140.0,6175835.4,721.0
8230,2022-12-14,16.6,17.44,16.6,17.16,0.7,4.25,922816.0,15762734.3,1337.0
8230,2022-12-13,16.34,16.8,16.34,16.46,0.26,1.6,224806.0,3743950.0,464.0
8230,2022-12-12,16.24,16.5,15.72,16.2,-0.34,-2.06,360126.0,5831244.6,529.0
8230,2022-12-11,16.96,16.96,16.44,16.54,-0.32,-1.9,203740.0,3398100.5,326.0
8230,2022-12-08,16.82,17.0,16.6,16.86,0.22,1.32,419960.0,7057287.6,692.0
8230,2022-12-07,16.46,16.9,16.28,16.64,0.3,1.84,805556.0,13364033.1,1131.0
8230,2022-12-06,16.22,16.7,16.02,16.34,0.12,0.74,391800.0,6415765.0,716.0
8230,2022-12-05,17.12,17.3,16.22,16.22,-1.04,-6.03,730490.0,12133964.3,1169.0
8230,2022-12-04,17.38,17.56,17.26,17.26,-0.1,-0.58,304726.0,5325764.2,476.0
8230,2022-12-01,17.28,17.52,17.24,17.36,0.14,0.81,378050.0,6584688.7,548.0
8230,2022-11-30,17.36,17.52,17.2,17.22,-0.14,-0.81,319930.0,5544480.6,519.0
8230,2022-11-29,17.62,17.62,17.34,17.36,-0.22,-1.25,218766.0,3816497.6,410.0
8230,2022-11-28,17.4,17.74,17.24,17.58,-0.04,-0.23,454486.0,7958616.5,629.0
8230,2022-11-27,17.6,17.62,16.88,17.62,0.02,0.11,269216.0,4638906.0,681.0
8230,2022-11-24,18.06,18.06,17.6,17.6,-0.44,-2.44,380656.0,6742505.2,508.0
8230,2022-11-22,18.04,18.32,17.92,18.04,0.04,0.22,282976.0,5134165.0,511.0
8230,2022-11-21,18.0,18.18,17.84,18.0,-0.04,-0.22,524166.0,9462782.2,665.0
8230,2022-11-20,18.64,18.66,18.0,18.04,-0.56,-3.01,227110.0,4153137.8,445.0
8230,2022-11-17,18.46,18.76,18.24,18.6,0.16,0.87,416296.0,7707923.6,732.0
8230,2022-11-16,18.1,18.44,17.92,18.44,0.3,1.65,758760.0,13814395.8,995.0
8230,2022-11-15,17.98,18.8,17.98,18.14,0.14,0.78,699546.0,12910326.0,1260.0
8230,2022-11-14,18.4,18.4,17.54,18.0,-0.4,-2.17,680580.0,12211805.2,993.0
8230,2022-11-13,18.8,19.0,18.26,18.4,-0.24,-1.29,370160.0,6875068.0,563.0
8230,2022-11-10,19.22,19.22,18.5,18.64,-0.72,-3.72,575406.0,10784352.2,826.0
8230,2022-11-09,19.3,19.5,19.04,19.36,0.06,0.31,331240.0,6382639.1,617.0
8230,2022-11-08,19.74,19.92,19.02,19.3,-0.44,-2.23,439356.0,8564687.9,967.0
8230,2022-11-07,20.16,20.16,19.56,19.74,-0.42,-2.08,544466.0,10823893.5,967.0
8230,2022-11-06,20.32,20.36,20.04,20.16,0.04,0.2,686126.0,13837650.2,701.0
8230,2022-11-03,19.98,20.4,19.98,20.12,0.14,0.7,562840.0,11391842.1,723.0
8230,2022-11-02,20.0,20.36,19.52,19.98,-0.02,-0.1,872736.0,17400884.1,1151.0
8230,2022-11-01,20.4,20.52,19.98,20.0,-0.48,-2.34,1033426.0,20843363.7,1003.0
8230,2022-10-31,20.2,20.6,19.94,20.48,0.2,0.99,896266.0,18229720.3,1275.0
8230,2022-10-30,21.0,21.12,20.16,20.28,-0.64,-3.06,821596.0,17096477.8,1096.0
8230,2022-10-27,20.96,21.68,20.88,20.92,0.04,0.19,2600276.0,55397384.4,2944.0
8230,2022-10-26,20.84,21.32,20.56,20.88,-0.04,-0.19,1581440.0,33280692.4,1613.0
8230,2022-10-25,21.28,21.36,20.84,20.92,-0.28,-1.32,1666360.0,35240865.0,1728.0
8230,2022-10-24,20.8,21.56,20.56,21.2,0.28,1.34,4727560.0,99289440.6,3464.0
8230,2022-10-23,20.92,21.0,20.52,20.92,0.08,0.38,1829036.0,38110133.6,1261.0
8230,2022-10-20,20.8,20.96,20.6,20.84,0.04,0.19,973546.0,20287876.4,935.0
8230,2022-10-19,21.08,21.08,20.64,20.8,-0.2,-0.95,1245090.0,25901373.8,1335.0
8230,2022-10-18,20.48,21.12,20.44,21.0,0.6,2.94,3712180.0,77340456.2,3117.0
8230,2022-10-17,20.28,20.76,20.2,20.4,0.16,0.79,1238216.0,25363798.6,1553.0
8230,2022-10-16,20.0,20.36,19.98,20.24,0.26,1.3,1012910.0,20458168.1,1190.0
8230,2022-10-13,19.76,20.6,19.76,19.98,0.3,1.52,2661686.0,53775238.8,3358.0
8230,2022-10-12,19.94,19.98,19.62,19.68,-0.18,-0.91,506336.0,10000034.0,694.0
8230,2022-10-11,19.52,20.04,19.36,19.86,0.52,2.69,1146230.0,22739304.5,1711.0
8230,2022-10-10,19.24,19.48,19.12,19.34,0.1,0.52,470630.0,9061380.4,798.0
8230,2022-10-09,19.78,19.8,19.2,19.24,-0.56,-2.83,522226.0,10145879.1,879.0
8230,2022-10-06,20.2,20.4,19.76,19.8,-0.32,-1.59,796830.0,15962038.8,1253.0
8230,2022-10-05,20.2,20.84,19.96,20.12,-0.08,-0.4,2322716.0,47500955.6,2623.0
8230,2022-10-04,19.14,20.52,19.02,20.2,1.2,6.32,3440266.0,68216835.1,3968.0
8230,2022-10-03,19.2,19.3,19.0,19.0,-0.2,-1.04,763840.0,14595233.8,1189.0
8230,2022-10-02,18.82,19.36,18.8,19.2,0.4,2.13,1139830.0,21794388.0,1371.0
8230,2022-09-29,18.4,18.98,18.28,18.8,0.68,3.75,2264800.0,42154333.6,2404.0
8230,2022-09-28,17.6,18.74,17.24,18.12,0.68,3.9,2977920.0,53989867.7,3109.0
8230,2022-09-27,17.3,17.56,16.8,17.44,0.44,2.59,1220296.0,20974268.9,1657.0
8230,2022-09-26,17.4,17.94,17.0,17.0,-0.64,-3.63,1266866.0,22270295.5,1515.0
8230,2022-09-25,18.74,18.8,17.64,17.64,-1.36,-7.16,824500.0,14955766.9,1255.0
8230,2022-09-21,19.58,19.84,18.76,19.0,-0.6,-3.06,673246.0,13008405.9,1317.0
8230,2022-09-20,19.3,20.2,19.24,19.6,0.44,2.3,1778690.0,35013168.0,2738.0
8230,2022-09-19,18.82,19.98,18.82,19.16,0.54,2.9,2126296.0,41550228.3,3275.0
8230,2022-09-18,19.6,19.62,18.62,18.62,-1.36,-6.81,559600.0,10662304.0,1103.0
8230,2022-09-15,20.36,20.48,19.96,19.98,-0.34,-1.67,781600.0,15814868.5,1103.0
8230,2022-09-14,19.9,20.44,19.72,20.32,0.12,0.59,25817576.0,501455171.7,1404.0
8230,2022-09-13,20.72,20.76,20.08,20.2,-0.4,-1.94,490990.0,9991120.4,1006.0
8230,2022-09-12,20.16,20.8,19.86,20.6,0.44,2.18,1196350.0,24391224.1,1850.0
8230,2022-09-11,21.12,21.52,20.0,20.16,-0.96,-4.55,1277890.0,26499535.4,2111.0
8230,2022-09-08,21.56,22.16,20.92,21.12,-0.2,-0.94,1473736.0,31786993.2,2381.0
8230,2022-09-07,21.2,22.6,21.0,21.32,0.12,0.57,5040636.0,109265407.6,4575.0
8230,2022-09-06,22.04,22.4,21.0,21.2,-0.52,-2.39,4164436.0,90374833.0,4597.0
8230,2022-09-05,19.86,21.72,19.86,21.72,1.96,9.92,3828596.0,80675903.7,2699.0
8230,2022-09-04,19.54,20.2,19.54,19.76,-0.28,-1.4,1129510.0,22359737.2,748.0
8230,2022-09-01,20.04,20.68,19.8,20.04,0.04,0.2,1138356.0,22990006.1,1554.0
8230,2022-08-31,19.84,20.96,19.64,20.0,0.16,0.81,2780996.0,55923227.2,3001.0
8230,2022-08-30,18.92,20.44,18.84,19.84,0.92,4.86,3897500.0,76561595.9,3313.0
8230,2022-08-29,18.64,19.28,18.4,18.92,0.38,2.05,2317970.0,43695405.0,1670.0
8230,2022-08-28,18.2,18.96,18.1,18.54,0.18,0.98,1644480.0,30486563.9,1257.0
8230,2022-08-25,18.3,18.82,18.28,18.36,0.08,0.44,1706580.0,31594173.0,1256.0
8230,2022-08-24,18.02,18.52,18.02,18.28,0.12,0.66,1466620.0,26781028.3,1119.0
8230,2022-08-23,18.02,18.64,17.84,18.16,0.14,0.78,1669740.0,30536452.1,1931.0
8230,2022-08-22,17.8,18.56,17.58,18.02,0.12,0.67,1802926.0,32613407.0,1906.0
8230,2022-08-21,18.4,18.6,17.88,17.9,-0.66,-3.56,1242796.0,22569244.7,1416.0
8230,2022-08-18,19.42,19.72,18.38,18.56,-0.58,-3.03,2491620.0,47350338.1,3296.0
8230,2022-08-17,17.6,19.14,17.6,19.14,1.74,10.0,6441170.0,120736114.9,3999.0
8230,2022-08-16,15.98,17.4,15.8,17.4,1.58,9.99,3480660.0,58786360.3,3189.0
8230,2022-08-15,15.82,15.9,15.6,15.82,0.0,0.0,295836.0,4668477.8,423.0
8230,2022-08-14,16.14,16.18,15.82,15.82,-0.1,-0.63,538896.0,8610528.9,776.0
8230,2022-08-11,15.84,16.24,15.82,15.92,0.06,0.38,970920.0,15570935.6,917.0
8230,2022-08-10,15.78,15.88,15.68,15.86,-0.18,-1.12,508366.0,8012625.3,504.0
8230,2022-08-09,15.94,16.04,15.9,16.04,0.04,0.25,186806.0,2986821.4,239.0
8230,2022-08-08,15.94,16.08,15.94,16.0,0.1,0.63,284250.0,4554547.3,301.0
8230,2022-08-07,16.1,16.1,15.84,15.9,-0.16,-1.0,207830.0,3310359.0,294.0
8230,2022-08-04,16.3,16.3,15.86,16.06,-0.14,-0.86,543800.0,8716811.9,697.0
8230,2022-08-03,16.52,16.6,16.2,16.2,-0.28,-1.7,333240.0,5472367.4,501.0
8230,2022-08-02,16.0,16.48,15.78,16.48,0.54,3.39,1081510.0,17588645.2,1147.0
8230,2022-08-01,15.48,15.98,15.46,15.94,0.5,3.24,1195620.0,18900318.2,1039.0
8230,2022-07-31,15.28,15.58,15.22,15.44,0.16,1.05,361376.0,5568392.9,491.0
8230,2022-07-28,15.42,15.44,15.2,15.28,-0.06,-0.39,276346.0,4228659.7,383.0
8230,2022-07-27,15.4,15.52,15.14,15.34,0.2,1.32,484756.0,7454867.1,606.0
8230,2022-07-26,15.0,15.66,15.0,15.14,0.12,0.8,595960.0,9139787.2,797.0
8230,2022-07-25,15.2,15.28,15.02,15.02,-0.14,-0.92,337286.0,5103671.4,517.0
8230,2022-07-24,14.98,15.94,14.96,15.16,0.36,2.43,1685286.0,26129566.9,2019.0
8230,2022-07-21,14.6,14.9,14.58,14.8,0.22,1.51,372300.0,5503306.8,465.0
8230,2022-07-20,14.56,15.1,14.42,14.58,0.1,0.69,849426.0,12506019.0,957.0
8230,2022-07-19,14.1,14.58,14.1,14.48,0.28,1.97,404120.0,5815926.1,496.0
8230,2022-07-18,13.8,14.24,13.8,14.2,0.4,2.9,445360.0,6219016.6,418.0
8230,2022-07-17,14.16,14.16,13.76,13.8,-0.04,-0.29,360196.0,4995595.6,357.0
8230,2022-07-14,14.0,14.14,13.8,13.84,-0.18,-1.28,396440.0,5523084.6,403.0
8230,2022-07-13,14.3,14.4,14.02,14.02,-0.28,-1.96,230686.0,3294983.2,352.0
8230,2022-07-06,13.8,14.36,13.8,14.3,0.1,0.7,375456.0,5308769.2,545.0
8230,2022-07-05,14.0,14.38,13.92,14.2,0.22,1.57,376890.0,5337659.7,535.0
8230,2022-07-04,13.9,14.2,13.6,13.98,0.06,0.43,625210.0,8677622.5,730.0
8230,2022-07-03,14.36,14.48,13.86,13.92,-0.36,-2.52,404280.0,5722191.1,546.0
8230,2022-06-30,14.12,14.88,14.12,14.28,0.0,0.0,1564160.0,22784617.1,1882.0
8230,2022-06-29,14.28,14.48,14.1,14.28,0.02,0.14,907310.0,12932388.4,1021.0
8230,2022-06-28,14.1,14.46,13.88,14.26,-0.02,-0.14,1149856.0,16243181.3,1029.0
8230,2022-06-27,14.88,14.96,14.28,14.28,-0.62,-4.16,725250.0,10647570.4,810.0
8230,2022-06-26,15.0,15.26,14.88,14.9,0.06,0.4,1166696.0,17537759.1,963.0
8230,2022-06-23,15.1,15.3,14.62,14.84,0.04,0.27,1298100.0,19384313.0,1048.0
8230,2022-06-22,15.84,15.84,14.6,14.8,-1.0,-6.33,1043516.0,15830153.3,1286.0
8230,2022-06-21,16.14,16.26,15.72,15.8,-0.06,-0.38,1081296.0,17242269.6,1120.0
8230,2022-06-20,16.2,16.5,15.6,15.86,-0.18,-1.12,1305570.0,20931510.8,1469.0
8230,2022-06-19,17.0,17.44,16.0,16.04,-1.06,-6.2,1349080.0,22447236.8,1698.0
8230,2022-06-16,19.24,19.44,17.1,17.1,-1.9,-10.0,2127716.0,38398920.6,2814.0
8230,2022-06-15,18.6,19.54,18.58,19.0,0.68,3.71,6821116.0,131147052.4,3535.0
8230,2022-06-14,16.5,18.32,16.46,18.32,1.66,9.96,2337280.0,40797857.5,2086.0
8230,2022-06-13,18.1,18.48,16.56,16.66,-1.34,-7.44,1213390.0,21184273.7,1849.0
8230,2022-06-12,17.44,18.6,17.06,18.0,0.32,1.81,2474490.0,45073893.3,2403.0
8230,2022-06-09,16.6,17.94,16.6,17.68,1.02,6.12,2822186.0,49441992.9,2105.0
8230,2022-06-08,16.46,16.78,16.34,16.66,0.26,1.59,619790.0,10258006.8,572.0
8230,2022-06-07,16.6,16.7,16.24,16.4,-0.18,-1.09,825410.0,13648565.3,872.0
8230,2022-06-06,15.96,16.58,15.66,16.58,0.78,4.94,1512570.0,24647520.1,1274.0
8230,2022-06-05,15.48,15.94,15.24,15.8,0.32,2.07,712816.0,11211678.0,805.0
8230,2022-06-02,14.96,15.48,14.92,15.48,0.68,4.59,1476730.0,22634116.6,1235.0
8230,2022-06-01,14.42,14.9,14.42,14.8,0.4,2.78,782410.0,11547971.0,610.0
8230,2022-05-31,14.16,15.04,14.16,14.4,0.34,2.42,1329700.0,19476889.7,1486.0
8230,2022-05-30,13.8,14.18,13.8,14.06,0.32,2.33,888706.0,12461947.9,669.0
8230,2022-05-29,13.52,13.74,13.44,13.74,0.3,2.23,478740.0,6517881.7,510.0
8230,2022-05-26,13.44,13.52,13.34,13.44,0.0,0.0,353076.0,4742602.1,479.0
8230,2022-05-25,13.66,13.66,13.36,13.44,-0.16,-1.18,938416.0,12608520.5,711.0
8230,2022-05-24,13.84,13.86,13.54,13.6,-0.3,-2.16,670580.0,9137850.8,560.0
8230,2022-05-23,14.06,14.22,13.8,13.9,-0.16,-1.14,210366.0,2926299.5,399.0
8230,2022-05-22,14.3,14.3,13.96,14.06,-0.34,-2.36,256496.0,3625577.6,333.0
8230,2022-05-19,14.58,14.58,14.26,14.4,-0.26,-1.77,327616.0,4705923.6,363.0
8230,2022-05-18,14.88,14.88,14.6,14.66,-0.18,-1.21,249526.0,3673677.5,338.0
8230,2022-05-17,14.72,14.9,14.42,14.84,0.06,0.41,276096.0,4054404.3,368.0
8230,2022-05-16,15.02,15.06,14.6,14.78,-0.28,-1.86,199000.0,2960065.4,289.0
8230,2022-05-15,15.0,15.06,14.84,15.06,-0.06,-0.4,222770.0,3334262.1,327.0
8230,2022-05-12,15.56,15.56,14.9,15.12,-0.42,-2.7,478786.0,7262315.2,540.0
8230,2022-05-11,15.54,15.56,15.28,15.54,-0.06,-0.38,579196.0,8925071.0,544.0
8230,2022-05-10,15.84,15.84,15.4,15.6,-0.26,-1.64,373536.0,5799002.4,453.0
8230,2022-05-09,16.0,16.02,15.4,15.86,-0.16,-1.0,461550.0,7327849.7,543.0
8230,2022-05-08,16.0,16.04,15.66,16.02,0.18,1.14,319676.0,5096548.1,445.0
8230,2022-04-28,15.72,16.04,15.6,15.84,0.14,0.89,407910.0,6466297.6,427.0
8230,2022-04-27,15.64,15.7,15.52,15.7,0.1,0.64,135730.0,2119932.0,203.0
8230,2022-04-26,15.52,15.6,15.4,15.6,0.1,0.65,224426.0,3480399.4,319.0
8230,2022-04-25,15.76,15.76,15.5,15.5,-0.08,-0.51,147820.0,2301642.2,309.0
8230,2022-04-24,15.76,15.76,15.58,15.58,-0.2,-1.27,171060.0,2675641.2,352.0
8230,2022-04-21,15.88,15.9,15.78,15.78,-0.02,-0.13,146700.0,2321006.0,307.0
8230,2022-04-20,16.08,16.08,15.76,15.8,-0.3,-1.86,671596.0,10675344.7,689.0
8230,2022-04-19,16.36,16.36,16.1,16.1,-0.18,-1.11,437750.0,7082783.3,477.0
8230,2022-04-18,16.28,16.4,16.14,16.28,0.0,0.0,311356.0,5065612.9,395.0
8230,2022-04-17,16.44,16.5,16.22,16.28,-0.12,-0.73,381836.0,6232255.6,379.0
8230,2022-04-14,16.2,16.58,16.2,16.4,0.2,1.23,412806.0,6779841.8,547.0
8230,2022-04-13,16.14,16.24,16.02,16.2,0.0,0.0,170156.0,2741131.1,206.0
8230,2022-04-12,16.2,16.24,16.1,16.2,-0.04,-0.25,188216.0,3043767.4,251.0
8230,2022-04-11,16.44,16.44,16.22,16.24,-0.14,-0.85,344586.0,5611205.2,355.0
8230,2022-04-10,16.4,16.48,16.32,16.38,-0.12,-0.73,386710.0,6328307.8,375.0
8230,2022-04-07,16.52,16.58,16.3,16.5,-0.04,-0.24,235950.0,3871830.4,330.0
8230,2022-04-06,16.44,16.56,16.3,16.54,0.12,0.73,449016.0,7374309.2,378.0
8230,2022-04-05,16.58,16.58,16.4,16.42,-0.16,-0.97,543946.0,8959472.8,480.0
8230,2022-04-04,16.82,16.9,16.56,16.58,-0.22,-1.31,470276.0,7842876.5,395.0
8230,2022-04-03,16.94,17.0,16.78,16.8,-0.18,-1.06,142246.0,2402639.8,181.0
8230,2022-03-31,17.28,17.3,16.98,16.98,-0.22,-1.28,232836.0,3986604.3,305.0
8230,2022-03-30,17.0,17.2,17.0,17.2,0.22,1.3,688770.0,11784476.0,712.0
8230,2022-03-29,16.76,16.98,16.56,16.98,0.18,1.07,872376.0,14597255.6,522.0
8230,2022-03-28,16.7,16.9,16.66,16.8,0.04,0.24,318496.0,5343680.4,197.0
8230,2022-03-27,16.88,16.88,16.7,16.76,-0.16,-0.95,179020.0,3002282.3,208.0
8230,2022-03-24,16.86,16.92,16.8,16.92,0.06,0.36,196050.0,3306924.7,151.0
8230,2022-03-23,16.88,16.88,16.7,16.86,0.02,0.12,1495436.0,25090801.7,187.0
8230,2022-03-22,16.82,16.88,16.74,16.84,0.04,0.24,277066.0,4663036.1,165.0
8230,2022-03-21,16.72,16.92,16.72,16.8,0.02,0.12,328430.0,5535803.3,266.0
8230,2022-03-20,16.84,16.98,16.72,16.78,-0.16,-0.94,326770.0,5494942.9,322.0
8230,2022-03-17,16.66,17.06,16.58,16.94,0.34,2.05,762756.0,12869003.8,654.0
8230,2022-03-16,16.3,16.76,16.28,16.6,0.3,1.84,557016.0,9207776.8,508.0
8230,2022-03-15,16.24,16.34,16.18,16.3,0.08,0.49,3263090.0,52889413.6,536.0
8230,2022-03-14,16.5,16.5,16.12,16.22,-0.26,-1.58,2409576.0,39088869.0,1158.0
8230,2022-03-13,16.64,16.78,16.42,16.48,-0.16,-0.96,1115526.0,18405663.5,565.0
8230,2022-03-10,16.72,16.82,16.6,16.64,-0.16,-0.95,817740.0,13648841.6,462.0
8230,2022-03-09,17.1,17.14,16.6,16.8,-0.3,-1.75,1425330.0,23966493.3,852.0
8230,2022-03-08,17.36,17.36,17.0,17.1,-0.36,-2.06,724676.0,12413107.8,651.0
8230,2022-03-07,16.66,17.72,16.42,17.46,-0.16,-0.91,4986630.0,83638442.0,2622.0
8230,2022-03-06,17.3,17.7,17.2,17.62,0.46,2.68,1000670.0,17504478.2,692.0
8230,2022-03-03,17.38,17.54,17.14,17.16,-0.22,-1.27,772450.0,13348770.5,544.0
8230,2022-03-02,16.9,17.56,16.88,17.38,0.34,2.0,1277186.0,22061164.6,1071.0
8230,2022-03-01,17.0,17.18,16.94,17.04,0.06,0.35,535426.0,9129087.5,520.0
8230,2022-02-28,16.82,17.04,16.76,16.98,0.08,0.47,735880.0,12428047.8,525.0
8230,2022-02-27,16.84,17.06,16.84,16.9,0.1,0.6,432976.0,7344424.0,446.0
8230,2022-02-24,16.88,16.9,16.7,16.8,-0.32,-1.87,729166.0,12240531.1,557.0
8230,2022-02-23,16.96,17.16,16.9,17.12,0.12,0.71,264206.0,4501821.7,281.0
8230,2022-02-21,17.0,17.04,16.92,17.0,0.1,0.59,278396.0,4727370.4,309.0
8230,2022-02-20,17.04,17.08,16.78,16.9,-0.14,-0.82,622906.0,10528168.3,401.0
8230,2022-02-17,17.1,17.12,16.9,17.04,-0.1,-0.58,572840.0,9729674.0,492.0
8230,2022-02-16,17.22,17.26,17.04,17.14,0.02,0.12,892820.0,15309213.2,552.0
8230,2022-02-15,17.2,17.32,17.1,17.12,-0.18,-1.04,624836.0,10765502.2,391.0
8230,2022-02-14,16.94,17.36,16.82,17.3,0.4,2.37,728110.0,12487598.7,560.0
8230,2022-02-13,17.2,17.28,16.68,16.9,-0.62,-3.54,1067330.0,18162260.0,805.0
8230,2022-02-10,17.44,17.7,17.3,17.52,0.08,0.46,853630.0,14950796.6,625.0
8230,2022-02-09,17.56,17.68,17.32,17.44,-0.1,-0.57,1595426.0,27941772.3,929.0
8230,2022-02-08,17.44,17.8,17.34,17.54,0.1,0.57,2390946.0,42102250.2,1448.0
8230,2022-02-07,16.96,17.52,16.96,17.44,0.54,3.2,2929800.0,50552438.6,1930.0
8230,2022-02-06,16.64,17.02,16.64,16.9,0.16,0.96,899150.0,15170893.5,676.0
8230,2022-02-03,16.84,16.88,16.68,16.74,-0.04,-0.24,481016.0,8080820.4,480.0
8230,2022-02-02,16.76,16.9,16.7,16.78,-0.02,-0.12,558716.0,9385064.3,546.0
8230,2022-02-01,16.72,16.94,16.68,16.8,0.08,0.48,1245716.0,20976907.1,844.0
8230,2022-01-31,16.56,16.86,16.5,16.72,0.24,1.46,3088276.0,51662617.3,1782.0
8230,2022-01-30,16.24,16.52,16.2,16.48,0.28,1.73,1526010.0,24955310.0,875.0
8230,2022-01-27,16.34,16.44,16.2,16.2,-0.14,-0.86,1110530.0,18087209.8,750.0
8230,2022-01-26,16.22,16.48,16.16,16.34,0.2,1.24,2048536.0,33530683.9,1596.0
8230,2022-01-25,16.0,16.32,15.92,16.14,0.16,1.0,1877936.0,30462937.6,1507.0
8230,2022-01-24,15.96,16.02,15.88,15.98,-0.02,-0.13,523390.0,8354771.1,475.0
8230,2022-01-23,16.2,16.2,15.96,16.0,-0.2,-1.23,1077526.0,17281722.1,739.0
8230,2022-01-20,16.14,16.26,16.14,16.2,0.06,0.37,660106.0,10688147.3,647.0
8230,2022-01-19,16.14,16.24,16.08,16.14,0.0,0.0,449070.0,7257353.8,509.0
8230,2022-01-18,16.24,16.26,16.12,16.14,-0.1,-0.62,1152276.0,18636923.3,867.0
8230,2022-01-17,16.32,16.32,16.16,16.24,-0.08,-0.49,1171756.0,18992113.5,760.0
8230,2022-01-16,16.56,16.56,16.2,16.32,-0.12,-0.73,962456.0,15812156.7,835.0
8230,2022-01-13,16.58,16.66,16.4,16.44,-0.14,-0.84,977850.0,16192134.5,601.0
8230,2022-01-12,16.5,16.66,16.44,16.58,0.08,0.48,1461680.0,24242547.6,1001.0
8230,2022-01-11,16.48,16.56,16.4,16.5,0.02,0.12,1000100.0,16490449.4,588.0
8230,2022-01-10,16.24,16.48,16.24,16.48,0.12,0.73,990220.0,16226759.1,676.0
8230,2022-01-09,16.38,16.5,16.28,16.36,0.06,0.37,859836.0,14084761.3,760.0
8230,2022-01-06,16.3,16.62,16.2,16.3,-0.04,-0.24,3733256.0,61542084.7,2467.0
8230,2022-01-05,15.84,16.34,15.84,16.34,0.54,3.42,2018076.0,32672204.8,1295.0
8230,2022-01-04,15.78,15.9,15.66,15.8,0.1,0.64,494556.0,7802936.3,412.0
8230,2022-01-03,15.7,15.82,15.6,15.7,0.0,0.0,610710.0,9594915.4,628.0
8230,2022-01-02,15.66,15.72,15.56,15.7,0.16,1.03,513266.0,8034234.9,485.0
8230,2021-12-30,15.6,15.68,15.54,15.54,-0.06,-0.38,658600.0,10276459.6,541.0
8230,2021-12-29,15.96,15.98,15.56,15.6,-0.34,-2.13,1140280.0,17922800.8,878.0
8230,2021-12-28,15.9,16.1,15.78,15.94,0.18,1.14,714566.0,11363664.1,657.0
8230,2021-12-27,15.82,15.88,15.64,15.76,-0.06,-0.38,650600.0,10234116.9,719.0
8230,2021-12-26,16.04,16.2,15.82,15.82,-0.16,-1.0,1262846.0,20257072.5,896.0
8230,2021-12-23,16.04,16.14,15.94,15.98,-0.04,-0.25,713460.0,11437362.8,713.0
8230,2021-12-22,16.34,16.34,16.02,16.02,-0.04,-0.25,1856556.0,30030004.5,1143.0
8230,2021-12-21,16.02,16.06,15.86,16.06,0.1,0.63,1195350.0,19060414.7,818.0
8230,2021-12-20,16.18,16.18,15.86,15.96,-0.28,-1.72,832566.0,13286731.7,841.0
8230,2021-12-19,16.46,16.5,16.2,16.24,-0.26,-1.58,1159596.0,18954385.0,838.0
8230,2021-12-16,16.54,16.58,16.48,16.5,0.02,0.12,782600.0,12932903.6,512.0
8230,2021-12-15,16.54,16.6,16.44,16.48,-0.06,-0.36,657636.0,10858430.9,503.0
8230,2021-12-14,16.5,16.64,16.42,16.54,0.04,0.24,922756.0,15262480.7,677.0
8230,2021-12-13,16.44,16.6,16.42,16.5,0.02,0.12,590960.0,9746134.5,442.0
8230,2021-12-12,16.4,16.5,16.28,16.48,0.08,0.49,625210.0,10228878.5,444.0
8230,2021-12-09,16.5,16.54,16.28,16.4,-0.08,-0.49,979610.0,16049848.0,670.0
8230,2021-12-08,16.7,16.94,16.48,16.48,-0.12,-0.72,1531426.0,25543388.8,857.0
8230,2021-12-07,16.52,16.7,16.42,16.6,0.22,1.34,1678710.0,27840516.1,624.0
8230,2021-12-06,16.74,16.74,16.34,16.38,-0.24,-1.44,735876.0,12152561.4,581.0
8230,2021-12-05,16.58,16.7,16.52,16.62,0.14,0.85,714010.0,11846940.0,500.0
8230,2021-12-02,16.58,16.58,16.4,16.48,-0.12,-0.72,699556.0,11530041.3,489.0
8230,2021-12-01,16.5,16.62,16.4,16.6,-0.04,-0.24,452980.0,7484032.0,343.0
8230,2021-11-30,16.66,17.06,16.34,16.64,0.0,0.0,2101360.0,34867255.3,1119.0
8230,2021-11-29,16.4,16.72,16.2,16.64,0.08,0.48,452946.0,7495381.3,445.0
8230,2021-11-28,15.82,16.78,15.82,16.56,-0.24,-1.43,612720.0,10007631.2,562.0
8230,2021-11-25,16.84,16.86,16.68,16.8,-0.02,-0.12,235610.0,3950101.7,295.0
8230,2021-11-24,16.48,16.86,16.42,16.82,0.42,2.56,404760.0,6757120.6,402.0
8230,2021-11-23,16.44,16.6,16.2,16.4,-0.1,-0.61,562910.0,9202814.3,447.0
8230,2021-11-22,16.96,16.96,16.28,16.5,-0.4,-2.37,518456.0,8593210.1,427.0
8230,2021-11-21,17.0,17.0,16.58,16.9,-0.16,-0.94,334366.0,5593441.5,380.0
8230,2021-11-18,17.2,17.2,16.96,17.06,-0.14,-0.81,284966.0,4871919.8,339.0
8230,2021-11-17,17.04,17.22,16.88,17.2,0.24,1.42,492856.0,8403562.5,446.0
8230,2021-11-16,16.62,17.06,16.62,16.96,0.26,1.56,507836.0,8574082.5,537.0
8230,2021-11-15,16.96,16.96,16.7,16.7,-0.22,-1.3,294676.0,4943645.0,348.0
8230,2021-11-14,17.08,17.08,16.86,16.92,-0.2,-1.17,281926.0,4770583.3,453.0
8230,2021-11-11,16.74,17.16,16.74,17.12,0.32,1.9,991880.0,16755777.2,848.0
8230,2021-11-10,16.86,16.96,16.6,16.8,-0.18,-1.06,624270.0,10474442.6,683.0
8230,2021-11-09,17.48,17.48,16.96,16.98,-0.56,-3.19,1324550.0,22605319.4,957.0
8230,2021-11-08,17.68,17.78,17.44,17.54,-0.14,-0.79,410980.0,7240142.1,628.0
8230,2021-11-07,17.82,17.84,17.64,17.68,-0.12,-0.67,332346.0,5896635.3,430.0
8230,2021-11-04,17.82,17.82,17.6,17.8,-0.02,-0.11,679830.0,12009789.6,725.0
8230,2021-11-03,18.26,18.4,17.68,17.82,-0.68,-3.68,2601456.0,46469449.9,1966.0
8230,2021-11-02,18.7,19.04,18.46,18.5,-0.18,-0.96,1677836.0,31550707.8,1411.0
8230,2021-11-01,18.54,18.7,18.5,18.68,0.16,0.86,389990.0,7267562.8,366.0
8230,2021-10-31,18.7,18.7,18.46,18.52,-0.14,-0.75,215806.0,4019969.3,354.0
8230,2021-10-28,18.2,18.68,18.2,18.66,0.3,1.63,590386.0,10922521.0,434.0
8230,2021-10-27,18.42,18.54,18.3,18.36,-0.04,-0.22,321496.0,5911656.8,306.0
8230,2021-10-26,18.34,18.52,18.28,18.4,0.16,0.88,389356.0,7160118.0,356.0
8230,2021-10-25,18.16,18.48,18.14,18.24,0.1,0.55,377120.0,6890186.2,347.0
8230,2021-10-24,18.26,18.26,18.06,18.14,0.02,0.11,526196.0,9532578.6,394.0
8230,2021-10-21,18.22,18.38,18.0,18.12,-0.26,-1.41,755286.0,13684580.2,614.0
8230,2021-10-20,18.56,18.56,18.3,18.38,-0.12,-0.65,451190.0,8310149.2,405.0
8230,2021-10-19,18.52,18.72,18.4,18.5,0.08,0.43,1328120.0,24663436.8,934.0
8230,2021-10-18,18.08,18.5,18.04,18.42,0.34,1.88,1492296.0,27341824.4,1152.0
8230,2021-10-17,18.16,18.26,18.08,18.08,-0.08,-0.44,416196.0,7561699.4,390.0
8230,2021-10-14,18.0,18.32,17.98,18.16,0.24,1.34,1261450.0,22912132.0,926.0
8230,2021-10-13,17.58,17.94,17.48,17.92,0.4,2.28,1136950.0,20068059.2,685.0
8230,2021-10-12,17.9,17.9,17.46,17.52,-0.38,-2.12,1390396.0,24499370.9,1020.0
8230,2021-10-11,17.98,18.0,17.42,17.9,-0.08,-0.44,1204326.0,21327984.6,995.0
8230,2021-10-10,18.12,18.18,17.8,17.98,-0.16,-0.88,975096.0,17540111.5,622.0
8230,2021-10-07,18.18,18.34,18.1,18.14,-0.02,-0.11,1311696.0,23855962.0,922.0
8230,2021-10-06,18.26,18.34,18.14,18.16,-0.1,-0.55,1054446.0,19206972.6,936.0
8230,2021-10-05,18.3,18.7,18.18,18.26,0.1,0.55,1573260.0,28881368.8,1424.0
8230,2021-10-04,18.38,18.48,18.08,18.16,-0.24,-1.3,1195486.0,21812307.0,1520.0
8230,2021-10-03,18.8,18.86,18.36,18.4,-0.38,-2.02,1098560.0,20344061.3,1429.0
8230,2021-09-30,18.9,19.1,18.68,18.78,-0.1,-0.53,1400596.0,26445666.0,2113.0
8230,2021-09-29,19.44,19.44,18.88,18.88,-0.6,-3.08,1373260.0,26098755.6,1729.0
8230,2021-09-28,19.74,19.74,19.48,19.48,-0.26,-1.32,609230.0,11918374.0,626.0
8230,2021-09-27,20.0,20.32,19.7,19.74,-0.04,-0.2,628880.0,12534238.1,802.0
8230,2021-09-26,19.8,19.94,19.68,19.78,0.06,0.3,256340.0,5083316.2,262.0
8230,2021-09-22,19.9,19.9,19.68,19.72,-0.18,-0.9,191730.0,3795949.7,289.0
8230,2021-09-21,19.62,20.04,19.62,19.9,0.02,0.1,345480.0,6833385.8,340.0
8230,2021-09-20,20.08,20.08,19.74,19.88,-0.24,-1.19,446606.0,8872772.1,452.0
8230,2021-09-19,20.44,20.52,19.98,20.12,-0.28,-1.37,723276.0,14590607.2,641.0
8230,2021-09-16,20.08,20.52,20.04,20.4,0.32,1.59,1311876.0,26648496.2,1063.0
8230,2021-09-15,19.88,20.08,19.82,20.08,0.2,1.01,611470.0,12195088.3,414.0
8230,2021-09-14,20.0,20.12,19.86,19.88,-0.04,-0.2,575076.0,11496358.7,582.0
8230,2021-09-13,19.86,19.96,19.7,19.92,0.08,0.4,449506.0,8939590.5,328.0
8230,2021-09-12,19.8,19.84,19.68,19.84,0.0,0.0,344136.0,6809188.4,307.0
8230,2021-09-09,19.76,19.92,19.68,19.84,0.08,0.4,337386.0,6679077.3,357.0
8230,2021-09-08,19.92,19.92,19.72,19.76,-0.14,-0.7,344066.0,6820683.3,392.0
8230,2021-09-07,19.88,19.94,19.84,19.9,0.02,0.1,468400.0,9319512.1,435.0
8230,2021-09-06,19.78,20.04,19.6,19.88,0.1,0.51,931780.0,18509614.5,822.0
8230,2021-09-05,19.7,19.8,19.52,19.78,0.08,0.41,648176.0,12740582.9,591.0
8230,2021-09-02,19.8,19.8,19.6,19.7,-0.06,-0.3,822820.0,16187035.8,796.0
8230,2021-09-01,19.92,19.92,19.74,19.76,-0.14,-0.7,711176.0,14096334.2,616.0
8230,2021-08-31,19.82,19.9,19.76,19.9,0.08,0.4,790366.0,15679650.6,679.0
8230,2021-08-30,19.94,19.94,19.7,19.82,-0.16,-0.8,1487686.0,29421952.5,1696.0
8230,2021-08-29,20.08,20.2,19.88,19.98,-0.1,-0.5,548946.0,10970522.6,644.0
8230,2021-08-26,20.0,20.2,19.9,20.08,0.08,0.4,402400.0,8062189.5,573.0
8230,2021-08-25,20.12,20.16,19.94,20.0,-0.08,-0.4,598400.0,12000089.1,708.0
8230,2021-08-24,20.12,20.28,20.04,20.08,-0.04,-0.2,352360.0,7107407.6,382.0
8230,2021-08-23,19.86,20.52,19.86,20.12,0.28,1.41,880490.0,17790343.0,977.0
8230,2021-08-22,20.36,20.52,19.8,19.84,-0.52,-2.55,746330.0,14947948.5,725.0
8230,2021-08-19,20.36,20.48,20.2,20.36,0.0,0.0,752780.0,15290096.8,705.0
8230,2021-08-18,20.44,20.96,20.36,20.36,-0.08,-0.39,1357800.0,27973694.6,1225.0
8230,2021-08-17,20.08,20.72,20.08,20.44,0.24,1.19,1318836.0,26925142.0,1227.0
8230,2021-08-16,20.8,20.8,20.0,20.2,-0.6,-2.88,3080910.0,62967050.2,2164.0
8230,2021-08-15,19.72,21.44,19.64,20.8,1.1,5.58,3893046.0,79472701.3,3044.0
8230,2021-08-12,20.4,20.72,19.7,19.7,-0.82,-4.0,2736336.0,55024229.9,2281.0
8230,2021-08-11,20.44,20.8,20.04,20.52,-0.92,-4.29,5047006.0,103022023.8,3597.0
8230,2021-08-10,21.48,22.2,21.0,21.44,0.12,0.56,1996766.0,42944987.8,1902.0
8230,2021-08-09,21.24,22.84,21.0,21.32,0.08,0.38,5789996.0,127364182.0,4596.0
8230,2021-08-08,20.04,21.76,19.9,21.24,1.2,5.99,4510890.0,95241814.0,3802.0
8230,2021-08-05,19.24,20.2,19.1,20.04,0.8,4.16,2214570.0,43886136.7,1832.0
8230,2021-08-04,19.74,19.9,19.24,19.24,-0.48,-2.43,1482900.0,29007201.6,1167.0
8230,2021-08-03,18.76,19.82,18.62,19.72,1.02,5.45,4136370.0,80280035.5,2707.0
8230,2021-08-02,18.54,18.88,18.54,18.7,0.2,1.08,1439590.0,26926400.7,850.0
8230,2021-08-01,18.48,18.52,18.38,18.5,0.18,0.98,525480.0,9718009.1,436.0
8230,2021-07-29,18.44,18.5,18.3,18.32,-0.14,-0.76,692116.0,12731439.0,514.0
8230,2021-07-28,18.34,18.46,18.0,18.46,0.12,0.65,543066.0,9951484.6,555.0
8230,2021-07-27,18.0,18.38,17.96,18.34,0.34,1.89,620030.0,11277626.2,426.0
8230,2021-07-26,18.02,18.1,17.8,18.0,-0.04,-0.22,715820.0,12833921.8,481.0
8230,2021-07-25,18.04,18.14,18.0,18.04,0.04,0.22,463580.0,8365880.5,252.0
8230,2021-07-15,17.88,18.06,17.8,18.0,0.12,0.67,619066.0,11106361.3,375.0
8230,2021-07-14,17.88,17.94,17.6,17.88,0.0,0.0,596456.0,10619423.3,480.0
8230,2021-07-13,18.0,18.0,17.88,17.88,-0.12,-0.67,251776.0,4518262.2,257.0
8230,2021-07-12,17.9,18.12,17.9,18.0,0.1,0.56,774410.0,13943018.5,531.0
8230,2021-07-11,18.16,18.18,17.82,17.9,-0.24,-1.32,863940.0,15490952.4,537.0
8230,2021-07-08,18.2,18.32,18.0,18.14,-0.1,-0.55,1062336.0,19256625.1,730.0
8230,2021-07-07,18.38,18.46,18.24,18.24,-0.16,-0.87,784436.0,14385807.6,497.0
8230,2021-07-06,18.5,18.5,18.28,18.4,-0.1,-0.54,802180.0,14752923.3,468.0
8230,2021-07-05,18.6,18.6,18.4,18.5,-0.1,-0.54,519956.0,9628581.1,357.0
8230,2021-07-04,18.6,18.74,18.44,18.6,-0.04,-0.21,973906.0,17430726.1,449.0
8230,2021-07-01,18.42,18.66,18.38,18.64,0.18,0.98,548026.0,10135770.9,408.0
8230,2021-06-30,18.66,18.66,18.42,18.46,-0.2,-1.07,501400.0,9293962.3,306.0
8230,2021-06-29,18.66,18.8,18.66,18.66,-0.06,-0.32,486786.0,9107641.6,380.0
8230,2021-06-28,18.64,18.84,18.48,18.72,0.14,0.75,1229426.0,22999977.8,600.0
8230,2021-06-27,18.66,18.66,18.52,18.58,-0.02,-0.11,672730.0,12517445.1,376.0
8230,2021-06-24,18.46,18.68,18.4,18.6,0.14,0.76,662786.0,12311945.9,496.0
8230,2021-06-23,18.54,18.56,18.42,18.46,-0.1,-0.54,640736.0,11854600.2,436.0
8230,2021-06-22,18.7,18.72,18.46,18.56,-0.04,-0.22,561306.0,10421494.3,444.0
8230,2021-06-21,18.2,18.72,18.1,18.6,0.38,2.09,873746.0,16177794.2,626.0
8230,2021-06-20,18.44,18.44,18.16,18.22,-0.28,-1.51,984510.0,17959769.1,708.0
8230,2021-06-17,18.48,18.78,18.4,18.5,0.0,0.0,543840.0,10074904.9,648.0
8230,2021-06-16,18.64,18.74,18.48,18.5,-0.1,-0.54,505480.0,9376204.1,282.0
8230,2021-06-15,18.6,18.64,18.42,18.6,0.0,0.0,1023320.0,18925789.8,500.0
8230,2021-06-14,18.78,18.8,18.4,18.6,-0.24,-1.27,682210.0,12723549.0,587.0
8230,2021-06-13,19.0,19.1,18.84,18.84,-0.18,-0.95,741870.0,14076530.4,556.0
8230,2021-06-10,18.8,19.08,18.64,19.02,0.28,1.49,1602870.0,30156143.3,873.0
8230,2021-06-09,18.5,19.0,18.5,18.74,0.34,1.85,3205900.0,60074492.1,1688.0
8230,2021-06-08,17.92,18.46,17.84,18.4,0.48,2.68,3367200.0,61464277.8,1763.0
8230,2021-06-07,18.0,18.04,17.86,17.92,-0.08,-0.44,1361200.0,24418376.5,716.0
8230,2021-06-06,18.02,18.32,17.98,18.0,0.04,0.22,2658440.0,48235035.5,1609.0
8230,2021-06-03,17.6,18.06,17.6,17.96,0.36,2.05,2283306.0,40726193.5,1254.0
8230,2021-06-02,17.54,17.66,17.5,17.6,0.06,0.34,564706.0,9929052.4,406.0
8230,2021-06-01,17.72,17.72,17.52,17.54,-0.06,-0.34,708960.0,12460006.0,877.0
8230,2021-05-31,17.76,17.76,17.58,17.6,-0.16,-0.9,616506.0,10898549.2,561.0
8230,2021-05-30,17.76,17.8,17.72,17.76,-0.04,-0.22,832720.0,14777330.5,453.0
8230,2021-05-27,17.82,17.82,17.68,17.8,-0.04,-0.22,712766.0,12655140.7,733.0
8230,2021-05-26,18.14,18.14,17.82,17.84,-0.16,-0.89,1365380.0,24601514.0,897.0
8230,2021-05-25,17.7,18.16,17.64,18.0,0.34,1.93,3029710.0,54450945.9,1805.0
8230,2021-05-24,17.44,17.72,17.44,17.66,0.24,1.38,2369520.0,41725314.7,1080.0
8230,2021-05-23,17.26,17.42,17.24,17.42,0.18,1.04,827076.0,14346729.4,519.0
8230,2021-05-20,17.12,17.24,17.08,17.24,0.12,0.7,634126.0,10869792.5,417.0
8230,2021-05-19,17.14,17.2,17.04,17.12,-0.02,-0.12,557936.0,9558030.1,524.0
8230,2021-05-18,17.22,17.28,17.08,17.14,-0.08,-0.46,1132026.0,19422978.9,841.0
8230,2021-05-17,17.26,17.3,17.2,17.22,-0.02,-0.12,474390.0,8186971.3,401.0
8230,2021-05-10,17.4,17.4,17.18,17.24,-0.16,-0.92,830390.0,14338850.3,674.0
8230,2021-05-09,17.44,17.6,17.34,17.4,-0.06,-0.34,547020.0,9538745.0,424.0
8230,2021-05-06,17.78,17.98,17.4,17.46,0.08,0.46,1921260.0,33839110.9,1209.0
8230,2021-05-05,17.58,17.58,17.36,17.38,-0.12,-0.69,589396.0,10282837.7,432.0
8230,2021-05-04,17.9,18.0,17.44,17.5,-0.4,-2.23,982560.0,17260875.1,768.0
8230,2021-05-03,18.16,18.16,17.76,17.9,-0.26,-1.43,712890.0,12790234.5,586.0
8230,2021-05-02,17.76,18.2,17.6,18.16,0.4,2.25,1459066.0,26314420.4,1360.0
8230,2021-04-29,17.54,17.84,17.5,17.76,0.06,0.34,959030.0,16989985.8,602.0
8230,2021-04-28,17.64,17.76,17.56,17.7,0.1,0.57,1065006.0,18836811.9,944.0
8230,2021-04-27,17.52,17.6,17.32,17.6,0.1,0.57,1479216.0,25893587.7,767.0
8230,2021-04-26,17.02,17.5,16.98,17.5,0.5,2.94,2033616.0,35106111.5,867.0
8230,2021-04-25,17.08,17.08,16.9,17.0,-0.04,-0.23,1517910.0,25773545.7,521.0
8230,2021-04-22,17.08,17.12,17.0,17.04,-0.04,-0.23,911266.0,15565674.6,456.0
8230,2021-04-21,16.92,17.1,16.88,17.08,0.16,0.95,787510.0,13389595.9,485.0
8230,2021-04-20,16.88,16.98,16.8,16.92,0.04,0.24,680890.0,11521470.4,539.0
8230,2021-04-19,17.04,17.04,16.8,16.88,-0.18,-1.06,812080.0,13738830.2,719.0
8230,2021-04-18,17.1,17.2,17.0,17.06,-0.1,-0.58,952486.0,16265091.9,582.0
8230,2021-04-15,17.0,17.18,17.0,17.16,0.1,0.59,720576.0,12322345.0,352.0
8230,2021-04-14,17.2,17.2,16.96,17.06,-0.06,-0.35,783230.0,13346417.6,550.0
8230,2021-04-13,17.6,17.6,17.06,17.12,-0.42,-2.39,1164266.0,20174933.5,768.0
8230,2021-04-12,17.4,17.68,17.34,17.54,0.16,0.92,2441386.0,42772240.4,1171.0
8230,2021-04-11,17.38,17.4,17.34,17.38,0.02,0.12,559420.0,9717640.3,309.0
8230,2021-04-08,17.42,17.46,17.34,17.36,0.0,0.0,725086.0,12608546.1,485.0
8230,2021-04-07,17.38,17.44,17.36,17.36,-0.08,-0.46,756556.0,13156613.7,487.0
8230,2021-04-06,17.5,17.56,17.34,17.44,-0.02,-0.11,1010000.0,17620735.3,643.0
8230,2021-04-05,17.46,17.48,17.38,17.46,0.04,0.23,599260.0,10436200.0,487.0
8230,2021-04-04,17.48,17.54,17.38,17.42,-0.12,-0.68,1349856.0,23542975.0,762.0
8230,2021-04-01,17.6,17.62,17.42,17.54,-0.1,-0.57,1115540.0,19530370.0,891.0
8230,2021-03-31,17.7,17.9,17.64,17.64,-0.12,-0.68,2622916.0,46519621.5,1368.0
8230,2021-03-30,17.7,17.8,17.56,17.76,0.08,0.45,868836.0,15373418.2,514.0
8230,2021-03-29,17.6,17.72,17.56,17.68,0.08,0.45,804146.0,14183942.1,503.0
8230,2021-03-28,17.66,17.66,17.52,17.6,-0.04,-0.23,742870.0,13070434.7,540.0
8230,2021-03-25,17.42,17.66,17.4,17.64,0.26,1.5,863200.0,15117445.2,468.0
8230,2021-03-24,17.36,17.56,17.3,17.38,-0.02,-0.11,652780.0,11383377.2,509.0
8230,2021-03-23,17.52,17.52,17.38,17.4,-0.1,-0.57,426270.0,7437368.8,284.0
8230,2021-03-22,17.54,17.54,17.36,17.5,0.0,0.0,747996.0,13052345.4,361.0
8230,2021-03-21,17.62,17.62,17.36,17.5,0.14,0.81,767660.0,13434954.4,288.0
8230,2021-03-18,17.6,17.6,17.36,17.36,-0.2,-1.14,708106.0,12344552.6,385.0
8230,2021-03-17,17.7,17.7,17.46,17.56,-0.2,-1.13,482050.0,8474320.7,319.0
8230,2021-03-16,17.8,17.82,17.4,17.76,-0.06,-0.34,719600.0,12707885.3,404.0
8230,2021-03-15,17.8,17.96,17.78,17.82,-0.08,-0.45,416056.0,7425746.8,278.0
8230,2021-03-14,17.68,17.9,17.6,17.9,0.24,1.36,667850.0,11849051.5,413.0
8230,2021-03-11,17.76,17.88,17.54,17.66,-0.16,-0.9,1029870.0,18166382.6,601.0
8230,2021-03-10,17.8,17.94,17.68,17.82,0.0,0.0,753390.0,13427887.6,456.0
8230,2021-03-09,18.34,18.38,17.78,17.82,-0.52,-2.84,1045590.0,18841597.4,772.0
8230,2021-03-08,18.74,18.74,18.2,18.34,-0.26,-1.4,672720.0,12359863.0,546.0
8230,2021-03-07,18.38,19.0,18.14,18.6,0.2,1.09,11449800.0,210582590.8,1114.0
8230,2021-03-04,18.48,18.6,18.2,18.4,-0.1,-0.54,1280740.0,23569992.4,1000.0
8230,2021-03-03,17.84,19.14,17.6,18.5,1.0,5.71,6703226.0,123130626.5,3424.0
8230,2021-03-02,17.26,17.52,17.24,17.5,0.14,0.81,972856.0,16920871.1,610.0
8230,2021-03-01,17.38,17.46,17.1,17.36,0.02,0.12,1292620.0,22378218.1,780.0
8230,2021-02-28,16.8,17.36,16.8,17.34,0.4,2.36,1595286.0,27408243.4,777.0
8230,2021-02-25,17.08,17.08,16.94,16.94,-0.06,-0.35,1083460.0,18416472.2,561.0
8230,2021-02-24,17.3,17.3,16.82,17.0,-0.3,-1.73,1830390.0,31201714.5,757.0
8230,2021-02-23,17.26,17.38,17.24,17.3,0.06,0.35,870260.0,15064670.6,397.0
8230,2021-02-22,17.28,17.34,17.22,17.24,-0.08,-0.46,407800.0,7042932.8,375.0
8230,2021-02-21,17.36,17.4,17.22,17.32,0.04,0.23,1859290.0,32134764.5,494.0
8230,2021-02-18,17.34,17.48,17.26,17.28,-0.06,-0.35,791190.0,13712815.9,556.0
8230,2021-02-17,17.14,17.48,17.0,17.34,0.18,1.05,1596696.0,27537413.2,994.0
8230,2021-02-16,17.26,17.26,17.08,17.16,-0.16,-0.92,1216510.0,20855214.1,645.0
8230,2021-02-15,17.38,17.42,17.22,17.32,-0.06,-0.35,967726.0,16774564.6,595.0
8230,2021-02-14,17.38,17.5,17.3,17.38,0.08,0.46,1073296.0,18683736.5,634.0
8230,2021-02-11,17.1,17.3,17.0,17.3,0.22,1.29,590420.0,10131454.8,417.0
8230,2021-02-10,17.2,17.24,16.98,17.08,-0.12,-0.7,848456.0,14477431.6,594.0
8230,2021-02-09,17.3,17.36,17.16,17.2,-0.1,-0.58,1328820.0,22919651.0,678.0
8230,2021-02-08,17.38,17.46,17.16,17.3,0.12,0.7,1461710.0,25260263.0,640.0
8230,2021-02-07,17.0,17.38,16.88,17.18,0.2,1.18,1238620.0,21224342.3,648.0
8230,2021-02-04,16.8,17.06,16.64,16.98,0.0,0.0,825796.0,13951378.9,620.0
8230,2021-02-03,17.42,17.42,16.94,16.98,-0.42,-2.41,1248416.0,21447333.8,858.0
8230,2021-02-02,16.96,17.84,16.9,17.4,0.38,2.23,3052610.0,53152192.4,1755.0
8230,2021-02-01,17.08,17.22,16.9,17.02,-0.04,-0.23,721546.0,12305705.6,518.0
8230,2021-01-31,17.24,17.4,16.8,17.06,-0.34,-1.95,1358540.0,23196459.2,1077.0
8230,2021-01-28,17.3,17.44,17.24,17.4,0.0,0.0,1127536.0,19600246.9,566.0
8230,2021-01-27,17.6,17.7,17.32,17.4,-0.12,-0.68,1432196.0,24916862.4,622.0
8230,2021-01-26,17.34,17.7,17.26,17.52,0.12,0.69,1095376.0,19157842.0,916.0
8230,2021-01-25,17.82,17.94,17.34,17.4,-0.4,-2.25,1372476.0,24143653.3,1106.0
8230,2021-01-24,17.6,18.3,17.44,17.8,0.1,0.56,3215436.0,57615263.6,2415.0
8230,2021-01-21,17.0,18.16,17.0,17.7,0.68,4.0,7992946.0,140911741.3,3728.0
8230,2021-01-20,16.76,17.18,16.72,17.02,0.3,1.79,2477840.0,41956641.9,1541.0
8230,2021-01-19,16.5,16.72,16.44,16.72,0.22,1.33,1103350.0,18262106.8,488.0
8230,2021-01-18,16.56,16.58,16.2,16.5,0.02,0.12,872126.0,14393105.3,454.0
8230,2021-01-17,16.42,16.6,16.2,16.48,-0.08,-0.48,1251880.0,20599941.1,558.0
8230,2021-01-14,16.6,16.6,16.34,16.56,-0.02,-0.12,1137486.0,18723373.7,775.0
8230,2021-01-13,16.04,16.68,16.04,16.58,0.58,3.63,3419400.0,56182200.4,1680.0
8230,2021-01-12,16.08,16.12,15.98,16.0,-0.08,-0.5,381870.0,6126070.0,270.0
8230,2021-01-11,16.04,16.08,16.0,16.08,0.04,0.25,787776.0,12614826.8,391.0
8230,2021-01-10,16.0,16.06,15.98,16.04,0.08,0.5,581386.0,9306988.6,396.0
8230,2021-01-07,16.0,16.04,15.96,15.96,-0.02,-0.13,456290.0,7291571.9,421.0
8230,2021-01-06,16.0,16.02,15.94,15.98,-0.02,-0.13,599696.0,9584302.7,361.0
8230,2021-01-05,16.18,16.2,15.94,16.0,-0.18,-1.11,553220.0,8868725.5,341.0
8230,2021-01-04,16.06,16.2,16.02,16.18,0.12,0.75,306750.0,4947810.4,207.0
8230,2021-01-03,16.24,16.24,15.96,16.06,-0.12,-0.74,1128630.0,18148548.6,499.0
8230,2020-12-31,16.4,16.4,16.16,16.18,-0.16,-0.98,1763606.0,28611646.5,631.0
8230,2020-12-30,15.92,16.64,15.88,16.34,0.4,2.51,3833106.0,62650302.8,1665.0
8230,2020-12-29,15.96,15.96,15.68,15.94,0.04,0.25,698666.0,11034060.7,957.0
8230,2020-12-28,15.98,16.0,15.86,15.9,-0.08,-0.5,367350.0,5857069.8,354.0
8230,2020-12-27,16.0,16.14,15.94,15.98,0.04,0.25,667940.0,10688301.9,553.0
8230,2020-12-24,16.22,16.26,15.94,15.94,-0.26,-1.6,1025916.0,16472470.1,787.0
8230,2020-12-23,16.04,16.36,15.96,16.2,0.14,0.87,1533386.0,24762440.3,748.0
8230,2020-12-22,15.82,16.06,15.78,16.06,0.26,1.65,866840.0,13851039.0,461.0
8230,2020-12-21,15.82,16.0,15.62,15.8,-0.4,-2.47,938846.0,14892082.8,627.0
8230,2020-12-20,16.36,16.46,16.2,16.2,-0.12,-0.74,1133880.0,18540344.6,562.0
8230,2020-12-17,16.28,16.4,16.2,16.32,0.04,0.25,1406436.0,22936865.5,507.0
8230,2020-12-16,16.2,16.32,16.2,16.28,0.08,0.49,568410.0,9236703.4,232.0
8230,2020-12-15,16.22,16.32,16.2,16.2,-0.1,-0.61,297150.0,4824348.5,250.0
8230,2020-12-14,16.36,16.4,16.06,16.3,0.0,0.0,1430970.0,23300532.2,1383.0
8230,2020-12-13,16.1,16.34,16.08,16.3,0.22,1.37,930330.0,15065873.1,1039.0
8230,2020-12-10,16.1,16.18,16.06,16.08,-0.08,-0.5,465756.0,7501201.5,281.0
8230,2020-12-09,16.1,16.18,16.08,16.16,0.02,0.12,362040.0,5835374.3,249.0
8230,2020-12-08,16.18,16.28,16.08,16.14,-0.04,-0.25,412126.0,6665413.5,346.0
8230,2020-12-07,16.02,16.3,16.0,16.18,0.12,0.75,483020.0,7781620.0,462.0
8230,2020-12-06,16.42,16.48,16.02,16.06,-0.4,-2.43,585230.0,9549066.6,806.0
8230,2020-12-03,16.48,16.56,16.42,16.46,-0.12,-0.72,541356.0,8927024.0,430.0
8230,2020-12-02,16.58,16.58,16.4,16.58,0.0,0.0,763030.0,12579912.3,454.0
8230,2020-12-01,16.56,16.64,16.4,16.58,0.04,0.24,911640.0,15073404.0,539.0
8230,2020-11-30,16.78,16.84,16.54,16.54,-0.16,-0.96,1574156.0,26245368.7,893.0
8230,2020-11-29,16.3,16.94,16.3,16.7,0.36,2.2,3766726.0,62669820.5,1716.0
8230,2020-11-26,16.16,16.46,16.16,16.34,-0.02,-0.12,778480.0,12695062.0,440.0
8230,2020-11-25,16.4,16.5,16.28,16.36,0.06,0.37,1253566.0,20489669.7,514.0
8230,2020-11-24,16.28,16.44,16.18,16.3,0.12,0.74,1080886.0,17672657.9,593.0
8230,2020-11-23,16.2,16.26,16.1,16.18,0.0,0.0,374346.0,6059476.8,299.0
8230,2020-11-22,16.32,16.32,16.1,16.18,-0.02,-0.12,596836.0,9681695.8,346.0
8230,2020-11-19,16.3,16.36,16.2,16.2,-0.16,-0.98,1239760.0,20156215.0,488.0
8230,2020-11-18,16.54,16.54,16.3,16.36,-0.14,-0.85,994970.0,16328583.3,487.0
8230,2020-11-17,16.3,16.58,16.3,16.5,0.2,1.23,2517536.0,41451463.1,1308.0
8230,2020-11-16,16.34,16.38,16.2,16.3,-0.04,-0.24,1639010.0,26703461.2,801.0
8230,2020-11-15,16.36,16.36,16.2,16.34,-0.02,-0.12,1670076.0,27179179.4,872.0
8230,2020-11-12,16.36,16.38,16.2,16.36,-0.02,-0.12,1411470.0,23018617.7,717.0
8230,2020-11-11,16.34,16.38,16.1,16.38,0.16,0.99,1890266.0,30664766.8,926.0
8230,2020-11-10,16.24,16.68,15.96,16.22,0.02,0.12,4628260.0,75645850.6,1967.0
8230,2020-11-09,15.82,16.32,15.82,16.2,0.14,0.87,2296086.0,37093133.3,1113.0
8230,2020-11-08,15.82,16.1,15.82,16.06,0.24,1.52,955180.0,15295104.9,555.0
8230,2020-11-05,16.22,16.28,15.78,15.82,-0.4,-2.47,865700.0,13893237.9,850.0
8230,2020-11-04,16.38,16.52,16.2,16.22,-0.12,-0.73,2108080.0,34377375.2,1466.0
8230,2020-11-03,17.16,17.16,16.0,16.34,-0.96,-5.55,8520336.0,139778370.9,3609.0
8230,2020-11-02,16.78,17.38,16.6,17.3,0.54,3.22,1572900.0,26955197.3,784.0
8230,2020-11-01,16.22,16.76,16.18,16.76,0.5,3.08,780146.0,12861578.2,477.0
8230,2020-10-29,16.32,16.54,16.04,16.26,-0.52,-3.1,1020986.0,16653148.2,557.0
8230,2020-10-28,17.12,17.14,16.56,16.78,-0.32,-1.87,960220.0,16252883.8,547.0
8230,2020-10-27,16.98,17.12,16.5,17.1,0.22,1.3,1419740.0,23980414.4,857.0
8230,2020-10-26,15.98,16.92,15.72,16.88,1.18,7.52,3407800.0,55390268.7,1420.0
8230,2020-10-25,17.34,17.6,15.62,15.7,-1.6,-9.25,2243656.0,37968555.9,1335.0
8230,2020-10-22,16.96,17.3,16.86,17.3,0.4,2.37,2792150.0,47685396.9,1274.0
8230,2020-10-21,16.58,17.06,16.58,16.9,0.34,2.05,1625476.0,27422602.6,888.0
8230,2020-10-20,16.7,16.78,16.46,16.56,-0.26,-1.55,1505290.0,24962407.2,699.0
8230,2020-10-19,16.9,17.24,16.78,16.82,-0.08,-0.47,2251050.0,38308154.6,1097.0
8230,2020-10-18,16.42,17.26,16.4,16.9,0.5,3.05,4912846.0,83116657.7,1993.0
8230,2020-10-15,16.24,16.46,16.16,16.4,0.2,1.23,2430206.0,39687246.8,1094.0
8230,2020-10-14,16.44,16.56,16.2,16.2,-0.2,-1.22,2326186.0,38238527.7,1414.0
8230,2020-10-13,16.32,16.42,16.1,16.4,0.24,1.49,4042396.0,65744491.4,1806.0
8230,2020-10-12,15.64,16.24,15.6,16.16,0.48,3.06,4881726.0,78044781.5,2109.0
8230,2020-10-11,15.86,15.86,15.6,15.68,-0.08,-0.51,822936.0,12935392.2,527.0
8230,2020-10-08,15.88,15.9,15.74,15.76,0.1,0.64,1147416.0,18143209.4,550.0
8230,2020-10-07,15.96,15.96,15.66,15.66,-0.18,-1.14,1352616.0,21402625.1,679.0
8230,2020-10-06,15.76,15.84,15.54,15.84,0.26,1.67,1427720.0,22401467.4,715.0
8230,2020-10-05,15.5,15.74,15.32,15.58,0.16,1.04,1173120.0,18176163.3,463.0
8230,2020-10-04,15.76,15.76,15.42,15.42,-0.36,-2.28,895030.0,13966743.4,661.0
8230,2020-10-01,16.1,16.24,15.44,15.78,-0.32,-1.99,2112010.0,33469353.0,1613.0
8230,2020-09-30,15.74,16.14,15.74,16.1,0.28,1.77,2394840.0,38363147.4,1194.0
8230,2020-09-29,15.98,16.26,15.72,15.82,0.0,0.0,3918710.0,62770277.7,1651.0
8230,2020-09-28,15.64,16.14,15.56,15.82,0.18,1.15,3615016.0,57503183.5,1785.0
8230,2020-09-27,15.2,15.68,15.18,15.64,0.44,2.89,1850586.0,28590684.1,1020.0
8230,2020-09-24,15.38,15.4,15.1,15.2,-0.14,-0.91,1548250.0,23605389.5,1225.0
8230,2020-09-22,15.22,15.52,15.22,15.34,-0.18,-1.16,1245076.0,19175920.6,894.0
8230,2020-09-21,15.86,16.0,15.5,15.52,-0.22,-1.4,2309610.0,36297457.0,1040.0
8230,2020-09-20,15.86,15.96,15.62,15.74,-0.08,-0.51,1754040.0,27609860.3,853.0
8230,2020-09-17,15.82,16.3,15.8,15.82,-0.1,-0.63,1334916.0,21268769.9,599.0
8230,2020-09-16,15.82,16.6,15.64,15.92,0.1,0.63,2913436.0,47097332.5,1265.0
8230,2020-09-15,15.7,15.9,15.5,15.82,0.02,0.13,1420980.0,22239712.5,683.0
8230,2020-09-14,16.04,16.04,15.22,15.8,-0.18,-1.13,966410.0,15282244.9,726.0
8230,2020-09-13,16.16,16.16,15.94,15.98,-0.04,-0.25,1367566.0,21915365.9,721.0
8230,2020-09-10,16.36,16.9,15.98,16.02,-0.16,-0.99,4010556.0,66013600.0,1589.0
8230,2020-09-09,15.56,16.3,15.4,16.18,0.5,3.19,2956326.0,47395004.5,1277.0
8230,2020-09-08,15.46,15.8,15.36,15.68,0.24,1.55,2493950.0,39010702.0,1393.0
8230,2020-09-07,15.06,15.48,15.0,15.44,0.44,2.93,4510570.0,69026954.8,1981.0
8230,2020-09-06,14.7,15.02,14.66,15.0,0.34,2.32,3296586.0,49109812.5,1730.0
8230,2020-09-03,14.82,14.82,14.66,14.66,-0.1,-0.68,495820.0,7304974.3,300.0
8230,2020-09-02,14.64,14.82,14.56,14.76,0.14,0.96,1146860.0,16847602.9,560.0
8230,2020-09-01,14.8,14.84,14.58,14.62,-0.14,-0.95,1118240.0,16462587.8,626.0
8230,2020-08-31,14.82,14.9,14.74,14.76,-0.04,-0.27,2152410.0,31947514.2,920.0
8230,2020-08-30,14.66,14.84,14.6,14.8,0.18,1.23,1721280.0,25398448.7,974.0
8230,2020-08-27,14.62,14.8,14.6,14.62,-0.02,-0.14,963436.0,14162961.3,650.0
8230,2020-08-26,14.64,14.68,14.52,14.64,0.02,0.14,1038820.0,15163701.8,487.0
8230,2020-08-25,14.76,14.86,14.6,14.62,-0.12,-0.81,1286796.0,18923565.9,824.0
8230,2020-08-24,14.62,14.88,14.46,14.74,0.06,0.41,3057536.0,44905536.6,1719.0
8230,2020-08-23,14.9,15.0,14.6,14.68,-0.22,-1.48,2070196.0,30585344.1,1014.0
8230,2020-08-20,15.12,15.22,14.9,14.9,-0.24,-1.59,1017086.0,15315527.0,527.0
8230,2020-08-19,15.32,15.34,15.12,15.14,-0.04,-0.26,1025656.0,15583023.6,524.0
8230,2020-08-18,15.24,15.32,15.1,15.18,-0.04,-0.26,985556.0,15020784.9,612.0
8230,2020-08-17,15.1,15.28,14.76,15.22,0.14,0.93,2803310.0,42094293.5,1068.0
8230,2020-08-16,14.82,15.1,14.78,15.08,0.28,1.89,2033370.0,30506160.3,792.0
8230,2020-08-13,14.88,14.92,14.74,14.8,-0.04,-0.27,837230.0,12392308.8,574.0
8230,2020-08-12,14.98,15.14,14.76,14.84,-0.1,-0.67,1331226.0,19825541.0,807.0
8230,2020-08-11,14.88,15.5,14.88,14.94,0.5,3.46,5660680.0,85835673.3,2701.0
8230,2020-08-10,14.44,14.5,14.36,14.44,0.0,0.0,1118600.0,16126521.8,568.0
8230,2020-08-09,14.66,14.68,14.44,14.44,-0.24,-1.63,1280390.0,18584484.1,745.0
8230,2020-08-06,14.68,14.7,14.54,14.68,-0.02,-0.14,872196.0,12741727.0,602.0
8230,2020-08-05,14.52,14.7,14.4,14.7,0.34,2.37,1200290.0,17482265.6,890.0
8230,2020-07-28,14.38,14.38,14.2,14.36,0.02,0.14,672870.0,9606194.4,521.0
8230,2020-07-27,14.32,14.46,14.28,14.34,0.06,0.42,590820.0,8475816.7,521.0
8230,2020-07-26,14.24,14.74,14.06,14.28,0.16,1.13,2418010.0,34998508.2,1591.0
8230,2020-07-23,14.26,14.32,14.12,14.12,-0.24,-1.67,961940.0,13649555.4,635.0
8230,2020-07-22,14.58,14.58,14.28,14.36,-0.12,-0.83,1109656.0,15990089.9,811.0
8230,2020-07-21,14.7,14.9,14.4,14.48,-0.24,-1.63,1538590.0,22341010.6,1102.0
8230,2020-07-20,14.84,14.94,13.92,14.72,-0.14,-0.94,2717486.0,39257440.7,2289.0
8230,2020-07-19,14.6,15.22,14.6,14.86,0.42,2.91,3750480.0,55998094.4,2507.0
8230,2020-07-16,13.86,14.78,13.76,14.44,0.62,4.49,4600610.0,66126245.8,3129.0
8230,2020-07-15,13.88,13.9,13.74,13.82,0.08,0.58,1061480.0,14679317.3,693.0
8230,2020-07-14,13.56,13.98,13.5,13.74,0.24,1.78,2912886.0,39889076.3,1693.0
8230,2020-07-13,13.7,13.72,13.48,13.5,-0.2,-1.46,1324140.0,18009866.2,1039.0
8230,2020-07-12,14.38,14.38,13.58,13.7,-0.16,-1.15,2664606.0,36724043.1,2309.0
8230,2020-07-09,14.18,14.9,13.78,13.86,-0.24,-1.7,4983636.0,70937018.8,3419.0
8230,2020-07-08,13.5,14.3,13.38,14.1,1.1,8.46,9372076.0,130431254.2,3816.0
8230,2020-07-07,12.56,13.0,12.5,13.0,0.5,4.0,3376440.0,43171875.6,1653.0
8230,2020-07-06,12.4,12.96,12.36,12.5,0.12,0.97,5949106.0,75293212.2,2103.0
8230,2020-07-05,12.38,12.5,12.34,12.38,0.14,1.14,1671290.0,20715389.5,856.0
8230,2020-07-02,12.0,12.38,11.94,12.24,0.3,2.51,2285986.0,27870489.8,1526.0
8230,2020-07-01,12.06,12.26,11.88,11.94,-0.1,-0.83,2724110.0,32851347.6,1455.0
8230,2020-06-30,12.3,12.48,12.0,12.04,-0.14,-1.15,4132706.0,50865692.7,1845.0
8230,2020-06-29,11.8,12.36,11.74,12.18,0.4,3.4,6565366.0,79614483.3,2731.0
8230,2020-06-28,11.62,11.94,11.56,11.78,0.22,1.9,2978706.0,35113185.7,1576.0
8230,2020-06-25,11.64,11.74,11.52,11.56,-0.04,-0.34,1545090.0,17951564.7,940.0
8230,2020-06-24,11.96,12.04,11.48,11.6,-0.28,-2.36,3555040.0,41882633.6,1911.0
8230,2020-06-23,11.56,11.94,11.5,11.88,0.38,3.3,5750240.0,67493048.4,2557.0
8230,2020-06-22,11.52,11.74,11.42,11.5,-0.02,-0.17,3580186.0,41563474.7,1501.0
8230,2020-06-21,11.5,11.66,11.44,11.52,0.06,0.52,2255496.0,26105709.8,942.0
8230,2020-06-18,11.48,11.56,11.46,11.46,-0.08,-0.69,1232390.0,14183812.4,568.0
8230,2020-06-17,11.6,11.62,11.5,11.54,-0.04,-0.35,1181576.0,13666371.0,651.0
8230,2020-06-16,11.62,11.66,11.54,11.58,-0.02,-0.17,1605656.0,18605476.4,895.0
8230,2020-06-15,11.54,11.6,11.46,11.6,0.0,0.0,1096440.0,12649139.5,1053.0
8230,2020-06-14,11.6,11.84,11.58,11.6,-0.06,-0.51,1486186.0,17395007.7,732.0
8230,2020-06-11,11.64,11.7,11.54,11.66,-0.04,-0.34,1426426.0,16574823.8,1056.0
8230,2020-06-10,11.66,11.76,11.58,11.7,0.08,0.69,1301546.0,15157398.0,1075.0
8230,2020-06-09,11.38,12.16,11.38,11.62,0.34,3.01,10178296.0,120186117.6,3764.0
8230,2020-06-08,11.12,11.4,11.12,11.28,0.2,1.81,4380916.0,49372136.8,1595.0
8230,2020-06-07,11.04,11.14,11.0,11.08,0.1,0.91,1554040.0,17183655.9,682.0
8230,2020-06-04,11.0,11.1,10.9,10.98,-0.04,-0.36,851220.0,9353477.2,378.0
8230,2020-06-03,11.16,11.26,11.0,11.02,-0.14,-1.25,1641366.0,18332296.1,615.0
8230,2020-06-02,11.26,11.34,11.1,11.16,0.0,0.0,2148050.0,24129603.6,903.0
8230,2020-06-01,11.04,11.38,11.0,11.16,0.16,1.45,3852320.0,43146436.9,1466.0
8230,2020-05-31,10.98,11.04,10.82,11.0,0.24,2.23,1113660.0,12194798.4,525.0
8230,2020-05-21,10.82,10.88,10.7,10.76,-0.06,-0.55,813206.0,8769011.2,426.0
8230,2020-05-20,10.92,10.94,10.78,10.82,-0.1,-0.92,629690.0,6838450.9,304.0
8230,2020-05-19,11.12,11.12,10.9,10.92,-0.1,-0.91,941716.0,10337361.0,462.0
8230,2020-05-18,11.1,11.38,11.0,11.02,0.34,3.18,3276296.0,36655024.3,1411.0
8230,2020-05-17,10.64,10.8,10.58,10.68,0.08,0.75,572926.0,6110626.1,300.0
8230,2020-05-14,10.68,10.72,10.5,10.6,-0.04,-0.38,904770.0,9620984.7,552.0
8230,2020-05-13,10.4,10.72,10.34,10.64,0.32,3.1,2075196.0,21983893.3,798.0
8230,2020-05-12,10.28,10.46,10.22,10.32,0.06,0.58,1161720.0,11988965.2,569.0
8230,2020-05-11,10.2,10.4,10.18,10.26,-0.32,-3.02,755866.0,7774137.8,282.0
8230,2020-05-10,10.54,10.66,10.52,10.58,0.0,0.0,528770.0,5605406.3,267.0
8230,2020-05-07,10.64,10.64,10.5,10.58,-0.08,-0.75,416150.0,4398543.8,312.0
8230,2020-05-06,11.0,11.0,10.6,10.66,-0.08,-0.74,799740.0,8622031.4,341.0
8230,2020-05-05,10.78,10.92,10.62,10.74,0.14,1.32,1415166.0,15294934.8,525.0
8230,2020-05-04,10.54,10.78,10.46,10.6,0.06,0.57,1027700.0,10897493.7,509.0
8230,2020-05-03,10.6,10.88,10.5,10.54,-0.68,-6.06,1211746.0,12884625.1,447.0
8230,2020-04-30,11.14,11.24,11.06,11.22,0.12,1.08,2316420.0,25893377.4,534.0
8230,2020-04-29,11.36,11.36,11.08,11.1,-0.08,-0.72,768036.0,8614800.5,426.0
8230,2020-04-28,11.08,11.34,11.08,11.18,0.02,0.18,671686.0,7540675.7,291.0
8230,2020-04-27,11.36,11.42,11.14,11.16,-0.04,-0.36,853480.0,9627897.4,430.0
8230,2020-04-26,11.06,11.2,11.02,11.2,0.22,2.0,716000.0,7984989.1,364.0
8230,2020-04-23,10.88,11.0,10.8,10.98,0.26,2.43,375470.0,4088930.6,249.0
8230,2020-04-22,10.56,10.8,10.56,10.72,0.1,0.94,321200.0,3436940.4,213.0
8230,2020-04-21,10.8,10.84,10.6,10.62,-0.34,-3.1,579830.0,6231385.4,296.0
8230,2020-04-20,10.9,11.0,10.84,10.96,-0.04,-0.36,455420.0,4965682.3,289.0
8230,2020-04-19,11.1,11.1,10.96,11.0,0.04,0.36,599416.0,6601594.4,235.0
8230,2020-04-16,11.02,11.26,10.84,10.96,0.0,0.0,1157526.0,12790528.9,639.0
8230,2020-04-15,10.9,11.3,10.68,10.96,0.1,0.92,1897190.0,21088724.3,1076.0
8230,2020-04-14,10.98,10.98,10.66,10.86,0.0,0.0,519490.0,5605657.9,364.0
8230,2020-04-13,11.06,11.12,10.84,10.86,-0.1,-0.91,696370.0,7635752.2,453.0
8230,2020-04-12,11.08,11.2,10.92,10.96,0.02,0.18,2178230.0,24010203.6,980.0
8230,2020-04-09,11.48,11.66,10.94,10.94,-0.52,-4.54,1632416.0,18147987.4,915.0
8230,2020-04-08,11.72,11.86,11.46,11.46,-0.4,-3.37,919500.0,10683529.2,653.0
8230,2020-04-07,11.4,12.06,11.34,11.86,0.6,5.33,2078836.0,24623864.0,1078.0
8230,2020-04-06,10.44,11.26,10.26,11.26,1.02,9.96,1225716.0,13236359.1,795.0
8230,2020-04-05,10.42,10.48,10.22,10.24,0.02,0.2,571120.0,5902106.8,334.0
8230,2020-04-02,9.7,10.34,9.7,10.22,0.54,5.58,1993386.0,20071885.7,686.0
8230,2020-04-01,9.68,9.82,9.62,9.68,0.03,0.31,587386.0,5712447.75,282.0
8230,2020-03-31,9.48,9.7,9.48,9.65,0.25,2.66,959446.0,9227263.4,430.0
8230,2020-03-30,9.4,9.48,9.28,9.4,0.08,0.86,640230.0,5994579.3,363.0
8230,2020-03-29,9.14,9.4,9.1,9.32,0.04,0.43,681880.0,6312417.7,431.0
8230,2020-03-26,9.56,9.56,9.2,9.28,0.08,0.87,1297116.0,12028211.9,436.0
8230,2020-03-25,9.54,9.8,9.2,9.2,-0.22,-2.34,979110.0,9363330.45,576.0
8230,2020-03-24,9.0,9.56,9.0,9.42,0.62,7.05,1442630.0,13292024.5,683.0
8230,2020-03-23,9.24,9.3,8.6,8.8,-0.56,-5.98,1242036.0,11016627.15,660.0
8230,2020-03-22,9.79,9.79,9.36,9.36,-0.36,-3.7,755986.0,7231296.35,359.0
8230,2020-03-19,9.6,10.0,9.5,9.72,0.02,0.21,999640.0,9843055.3,444.0
8230,2020-03-18,9.52,9.84,9.52,9.7,0.19,2.0,1124626.0,10914148.35,580.0
8230,2020-03-17,9.02,9.84,9.02,9.51,-0.51,-5.09,3013940.0,28743076.35,1639.0
8230,2020-03-16,10.84,11.1,10.02,10.02,-1.0,-9.07,324100.0,3463846.4,316.0
8230,2020-03-15,12.0,12.0,11.0,11.02,0.1,0.92,433470.0,4851944.6,286.0
8230,2020-03-12,10.54,11.5,10.54,10.92,-0.7,-6.02,361756.0,4002378.4,257.0
8230,2020-03-11,12.38,12.38,11.4,11.62,0.02,0.17,1183670.0,14199640.6,369.0
8230,2020-03-10,10.66,11.6,10.66,11.6,1.04,9.85,627456.0,6999914.3,601.0
8230,2020-03-09,10.14,10.58,10.14,10.56,-0.7,-6.22,823396.0,8447058.5,307.0
8230,2020-03-08,11.96,11.96,11.26,11.26,-1.24,-9.92,597426.0,6974641.5,263.0
8230,2020-03-05,12.42,12.72,12.36,12.5,0.1,0.81,412860.0,5177117.3,325.0
8230,2020-03-04,12.2,12.4,12.2,12.4,0.06,0.49,255990.0,3149395.2,180.0
8230,2020-03-03,12.1,12.48,12.1,12.34,0.32,2.66,434236.0,5324688.2,224.0
8230,2020-03-02,12.4,12.6,12.0,12.02,-0.08,-0.66,642146.0,7891335.0,210.0
8230,2020-03-01,12.1,12.16,11.98,12.1,-0.36,-2.89,282466.0,3412364.6,140.0
8230,2020-02-27,12.3,12.54,12.3,12.46,0.12,0.97,229216.0,2845881.0,145.0
8230,2020-02-26,12.62,12.62,12.2,12.34,-0.3,-2.37,369756.0,4543905.9,239.0
8230,2020-02-25,12.64,12.68,12.58,12.64,0.04,0.32,97090.0,1225555.3,86.0
8230,2020-02-24,13.1,13.1,12.56,12.6,-0.5,-3.82,368690.0,4702798.7,221.0
8230,2020-02-23,13.06,13.14,13.02,13.1,0.04,0.31,430660.0,5630416.6,151.0
8230,2020-02-20,13.04,13.16,13.04,13.06,0.0,0.0,678930.0,8876972.4,197.0
8230,2020-02-19,13.12,13.18,13.02,13.06,-0.14,-1.06,517370.0,6770641.2,275.0
8230,2020-02-18,13.22,13.22,13.0,13.2,-0.1,-0.75,533280.0,6989839.6,289.0
8230,2020-02-17,13.28,13.46,13.14,13.3,0.04,0.3,392866.0,5211502.5,276.0
8230,2020-02-16,13.1,13.5,12.98,13.26,0.1,0.76,1534670.0,20434530.6,702.0
8230,2020-02-13,12.84,13.4,12.84,13.16,0.34,2.65,1169300.0,15382627.8,610.0
8230,2020-02-12,12.78,12.92,12.76,12.82,0.06,0.47,127600.0,1634249.7,83.0
8230,2020-02-11,12.8,12.86,12.76,12.76,-0.14,-1.09,118180.0,1512297.8,98.0
8230,2020-02-10,12.82,12.92,12.76,12.9,0.1,0.78,159386.0,2051959.4,95.0
8230,2020-02-09,12.8,13.0,12.78,12.8,0.0,0.0,382506.0,4913537.7,177.0
8230,2020-02-06,13.0,13.0,12.8,12.8,-0.14,-1.08,118466.0,1523009.8,96.0
8230,2020-02-05,13.04,13.1,12.94,12.94,0.02,0.15,295610.0,3848213.3,156.0
8230,2020-02-04,12.9,13.02,12.9,12.92,0.0,0.0,139116.0,1804076.5,103.0
8230,2020-02-03,13.0,13.04,12.82,12.92,-0.06,-0.46,195516.0,2525104.7,169.0
8230,2020-02-02,12.88,13.14,12.88,12.98,-0.02,-0.15,351016.0,4575981.0,239.0
8230,2020-01-30,12.84,13.08,12.84,13.0,0.18,1.4,340240.0,4425714.1,268.0
8230,2020-01-29,12.84,12.94,12.82,12.82,0.02,0.16,224706.0,2893096.4,153.0
8230,2020-01-28,12.82,12.96,12.76,12.8,-0.04,-0.31,160350.0,2061146.4,188.0
8230,2020-01-27,12.9,13.06,12.8,12.84,-0.14,-1.08,389166.0,5009200.9,232.0
8230,2020-01-26,12.9,13.08,12.9,12.98,0.04,0.31,431256.0,5587626.7,205.0
8230,2020-01-23,13.06,13.18,12.9,12.94,-0.12,-0.92,710816.0,9265742.9,523.0
8230,2020-01-22,13.06,13.22,13.02,13.06,0.04,0.31,672290.0,8814280.0,368.0
8230,2020-01-21,13.2,13.36,13.0,13.02,-0.12,-0.91,1559220.0,20559991.4,762.0
8230,2020-01-20,12.84,13.24,12.78,13.14,0.38,2.98,1624586.0,21185803.7,852.0
8230,2020-01-19,12.76,12.94,12.66,12.76,0.04,0.31,622176.0,7945631.7,391.0
8230,2020-01-16,12.76,12.82,12.68,12.72,-0.04,-0.31,320500.0,4079445.0,245.0
8230,2020-01-15,12.9,12.92,12.72,12.76,-0.12,-0.93,681926.0,8746565.2,415.0
8230,2020-01-14,12.86,12.94,12.72,12.88,0.04,0.31,501706.0,6445082.7,316.0
8230,2020-01-13,12.76,12.96,12.64,12.84,0.06,0.47,569806.0,7321335.4,333.0
8230,2020-01-12,12.72,12.9,12.66,12.78,0.26,2.08,812350.0,10386747.0,568.0
8230,2020-01-09,12.28,12.6,12.28,12.52,0.32,2.62,207706.0,2604735.0,212.0
8230,2020-01-08,12.1,12.2,12.02,12.2,-0.06,-0.49,458900.0,5565548.1,266.0
8230,2020-01-07,12.58,12.58,12.24,12.26,-0.14,-1.13,389096.0,4848421.0,239.0
8230,2020-01-06,12.6,12.6,12.4,12.4,-0.12,-0.96,404660.0,5043039.5,258.0
8230,2020-01-05,12.54,12.72,12.5,12.52,-0.24,-1.88,464860.0,5857279.2,286.0
8230,2020-01-02,12.8,13.08,12.72,12.76,0.16,1.27,1618166.0,20867105.7,768.0
8230,2020-01-01,12.7,12.76,12.6,12.6,-0.1,-0.79,204400.0,2589753.2,168.0
8230,2019-12-31,12.72,12.76,12.66,12.7,-0.02,-0.16,204966.0,2606505.3,196.0
8230,2019-12-30,12.72,12.92,12.7,12.72,0.06,0.47,1306040.0,16767586.3,807.0
8230,2019-12-29,12.6,12.7,12.6,12.66,0.02,0.16,452596.0,5725664.6,241.0
8230,2019-12-26,12.62,12.82,12.6,12.64,-0.02,-0.16,648086.0,8220316.7,367.0
8230,2019-12-25,12.84,12.9,12.66,12.66,-0.18,-1.4,347256.0,4419628.4,272.0
8230,2019-12-24,12.8,13.1,12.72,12.84,0.06,0.47,1566026.0,20273425.8,744.0
8230,2019-12-23,12.8,13.0,12.7,12.78,0.0,0.0,599110.0,7702389.5,354.0
8230,2019-12-22,12.64,12.84,12.5,12.78,0.04,0.31,539146.0,6855886.8,370.0
8230,2019-12-19,12.9,12.9,12.6,12.74,-0.1,-0.78,343150.0,4365480.4,285.0
8230,2019-12-18,12.34,12.94,12.28,12.84,0.62,5.07,1393126.0,17568223.0,658.0
8230,2019-12-17,12.08,12.32,12.04,12.22,0.16,1.33,712110.0,8676702.0,419.0
8230,2019-12-16,12.0,12.06,12.0,12.06,0.06,0.5,157420.0,1890139.6,110.0
8230,2019-12-15,11.9,12.06,11.86,12.0,-0.1,-0.83,580960.0,6944698.5,275.0
8230,2019-12-12,12.0,12.12,11.86,12.1,0.18,1.51,408506.0,4917387.0,264.0
8230,2019-12-11,12.04,12.04,11.92,11.92,-0.08,-0.67,188276.0,2256717.7,119.0
8230,2019-12-10,12.0,12.06,11.86,12.0,0.0,0.0,315796.0,3783669.7,218.0
8230,2019-12-09,11.88,12.02,11.88,12.0,0.16,1.35,486436.0,5819629.7,401.0
8230,2019-12-08,11.6,11.88,11.6,11.84,0.28,2.42,840470.0,9939955.0,342.0
8230,2019-12-05,11.62,11.66,11.54,11.56,0.0,0.0,529430.0,6123240.4,245.0
8230,2019-12-04,11.6,11.66,11.5,11.56,-0.02,-0.17,568566.0,6565656.7,330.0
8230,2019-12-03,11.68,11.78,11.58,11.58,-0.14,-1.19,505700.0,5899801.4,322.0
8230,2019-12-02,11.94,11.94,11.66,11.72,-0.18,-1.51,539866.0,6338235.2,385.0
8230,2019-12-01,12.04,12.04,11.88,11.9,-0.1,-0.83,357406.0,4262996.6,248.0
8230,2019-11-28,12.0,12.08,11.8,12.0,0.0,0.0,245166.0,2927911.3,172.0
8230,2019-11-27,12.1,12.14,11.98,12.0,-0.24,-1.96,251460.0,3031694.4,198.0
8230,2019-11-26,12.2,12.24,12.08,12.24,-0.04,-0.33,291320.0,3545832.9,197.0
8230,2019-11-25,12.2,12.28,12.14,12.28,-0.04,-0.32,168990.0,2062105.9,161.0
8230,2019-11-24,12.44,12.48,12.3,12.32,-0.12,-0.96,183256.0,2267421.2,146.0
8230,2019-11-21,12.58,12.66,12.42,12.44,-0.14,-1.11,194536.0,2422463.1,177.0
8230,2019-11-20,12.48,12.7,12.42,12.58,0.16,1.29,888440.0,11195082.0,398.0
8230,2019-11-19,12.56,12.56,12.4,12.42,0.02,0.16,513366.0,6401659.2,265.0
8230,2019-11-18,12.02,12.56,12.02,12.4,0.4,3.33,1359316.0,16778340.0,727.0
8230,2019-11-17,11.78,12.1,11.76,12.0,0.3,2.56,1011130.0,12106729.2,583.0
8230,2019-11-14,11.82,11.82,11.68,11.7,-0.14,-1.18,496706.0,5829372.2,320.0
8230,2019-11-13,12.2,12.2,11.76,11.84,-0.28,-2.31,866330.0,10384342.8,598.0
8230,2019-11-12,12.1,12.24,12.02,12.12,0.02,0.17,1042346.0,12637487.1,471.0
8230,2019-11-11,12.34,12.34,12.08,12.1,0.0,0.0,1213100.0,14747426.4,345.0
8230,2019-11-10,12.26,12.36,12.1,12.1,-0.1,-0.82,814936.0,9907141.2,234.0
8230,2019-11-07,12.36,12.36,12.2,12.2,-0.16,-1.29,226540.0,2777788.7,138.0
8230,2019-11-06,12.34,12.42,12.1,12.36,0.08,0.65,667846.0,8190673.4,303.0
8230,2019-11-05,12.38,12.5,12.24,12.28,-0.02,-0.16,708080.0,8756913.8,323.0
8230,2019-11-04,11.74,12.6,11.64,12.3,0.7,6.03,1942330.0,23665619.1,795.0
8230,2019-11-03,11.62,12.1,11.6,11.6,-0.36,-3.01,300256.0,3543628.6,159.0
8230,2019-10-31,12.06,12.06,11.92,11.96,-0.1,-0.83,251380.0,3011206.9,146.0
8230,2019-10-30,12.02,12.16,11.98,12.06,-0.06,-0.5,340910.0,4099997.2,307.0
8230,2019-10-29,12.38,12.38,12.0,12.12,-0.14,-1.14,166476.0,2024833.3,190.0
8230,2019-10-28,12.4,12.4,12.26,12.26,-0.12,-0.97,381440.0,4692857.3,125.0
8230,2019-10-27,12.32,12.42,12.3,12.38,0.1,0.81,820530.0,10114846.2,119.0
8230,2019-10-24,12.3,12.32,12.24,12.28,0.04,0.33,134586.0,1651486.8,76.0
8230,2019-10-23,12.24,12.3,12.24,12.24,-0.06,-0.49,75096.0,921618.0,48.0
8230,2019-10-22,12.1,12.4,12.1,12.3,0.1,0.82,288270.0,3545758.2,191.0
8230,2019-10-21,12.24,12.24,12.04,12.2,-0.04,-0.33,110366.0,1341997.6,88.0
8230,2019-10-20,12.3,12.34,12.22,12.24,0.14,1.16,316720.0,3884621.8,137.0
8230,2019-10-17,11.9,12.2,11.9,12.1,0.2,1.68,595570.0,7180946.2,306.0
8230,2019-10-16,12.26,12.26,11.9,11.9,-0.34,-2.78,264860.0,3186757.0,161.0
8230,2019-10-15,12.4,12.4,12.24,12.24,-0.06,-0.49,83760.0,1032021.0,71.0
8230,2019-10-14,12.6,12.62,12.24,12.3,-0.32,-2.54,137770.0,1708659.0,153.0
8230,2019-10-13,12.74,12.98,12.62,12.62,-0.1,-0.79,177810.0,2269236.3,115.0
8230,2019-10-10,13.0,13.0,12.72,12.72,-0.28,-2.15,97676.0,1248139.2,104.0
8230,2019-10-09,13.26,13.28,13.0,13.0,-0.26,-1.96,109930.0,1437602.4,83.0
8230,2019-10-08,13.2,13.26,13.12,13.26,-0.1,-0.75,170600.0,2249837.5,152.0
8230,2019-10-07,13.3,13.48,13.3,13.36,0.18,1.37,553036.0,7409938.2,271.0
8230,2019-10-06,12.88,13.2,12.86,13.18,0.38,2.97,202596.0,2647332.2,2210.0
8230,2019-10-03,12.92,12.92,12.72,12.8,-0.12,-0.93,150166.0,1923188.3,136.0
8230,2019-10-02,13.2,13.22,12.92,12.92,-0.28,-2.12,346806.0,4517486.2,237.0
8230,2019-10-01,13.3,13.5,13.2,13.2,-0.28,-2.08,133026.0,1780900.4,154.0
8230,2019-09-30,13.4,13.5,13.36,13.48,0.18,1.35,855200.0,11460700.9,314.0
8230,2019-09-29,12.9,13.38,12.9,13.3,0.4,3.1,936240.0,12310379.9,366.0
8230,2019-09-26,12.74,12.96,12.74,12.9,0.06,0.47,364006.0,4696989.9,317.0
8230,2019-09-25,12.68,12.9,12.68,12.84,0.06,0.47,361150.0,4638392.6,192.0
8230,2019-09-24,12.76,12.8,12.72,12.78,0.02,0.16,280730.0,3584573.5,161.0
8230,2019-09-22,12.72,12.76,12.62,12.76,0.14,1.11,321690.0,4064556.6,82.0
8230,2019-09-19,12.68,12.7,12.38,12.62,-0.08,-0.63,211066.0,2652950.9,239.0
8230,2019-09-18,12.74,12.74,12.68,12.7,-0.02,-0.16,126026.0,1601283.4,124.0
8230,2019-09-17,12.8,12.82,12.72,12.72,-0.08,-0.62,242780.0,3106050.6,98.0
8230,2019-09-16,12.7,12.84,12.6,12.8,0.0,0.0,332940.0,4236624.0,197.0
8230,2019-09-15,12.6,12.86,12.5,12.8,0.18,1.43,240766.0,3066904.1,200.0
8230,2019-09-12,12.64,13.02,12.6,12.62,-0.1,-0.79,443936.0,5724068.2,374.0
8230,2019-09-11,12.8,12.8,12.34,12.72,-0.2,-1.55,417716.0,5216510.9,304.0
8230,2019-09-10,12.9,12.94,12.8,12.92,0.06,0.47,240966.0,3101005.5,147.0
8230,2019-09-09,13.08,13.1,12.8,12.86,-0.18,-1.38,480550.0,6240820.9,217.0
8230,2019-09-08,12.66,13.08,12.66,13.04,0.42,3.33,1418640.0,18324655.0,518.0
8230,2019-09-05,12.26,12.8,12.26,12.62,0.38,3.1,1360040.0,17031028.6,583.0
8230,2019-09-04,12.1,12.34,12.04,12.24,0.18,1.49,1435180.0,17527255.8,491.0
8230,2019-09-03,11.76,12.22,11.62,12.06,0.3,2.55,1135560.0,13631761.0,451.0
8230,2019-09-02,11.6,11.76,11.5,11.76,0.18,1.55,336046.0,3906234.9,136.0
8230,2019-09-01,11.58,11.64,11.5,11.58,0.02,0.17,277470.0,3207989.4,110.0
8230,2019-08-29,11.72,11.76,11.56,11.56,-0.16,-1.37,965816.0,11269763.7,350.0
8230,2019-08-28,11.54,11.98,11.48,11.72,0.12,1.03,1185730.0,13935571.6,507.0
8230,2019-08-27,11.92,11.92,11.5,11.6,-0.2,-1.69,1341566.0,15600477.8,695.0
8230,2019-08-26,11.6,11.88,11.6,11.8,0.2,1.72,574766.0,6776698.1,270.0
8230,2019-08-25,11.8,11.8,11.58,11.6,-0.4,-3.33,590436.0,6882935.9,259.0
8230,2019-08-22,12.04,12.04,11.9,12.0,-0.02,-0.17,654470.0,7847012.3,243.0
8230,2019-08-21,12.08,12.08,11.92,12.02,-0.06,-0.5,351946.0,4217933.5,148.0
8230,2019-08-20,12.02,12.1,12.0,12.08,0.08,0.67,858030.0,10325321.7,327.0
8230,2019-08-19,11.7,12.0,11.7,12.0,0.3,2.56,1215490.0,14449163.6,423.0
8230,2019-08-18,11.58,11.72,11.58,11.7,0.1,0.86,415896.0,4845390.0,214.0
8230,2019-08-08,11.3,11.68,11.26,11.6,0.28,2.47,2002206.0,23097303.7,803.0
8230,2019-08-07,11.4,11.4,11.3,11.32,0.02,0.18,238230.0,2701814.7,195.0
8230,2019-08-06,11.2,11.5,11.04,11.3,0.2,1.8,980150.0,11062540.4,654.0
8230,2019-08-05,11.34,11.34,11.06,11.1,-0.22,-1.94,636116.0,7076765.8,299.0
8230,2019-08-04,11.28,11.36,11.22,11.32,-0.06,-0.53,435590.0,4918077.4,215.0
8230,2019-08-01,11.42,11.48,11.28,11.38,-0.1,-0.87,1397300.0,15901732.1,580.0
8230,2019-07-31,11.08,11.5,11.08,11.48,0.38,3.42,2590240.0,29298323.6,1058.0
8230,2019-07-30,11.02,11.1,11.0,11.1,0.04,0.36,661656.0,7328344.0,288.0
8230,2019-07-29,11.2,11.26,11.02,11.06,-0.12,-1.07,1313916.0,14674716.8,597.0
8230,2019-07-28,11.12,11.2,11.08,11.18,0.04,0.36,830950.0,9276593.1,327.0
8230,2019-07-25,11.02,11.18,10.96,11.14,0.14,1.27,745230.0,8266205.2,841.0
8230,2019-07-24,11.18,11.2,10.98,11.0,-0.1,-0.9,1364700.0,15221543.4,1096.0
8230,2019-07-23,10.84,11.2,10.78,11.1,0.26,2.4,2429610.0,26940037.5,2200.0
8230,2019-07-22,10.94,11.0,10.82,10.84,-0.08,-0.73,759556.0,8273171.1,299.0
8230,2019-07-21,10.92,11.02,10.78,10.92,-0.14,-1.27,1628200.0,17766247.4,507.0
8230,2019-07-18,10.9,11.1,10.88,11.06,0.16,1.47,1613660.0,17818012.3,612.0
8230,2019-07-17,11.02,11.06,10.9,10.9,-0.1,-0.91,1044596.0,11477793.3,647.0
8230,2019-07-16,11.08,11.2,10.96,11.0,-0.08,-0.72,2684910.0,29819957.3,1213.0
8230,2019-07-15,10.8,11.18,10.64,11.08,0.28,2.59,5082056.0,55371554.6,1744.0
8230,2019-07-14,10.52,10.8,10.5,10.8,0.32,3.05,3683986.0,39277809.6,1269.0
8230,2019-07-11,10.42,10.56,10.28,10.48,0.08,0.77,2990316.0,31181060.9,1202.0
8230,2019-07-10,10.42,10.44,10.32,10.4,0.02,0.19,725916.0,7543464.1,353.0
8230,2019-07-09,10.24,10.42,10.24,10.38,0.12,1.17,646686.0,6701841.5,301.0
8230,2019-07-08,10.32,10.32,10.2,10.26,-0.06,-0.58,266490.0,2733089.1,212.0
8230,2019-07-07,10.4,10.46,10.32,10.32,-0.06,-0.58,346070.0,3592538.0,224.0
8230,2019-07-04,10.42,10.42,10.32,10.38,0.04,0.39,413016.0,4278980.1,300.0
8230,2019-07-03,10.42,10.5,10.32,10.34,-0.12,-1.15,651826.0,6772722.9,364.0
8230,2019-07-02,10.38,10.56,10.34,10.46,0.08,0.77,1510476.0,15799165.8,827.0
8230,2019-07-01,10.36,10.38,10.26,10.38,0.04,0.39,324336.0,3351183.5,249.0
8230,2019-06-30,10.26,10.4,10.26,10.34,0.1,0.98,807590.0,8343921.2,479.0
8230,2019-06-27,10.24,10.28,10.14,10.24,0.04,0.39,492586.0,5036087.4,402.0
8230,2019-06-26,10.06,10.26,10.06,10.2,0.12,1.19,738860.0,7510567.4,451.0
8230,2019-06-25,10.0,10.16,10.0,10.08,0.08,0.8,402696.0,4051744.5,332.0
8230,2019-06-24,10.2,10.24,10.0,10.0,-0.2,-1.96,659810.0,6644597.5,357.0
8230,2019-06-23,10.38,10.4,10.18,10.2,-0.1,-0.97,518346.0,5327286.7,340.0
8230,2019-06-20,10.5,10.56,10.3,10.3,-0.26,-2.46,1137730.0,11805333.6,558.0
8230,2019-06-19,10.66,10.72,10.52,10.56,-0.08,-0.75,546610.0,5802272.9,362.0
8230,2019-06-18,10.68,10.8,10.64,10.64,-0.02,-0.19,1083346.0,11611256.1,568.0
8230,2019-06-17,10.62,10.66,10.58,10.66,0.08,0.76,555456.0,5906004.5,331.0
8230,2019-06-16,10.62,10.7,10.5,10.58,0.18,1.73,530656.0,5611190.1,376.0
8230,2019-06-13,10.78,10.84,10.4,10.4,-0.4,-3.7,915896.0,9814443.5,426.0
8230,2019-06-12,10.78,10.88,10.7,10.8,0.02,0.19,1152700.0,12435507.9,625.0
8230,2019-06-11,10.8,10.98,10.72,10.78,0.02,0.19,2014136.0,21795375.6,871.0
8230,2019-06-10,10.8,10.8,10.72,10.76,-0.04,-0.37,1582126.0,17071024.3,655.0
8230,2019-06-09,10.42,10.86,10.4,10.8,0.38,3.65,1812706.0,19411596.1,717.0
8230,2019-05-30,10.54,10.54,10.4,10.42,-0.04,-0.38,722336.0,7532001.1,379.0
8230,2019-05-29,10.3,10.54,10.12,10.46,0.16,1.55,1605610.0,16617725.8,630.0
8230,2019-05-28,10.2,10.3,10.0,10.3,0.12,1.18,1192156.0,12111385.5,749.0
8230,2019-05-27,9.86,10.2,9.78,10.18,0.32,3.25,1143936.0,11435723.7,648.0
8230,2019-05-26,10.0,10.0,9.65,9.86,-0.14,-1.4,1192400.0,11799735.55,450.0
8230,2019-05-23,10.1,10.14,9.95,10.0,-0.16,-1.57,1202076.0,12037567.2,620.0
8230,2019-05-22,10.18,10.36,10.08,10.16,0.04,0.4,1947516.0,19885145.9,853.0
8230,2019-05-21,10.12,10.24,10.06,10.12,0.0,0.0,1870676.0,18962108.2,710.0
8230,2019-05-20,10.24,10.38,9.96,10.12,-0.24,-2.32,1730480.0,17463476.65,880.0
8230,2019-05-19,10.4,10.5,10.22,10.36,-0.06,-0.58,1593206.0,16480140.5,760.0
8230,2019-05-16,10.3,10.5,10.2,10.42,0.16,1.56,3553890.0,36914432.8,1386.0
8230,2019-05-15,9.96,10.58,9.9,10.26,0.56,5.77,6641356.0,67854026.55,2549.0
8230,2019-05-14,9.4,10.2,9.22,9.7,-0.36,-3.58,9382666.0,92112429.8,4837.0
8230,2019-05-13,10.06,10.4,10.06,10.06,-1.1,-9.86,1936026.0,19525780.0,410.0
8230,2019-05-12,11.2,11.2,11.16,11.16,-1.24,-10.0,1545480.0,17270139.3,479.0
8230,2019-05-09,12.64,12.68,12.3,12.4,-0.2,-1.59,1110780.0,13773292.3,701.0
8230,2019-05-08,12.46,12.6,12.22,12.6,0.08,0.64,2639766.0,32817875.0,886.0
8230,2019-05-07,12.8,12.84,12.4,12.52,-0.26,-2.03,1097556.0,13775856.1,852.0
8230,2019-05-06,12.72,12.9,12.68,12.78,-0.02,-0.16,574560.0,7331258.9,406.0
8230,2019-05-05,13.08,13.08,12.8,12.8,-0.32,-2.44,777740.0,10015311.2,519.0
8230,2019-05-02,13.18,13.18,13.0,13.12,-0.06,-0.46,725490.0,9487172.5,419.0
8230,2019-05-01,13.26,13.26,13.02,13.18,-0.1,-0.75,852696.0,11220521.1,528.0
8230,2019-04-30,13.4,13.4,13.2,13.28,-0.12,-0.9,1810796.0,24064228.2,641.0
8230,2019-04-29,13.22,13.44,13.14,13.4,0.2,1.52,832540.0,11078177.3,526.0
8230,2019-04-28,13.3,13.44,13.1,13.2,-0.02,-0.15,847306.0,11231886.2,481.0
8230,2019-04-25,12.8,13.3,12.76,13.22,0.34,2.64,1382166.0,18003833.9,823.0
8230,2019-04-24,13.18,13.18,12.82,12.88,-0.26,-1.98,1363210.0,17693947.8,758.0
8230,2019-04-23,13.26,13.3,13.1,13.14,-0.06,-0.45,761116.0,10045271.1,471.0
8230,2019-04-22,13.32,13.4,13.2,13.2,-0.16,-1.2,569060.0,7558091.7,423.0
8230,2019-04-21,13.44,13.48,13.3,13.36,-0.08,-0.6,1408086.0,18845732.5,461.0
8230,2019-04-18,13.54,13.58,13.44,13.44,-0.1,-0.74,950066.0,12809315.9,494.0
8230,2019-04-17,13.4,13.68,13.4,13.54,0.08,0.59,1235110.0,16733932.8,622.0
8230,2019-04-16,13.46,13.58,13.4,13.46,-0.04,-0.3,935990.0,12645637.4,395.0
8230,2019-04-15,13.36,13.56,13.3,13.5,0.06,0.45,954466.0,12833194.6,521.0
8230,2019-04-14,13.54,13.62,13.34,13.44,-0.12,-0.88,1246380.0,16791127.3,513.0
8230,2019-04-11,13.5,13.6,13.5,13.56,0.04,0.3,654830.0,8878098.5,412.0
8230,2019-04-10,13.54,13.62,13.48,13.52,-0.02,-0.15,2002456.0,27120884.1,661.0
8230,2019-04-09,13.28,13.64,13.28,13.54,0.28,2.11,2849346.0,38520941.0,1343.0
8230,2019-04-08,13.26,13.28,13.12,13.26,0.0,0.0,1709250.0,22559317.0,786.0
8230,2019-04-07,13.3,13.3,13.08,13.26,0.0,0.0,1281856.0,16947031.5,781.0
8230,2019-04-04,13.0,13.4,13.0,13.26,0.26,2.0,2232740.0,29599777.0,1234.0
8230,2019-04-03,13.24,13.24,13.0,13.0,-0.26,-1.96,1478396.0,19352239.8,996.0
8230,2019-04-02,13.4,13.42,13.24,13.26,-0.14,-1.04,1690930.0,22542877.3,892.0
8230,2019-04-01,12.8,13.4,12.72,13.4,0.56,4.36,3326640.0,43671304.8,1675.0
8230,2019-03-31,13.02,13.02,12.68,12.84,-0.18,-1.38,1920550.0,24649639.1,1026.0
8230,2019-03-28,13.18,13.2,12.94,13.02,-0.14,-1.06,2086386.0,27162392.6,1444.0
8230,2019-03-27,13.28,13.5,13.02,13.16,-0.1,-0.75,2656056.0,35222758.6,1564.0
8230,2019-03-26,13.66,13.68,13.24,13.26,-0.42,-3.07,3116246.0,41759137.8,1724.0
8230,2019-03-25,14.6,14.6,13.36,13.68,-1.16,-7.82,10403760.0,142603570.6,4840.0
8230,2019-03-24,14.72,14.88,14.72,14.84,0.04,0.27,544366.0,8070550.6,247.0
8230,2019-03-21,14.82,14.82,14.6,14.8,-0.02,-0.13,825896.0,12139902.6,467.0
8230,2019-03-20,14.76,14.9,14.66,14.82,0.02,0.14,517006.0,7648819.7,221.0
8230,2019-03-19,14.9,14.9,14.7,14.8,-0.1,-0.67,782956.0,11564953.7,335.0
8230,2019-03-18,14.88,14.9,14.62,14.9,0.12,0.81,2046586.0,30280050.3,760.0
8230,2019-03-17,15.06,15.06,14.76,14.78,-0.3,-1.99,1044496.0,15552818.8,493.0
8230,2019-03-14,15.2,15.26,15.0,15.08,-0.2,-1.31,1721810.0,26019470.5,480.0
8230,2019-03-13,15.2,15.3,15.0,15.28,0.08,0.53,1370230.0,20811965.9,413.0
8230,2019-03-12,15.06,15.3,14.9,15.2,0.1,0.66,1468510.0,22315880.0,557.0
8230,2019-03-11,14.98,15.1,14.9,15.1,0.0,0.0,616216.0,9239370.8,272.0
8230,2019-03-10,15.24,15.28,14.94,15.1,-0.14,-0.92,723570.0,10935343.6,369.0
8230,2019-03-07,14.88,15.3,14.84,15.24,0.26,1.74,899890.0,13645101.3,610.0
8230,2019-03-06,15.02,15.04,14.86,14.98,-0.14,-0.93,489686.0,7322751.0,391.0
8230,2019-03-05,15.2,15.2,14.92,15.12,-0.08,-0.53,1312906.0,19763864.8,766.0
8230,2019-03-04,15.34,15.42,15.16,15.2,-0.14,-0.91,1186106.0,18147455.9,661.0
8230,2019-03-03,14.98,15.4,14.9,15.34,0.38,2.54,3317696.0,50281998.5,1540.0
8230,2019-02-28,14.42,14.98,14.4,14.96,0.52,3.6,2998166.0,44196571.2,1209.0
8230,2019-02-27,14.4,14.5,14.26,14.44,0.04,0.28,1127000.0,16201662.6,680.0
8230,2019-02-26,14.0,14.42,13.94,14.4,0.4,2.86,1695616.0,24209575.2,734.0
8230,2019-02-25,14.14,14.14,13.9,14.0,-0.16,-1.13,670056.0,9381663.0,376.0
8230,2019-02-24,14.24,14.3,14.06,14.16,-0.04,-0.28,794040.0,11250354.8,378.0
8230,2019-02-21,13.98,14.2,13.94,14.2,0.22,1.57,1769526.0,25013298.4,782.0
8230,2019-02-20,13.7,13.98,13.68,13.98,0.26,1.9,1512920.0,20948727.6,754.0
8230,2019-02-19,13.2,13.72,13.2,13.72,0.5,3.78,1183716.0,16037901.5,756.0
8230,2019-02-18,13.58,13.58,13.2,13.22,-0.38,-2.79,771610.0,10330201.1,425.0
8230,2019-02-17,13.7,13.7,13.52,13.6,-0.1,-0.73,472756.0,6432422.3,256.0
8230,2019-02-14,13.6,13.74,13.5,13.7,0.1,0.74,561516.0,7640249.6,363.0
8230,2019-02-13,13.32,13.82,13.32,13.6,0.28,2.1,1822410.0,24894627.5,982.0
8230,2019-02-12,13.46,13.54,13.18,13.32,-0.14,-1.04,905110.0,12052862.2,601.0
8230,2019-02-11,13.64,13.76,13.46,13.46,-0.1,-0.74,1058530.0,14370126.2,557.0
8230,2019-02-10,13.7,13.76,13.52,13.56,-0.16,-1.17,761920.0,10370176.8,420.0
8230,2019-02-07,13.88,13.94,13.54,13.72,-0.16,-1.15,1649930.0,22723518.7,964.0
8230,2019-02-06,14.16,14.16,13.84,13.88,-0.3,-2.12,1131256.0,15846324.8,556.0
8230,2019-02-05,14.18,14.2,14.06,14.18,0.02,0.14,368210.0,5205113.3,319.0
8230,2019-02-04,14.12,14.18,14.06,14.16,-0.02,-0.14,242540.0,3422742.6,212.0
8230,2019-02-03,14.22,14.3,14.1,14.18,-0.04,-0.28,441786.0,6270259.9,223.0
8230,2019-01-31,14.18,14.26,14.1,14.22,0.02,0.14,652700.0,9256717.2,383.0
8230,2019-01-30,14.32,14.34,14.04,14.2,-0.06,-0.42,1035390.0,14630157.5,546.0
8230,2019-01-29,14.0,14.38,14.0,14.26,0.28,2.0,1739100.0,24751191.1,850.0
8230,2019-01-28,13.78,14.0,13.5,13.98,0.2,1.45,1791830.0,24647703.0,880.0
8230,2019-01-27,13.82,13.98,13.72,13.78,-0.12,-0.86,537636.0,7441683.0,346.0
8230,2019-01-24,14.0,14.1,13.9,13.9,-0.16,-1.14,630460.0,8829077.9,350.0
8230,2019-01-23,14.12,14.22,14.0,14.06,-0.04,-0.28,1310380.0,18476222.4,631.0
8230,2019-01-22,14.06,14.28,14.06,14.1,0.02,0.14,442450.0,6264671.5,289.0
8230,2019-01-21,14.18,14.18,14.0,14.08,-0.08,-0.56,393796.0,5538280.4,288.0
8230,2019-01-20,14.2,14.2,14.04,14.16,-0.04,-0.28,405610.0,5729779.1,279.0
8230,2019-01-17,14.08,14.32,14.08,14.2,0.12,0.85,370386.0,5278256.2,317.0
8230,2019-01-16,14.28,14.3,14.04,14.08,-0.14,-0.98,892016.0,12628121.0,378.0
8230,2019-01-15,14.28,14.36,14.02,14.22,-0.04,-0.28,713550.0,10166614.9,429.0
8230,2019-01-14,14.5,14.58,14.26,14.26,-0.2,-1.38,696236.0,10034603.9,481.0
8230,2019-01-13,14.48,14.7,14.4,14.46,-0.02,-0.14,902466.0,13130384.8,416.0
8230,2019-01-10,14.38,14.7,14.3,14.48,0.1,0.7,1204320.0,17478102.0,646.0
8230,2019-01-09,14.4,14.46,14.16,14.38,-0.02,-0.14,1166100.0,16717147.1,596.0
8230,2019-01-08,14.6,14.78,14.12,14.4,-0.12,-0.83,1648016.0,23711315.0,952.0
8230,2019-01-07,14.2,14.78,14.0,14.52,0.38,2.69,3079876.0,44495987.1,1669.0
8230,2019-01-06,13.62,14.4,13.62,14.14,0.56,4.12,3056980.0,42971294.4,1783.0
8230,2019-01-03,13.46,13.7,13.42,13.58,0.1,0.74,451836.0,6134122.5,316.0
8230,2019-01-02,13.36,13.48,13.34,13.48,0.02,0.15,236746.0,3174814.9,154.0
8230,2019-01-01,13.38,13.46,13.24,13.46,0.08,0.6,263246.0,3525922.7,179.0
8230,2018-12-31,13.2,13.46,13.2,13.38,0.14,1.06,617266.0,8243521.0,370.0
8230,2018-12-30,13.18,13.28,13.14,13.24,0.04,0.3,224900.0,2973349.6,154.0
8230,2018-12-27,13.12,13.24,12.92,13.2,0.12,0.92,933320.0,12285786.6,461.0
8230,2018-12-26,13.08,13.1,12.92,13.08,0.18,1.4,912266.0,11892723.8,336.0
8230,2018-12-25,13.0,13.0,12.76,12.9,-0.2,-1.53,465096.0,5969797.4,226.0
8230,2018-12-24,13.0,13.1,12.96,13.1,0.1,0.77,407600.0,5314914.6,268.0
8230,2018-12-23,12.44,13.0,12.42,13.0,0.14,1.09,871266.0,11029701.2,542.0
8230,2018-12-20,12.98,13.08,12.8,12.86,-0.24,-1.83,299210.0,3856251.3,301.0
8230,2018-12-19,13.2,13.26,12.98,13.1,-0.1,-0.76,695790.0,9121865.0,309.0
8230,2018-12-18,13.4,13.4,13.04,13.2,-0.1,-0.75,778996.0,10267109.2,326.0
8230,2018-12-17,13.4,13.4,13.16,13.3,-0.08,-0.6,529286.0,7029954.3,364.0
8230,2018-12-16,13.5,13.54,13.38,13.38,-0.16,-1.18,322356.0,4336423.2,186.0
8230,2018-12-13,13.66,13.7,13.52,13.54,-0.12,-0.88,659090.0,8970418.7,278.0
8230,2018-12-12,13.54,13.72,13.54,13.66,0.04,0.29,461526.0,6298297.3,232.0
8230,2018-12-11,13.48,13.62,13.32,13.62,0.14,1.04,624340.0,8422325.5,254.0
8230,2018-12-10,13.52,13.7,13.48,13.48,-0.02,-0.15,668016.0,9077772.0,313.0
8230,2018-12-09,13.54,13.64,13.46,13.5,0.02,0.15,505730.0,6859287.8,275.0
8230,2018-12-06,13.84,13.88,13.38,13.48,-0.3,-2.18,1463116.0,19843051.0,620.0
8230,2018-12-05,13.7,13.92,13.54,13.78,-0.02,-0.14,1404296.0,19314060.6,714.0
8230,2018-12-04,13.4,13.96,13.26,13.8,0.4,2.99,1953246.0,26765741.9,1027.0
8230,2018-12-03,13.58,13.7,13.26,13.4,-0.16,-1.18,1307446.0,17586248.3,687.0
8230,2018-12-02,13.12,13.56,13.12,13.56,0.5,3.83,2052946.0,27312388.4,817.0
8230,2018-11-29,12.78,13.16,12.78,13.06,0.26,2.03,2578840.0,33583894.9,1399.0
8230,2018-11-28,12.66,12.88,12.54,12.8,0.14,1.11,1638806.0,20942036.6,742.0
8230,2018-11-27,12.54,12.68,12.48,12.66,0.14,1.12,933850.0,11755720.0,797.0
8230,2018-11-26,12.54,12.6,12.42,12.52,-0.08,-0.63,524390.0,6548100.0,290.0
8230,2018-11-25,12.54,12.7,12.5,12.6,0.06,0.48,1207126.0,15196438.5,499.0
8230,2018-11-22,12.5,12.64,12.38,12.54,0.1,0.8,1651320.0,20674078.6,794.0
8230,2018-11-21,12.06,12.48,12.0,12.44,0.26,2.13,1507850.0,18554793.5,924.0
8230,2018-11-20,12.3,12.3,12.08,12.18,-0.06,-0.49,853286.0,10406115.2,414.0
8230,2018-11-19,12.22,12.4,12.08,12.24,0.04,0.33,861026.0,10546190.4,504.0
8230,2018-11-18,12.46,12.46,12.2,12.2,-0.26,-2.09,884400.0,10904530.1,395.0
8230,2018-11-15,12.38,12.6,12.24,12.46,0.08,0.65,1505210.0,18722238.1,642.0
8230,2018-11-14,12.82,12.88,12.32,12.38,-0.58,-4.48,2306526.0,29146359.3,938.0
8230,2018-11-13,12.66,13.16,12.5,12.96,0.3,2.37,2635520.0,34054144.7,1434.0
8230,2018-11-12,12.26,12.76,12.1,12.66,0.46,3.77,3417780.0,42938425.6,1460.0
8230,2018-11-11,11.94,12.4,11.94,12.2,0.88,7.77,5184346.0,63424282.4,2235.0
8230,2018-11-08,11.4,11.4,11.28,11.32,-0.06,-0.53,301036.0,3409456.5,181.0
8230,2018-11-07,11.56,11.58,11.3,11.38,-0.18,-1.56,688530.0,7856177.2,327.0
8230,2018-11-06,11.34,11.56,11.3,11.56,0.22,1.94,537986.0,6132350.6,470.0
8230,2018-11-05,11.64,11.7,11.24,11.34,-0.4,-3.41,1343400.0,15396188.9,701.0
8230,2018-11-04,11.72,11.9,11.72,11.74,0.0,0.0,660986.0,7792743.5,346.0
8230,2018-11-01,11.6,11.76,11.44,11.74,0.18,1.56,1448736.0,16918572.8,1517.0
8230,2018-10-31,11.3,11.7,11.18,11.56,0.26,2.3,1543490.0,17731821.7,668.0
8230,2018-10-30,11.34,11.36,11.18,11.3,-0.02,-0.18,842850.0,9471929.8,386.0
8230,2018-10-29,11.42,11.54,11.24,11.32,-0.08,-0.7,1755436.0,19995897.6,725.0
8230,2018-10-28,10.88,11.4,10.8,11.4,0.5,4.59,1617246.0,18096397.4,648.0
8230,2018-10-25,10.9,11.04,10.6,10.9,0.02,0.18,1346960.0,14657191.3,610.0
8230,2018-10-24,10.3,11.1,10.3,10.88,0.64,6.25,2233616.0,24107472.6,947.0
8230,2018-10-23,9.98,10.48,9.82,10.24,0.34,3.43,2426580.0,24703293.4,951.0
8230,2018-10-22,10.02,10.16,9.8,9.9,-0.1,-1.0,1314330.0,13153437.9,580.0
8230,2018-10-21,9.56,10.06,9.56,10.0,-0.18,-1.77,907516.0,8977134.1,420.0
8230,2018-10-18,10.3,10.3,10.1,10.18,-0.02,-0.2,822276.0,8397418.7,408.0
8230,2018-10-17,9.99,10.34,9.96,10.2,0.28,2.82,1946590.0,19781118.75,815.0
8230,2018-10-16,10.1,10.2,9.3,9.92,-0.32,-3.13,1892646.0,18715986.15,828.0
8230,2018-10-15,9.83,10.26,9.83,10.24,0.5,5.13,2217846.0,22274175.35,705.0
8230,2018-10-14,10.42,10.52,9.74,9.74,-1.0,-9.31,3899530.0,39076815.95,1329.0
8230,2018-10-11,10.9,10.92,10.58,10.74,-0.32,-2.89,1876920.0,20136523.0,903.0
8230,2018-10-10,11.26,11.34,11.0,11.06,-0.18,-1.6,507306.0,5694058.4,250.0
8230,2018-10-09,11.22,11.42,11.0,11.24,0.1,0.9,546786.0,6155370.2,354.0
8230,2018-10-08,11.2,11.34,11.1,11.14,-0.14,-1.24,768056.0,8613915.9,436.0
8230,2018-10-07,11.48,11.48,11.2,11.28,-0.24,-2.08,1068826.0,12118838.6,527.0
8230,2018-10-04,11.74,11.74,11.4,11.52,-0.12,-1.03,1045480.0,12066967.1,513.0
8230,2018-10-03,11.52,11.88,11.5,11.64,0.12,1.04,2414126.0,28194948.8,1107.0
8230,2018-10-02,11.04,11.52,11.02,11.52,0.48,4.35,3062336.0,34427923.4,1366.0
8230,2018-10-01,10.92,11.04,10.84,11.04,0.14,1.28,910166.0,9980517.0,526.0
8230,2018-09-30,10.92,11.1,10.8,10.9,0.04,0.37,1449456.0,15818797.2,630.0
8230,2018-09-27,11.06,11.08,10.8,10.86,-0.2,-1.81,1175076.0,12873014.6,600.0
8230,2018-09-26,11.36,11.38,10.98,11.06,-0.24,-2.12,1384816.0,15438559.8,807.0
8230,2018-09-25,11.46,11.46,11.2,11.3,-0.02,-0.18,887010.0,10051987.0,659.0
8230,2018-09-20,11.2,11.5,11.2,11.32,0.12,1.07,848706.0,9607506.3,540.0
8230,2018-09-19,11.04,11.48,11.0,11.2,0.1,0.9,1640920.0,18548551.5,818.0
8230,2018-09-18,11.0,11.18,10.84,11.1,0.12,1.09,662720.0,7325213.9,318.0
8230,2018-09-17,10.72,11.1,10.68,10.98,0.16,1.48,833050.0,9075856.2,422.0
8230,2018-09-16,11.2,11.2,10.68,10.82,-0.34,-3.05,1027676.0,11315607.4,493.0
8230,2018-09-13,10.76,11.18,10.62,11.16,0.5,4.69,1495716.0,16302447.1,756.0
8230,2018-09-12,10.9,11.16,10.58,10.66,-0.14,-1.3,1388130.0,15113964.7,745.0
8230,2018-09-11,10.52,10.96,10.5,10.8,0.34,3.25,1569066.0,16858947.2,832.0
8230,2018-09-10,10.76,10.76,10.4,10.46,-0.24,-2.24,958740.0,10097566.6,493.0
8230,2018-09-09,10.72,10.74,10.56,10.7,0.02,0.19,993936.0,10569485.4,356.0
8230,2018-09-06,11.0,11.0,10.4,10.68,-0.36,-3.26,2035816.0,21760311.0,890.0
8230,2018-09-05,11.6,11.6,10.84,11.04,-0.58,-4.99,828930.0,9323357.4,415.0
8230,2018-09-04,11.48,11.72,11.48,11.62,0.12,1.04,297346.0,3457844.5,206.0
8230,2018-09-03,11.7,11.7,11.48,11.5,-0.16,-1.37,594890.0,6902191.9,321.0
8230,2018-09-02,11.4,11.7,11.4,11.66,0.06,0.52,317776.0,3677471.7,226.0
8230,2018-08-30,11.74,11.74,11.44,11.6,-0.14,-1.19,649126.0,7500819.2,377.0
8230,2018-08-29,11.92,11.94,11.72,11.74,-0.18,-1.51,516880.0,6109924.2,295.0
8230,2018-08-28,11.74,12.08,11.74,11.92,0.18,1.53,1872486.0,22343122.0,737.0
8230,2018-08-27,11.8,11.96,11.72,11.74,-0.1,-0.84,578966.0,6842224.0,390.0
8230,2018-08-26,11.76,11.88,11.74,11.84,0.12,1.02,490510.0,5788774.7,281.0
8230,2018-08-16,11.76,11.82,11.62,11.72,-0.04,-0.34,862880.0,10126361.9,738.0
8230,2018-08-15,11.68,12.0,11.58,11.76,0.08,0.68,1442276.0,17074559.5,886.0
8230,2018-08-14,11.52,11.86,11.52,11.68,0.26,2.28,1138560.0,13299535.3,679.0
8230,2018-08-13,11.6,11.66,11.24,11.42,-0.18,-1.55,935086.0,10657562.1,513.0
8230,2018-08-12,12.0,12.0,11.54,11.6,-0.4,-3.33,1145506.0,13482422.3,442.0
8230,2018-08-09,12.06,12.16,11.98,12.0,-0.06,-0.5,1277470.0,15353380.1,516.0
8230,2018-08-08,11.9,12.16,11.86,12.06,0.22,1.86,3173570.0,38174946.1,1229.0
8230,2018-08-07,11.62,11.98,11.62,11.84,0.2,1.72,4093066.0,48443673.0,1355.0
8230,2018-08-06,11.6,11.96,11.24,11.64,0.06,0.52,4872030.0,56718874.2,2049.0
8230,2018-08-05,11.52,11.86,11.52,11.58,0.1,0.87,2927956.0,34155856.0,1357.0
8230,2018-08-02,11.22,11.8,11.22,11.48,0.58,5.32,7655926.0,88782373.6,3503.0
8230,2018-08-01,10.6,11.06,10.46,10.9,0.3,2.83,4173116.0,45177918.6,2678.0
8230,2018-07-31,11.2,11.2,10.6,10.6,-0.36,-3.28,4678146.0,50955707.3,2558.0
8230,2018-07-30,9.9,10.96,9.87,10.96,0.98,9.82,3942560.0,41581672.45,1816.0
8230,2018-07-29,10.3,10.3,9.9,9.98,-0.32,-3.11,1855190.0,18691900.8,851.0
8230,2018-07-26,10.58,10.58,10.22,10.3,-0.32,-3.01,2077000.0,21552471.7,1320.0
8230,2018-07-25,10.82,10.84,10.6,10.62,-0.22,-2.03,915636.0,9794243.0,659.0
8230,2018-07-24,11.06,11.1,10.82,10.84,-0.22,-1.99,1127820.0,12371219.8,659.0
8230,2018-07-23,11.34,11.34,10.9,11.06,-0.26,-2.3,1765446.0,19657475.3,973.0
8230,2018-07-22,11.2,11.44,11.02,11.32,0.1,0.89,2460116.0,27601074.3,1332.0
8230,2018-07-19,11.46,11.54,11.14,11.22,-0.32,-2.77,1749860.0,19728838.4,1169.0
8230,2018-07-18,11.62,11.66,11.52,11.54,-0.06,-0.52,650910.0,7544933.8,404.0
8230,2018-07-17,11.66,11.72,11.56,11.6,-0.04,-0.34,1175326.0,13666634.8,629.0
8230,2018-07-16,11.42,11.76,11.34,11.64,0.16,1.39,1923090.0,22160246.7,934.0
8230,2018-07-15,11.66,11.66,11.46,11.48,-0.12,-1.03,1015536.0,11742055.0,596.0
8230,2018-07-12,11.7,11.72,11.56,11.6,-0.06,-0.51,747046.0,8681947.0,453.0
8230,2018-07-11,11.64,11.76,11.58,11.66,0.04,0.34,1651426.0,19289232.2,799.0
8230,2018-07-10,11.96,12.16,11.58,11.62,-0.34,-2.84,1732370.0,20524032.9,1065.0
8230,2018-07-09,12.26,12.32,11.84,11.96,-0.3,-2.45,1370196.0,16489994.5,845.0
8230,2018-07-08,12.34,12.66,12.22,12.26,-0.12,-0.97,518620.0,6427788.1,351.0
8230,2018-07-05,12.58,12.58,12.32,12.38,-0.14,-1.12,279510.0,3474587.3,225.0
8230,2018-07-04,12.62,12.8,12.52,12.52,-0.18,-1.42,470226.0,5943159.6,351.0
8230,2018-07-03,12.48,12.8,12.38,12.7,0.32,2.58,1095190.0,13862385.0,749.0
8230,2018-07-02,12.5,12.86,12.34,12.38,-0.26,-2.06,1272860.0,16009478.6,786.0
8230,2018-07-01,12.78,12.8,12.56,12.64,-0.12,-0.94,671316.0,8504629.9,336.0
8230,2018-06-28,12.98,13.1,12.6,12.76,-0.22,-1.69,1002766.0,12892278.9,608.0
8230,2018-06-27,12.64,13.1,12.38,12.98,0.34,2.69,2768570.0,35290294.1,1298.0
8230,2018-06-26,12.92,12.98,12.6,12.64,-0.46,-3.51,1852670.0,23539247.4,1082.0
8230,2018-06-25,13.16,13.52,12.98,13.1,0.2,1.55,3609976.0,47725430.2,1905.0
8230,2018-06-24,11.86,12.9,11.8,12.9,1.16,9.88,2528220.0,31577129.0,1352.0
8230,2018-06-21,11.28,11.9,11.14,11.74,0.64,5.77,1654086.0,19067992.8,1027.0
8230,2018-06-20,11.0,11.32,10.94,11.1,0.0,0.0,1119326.0,12434216.7,969.0
8230,2018-06-12,11.5,11.62,11.04,11.1,-0.44,-3.81,1520000.0,17271544.7,1018.0
8230,2018-06-11,11.9,11.9,11.34,11.54,-0.4,-3.35,1936420.0,22267479.3,1653.0
8230,2018-06-10,12.54,12.54,11.94,11.94,-0.5,-4.02,1136246.0,13774706.7,784.0
8230,2018-06-07,12.34,12.5,12.3,12.44,0.16,1.3,578370.0,7164435.5,361.0
8230,2018-06-06,12.24,12.3,12.18,12.28,0.14,1.15,873450.0,10692355.7,442.0
8230,2018-06-05,12.22,12.38,12.08,12.14,-0.04,-0.33,1418400.0,17321836.7,756.0
8230,2018-06-04,12.5,12.6,12.06,12.18,-0.36,-2.87,1064916.0,13076610.1,666.0
8230,2018-06-03,12.4,12.68,12.38,12.54,0.1,0.8,1221596.0,15352380.8,421.0
8230,2018-05-31,12.04,12.48,12.04,12.44,0.44,3.67,3565150.0,43791508.4,1252.0
8230,2018-05-30,12.8,12.92,11.8,12.0,-0.9,-6.98,1774006.0,21802454.5,925.0
8230,2018-05-29,13.2,13.24,12.9,12.9,-0.32,-2.42,324930.0,4243647.8,228.0
8230,2018-05-28,13.38,13.38,13.12,13.22,-0.16,-1.2,184556.0,2445662.6,172.0
8230,2018-05-27,13.56,13.58,13.34,13.38,-0.14,-1.04,212746.0,2857227.7,194.0
8230,2018-05-24,13.7,13.76,13.34,13.52,-0.14,-1.02,570826.0,7711874.2,426.0
8230,2018-05-23,13.54,13.8,13.46,13.66,0.11,0.81,1018606.0,13891049.5,548.0
8230,2018-05-22,13.64,13.7,13.4,13.55,-0.15,-1.09,1115870.0,15117205.6,642.0
8230,2018-05-21,14.3,14.4,13.6,13.7,-0.43,-3.04,990580.0,13970000.5,679.0
8230,2018-05-20,13.9,14.32,13.52,14.13,0.19,1.36,2150610.0,29585262.1,1008.0
8230,2018-05-17,14.0,14.1,13.86,13.94,-0.34,-2.38,1226790.0,17129424.7,344.0
8230,2018-05-16,14.8,14.8,14.12,14.28,-0.41,-2.79,1044120.0,14880013.6,682.0
8230,2018-05-15,14.66,14.9,14.36,14.69,0.03,0.2,465906.0,6806027.6,487.0
8230,2018-05-14,15.12,15.12,14.6,14.66,-0.44,-2.91,290830.0,4313148.7,290.0
8230,2018-05-13,15.0,15.12,14.94,15.1,-0.28,-1.82,1029756.0,15470874.1,1073.0
8230,2018-05-10,15.38,15.4,15.04,15.38,0.17,1.12,189220.0,2887704.3,126.0
8230,2018-05-09,15.0,15.24,15.0,15.21,0.01,0.07,194656.0,2958235.4,100.0
8230,2018-05-08,15.2,15.24,14.68,15.2,-0.04,-0.26,298130.0,4461521.8,234.0
8230,2018-05-07,15.3,15.32,15.04,15.24,-0.25,-1.61,238006.0,3619555.7,179.0
8230,2018-05-06,15.74,15.74,15.46,15.49,-0.21,-1.34,316426.0,4914567.4,182.0
8230,2018-05-03,15.8,15.8,15.54,15.7,-0.09,-0.57,339196.0,5319080.0,149.0
8230,2018-05-02,15.8,16.22,15.52,15.79,-0.03,-0.19,642286.0,10235959.5,417.0
8230,2018-05-01,15.8,16.16,15.72,15.82,0.03,0.19,408586.0,6485630.3,284.0
8230,2018-04-30,15.66,15.8,15.52,15.79,0.11,0.7,363220.0,5708376.1,317.0
8230,2018-04-29,16.1,16.1,15.6,15.68,-0.41,-2.55,643570.0,10155064.0,457.0
8230,2018-04-26,16.26,16.38,16.06,16.09,-0.24,-1.47,329520.0,5331925.9,363.0
8230,2018-04-25,16.32,16.38,16.04,16.33,0.14,0.86,539470.0,8747614.0,331.0
8230,2018-04-24,16.18,16.6,16.1,16.19,0.07,0.43,1002700.0,16423756.6,645.0
8230,2018-04-23,16.06,16.16,15.96,16.12,0.12,0.75,588350.0,9435270.8,363.0
8230,2018-04-22,16.4,16.4,15.96,16.0,-0.36,-2.2,618860.0,9963593.4,437.0
8230,2018-04-19,16.3,16.48,16.26,16.36,0.12,0.74,510336.0,8344203.7,360.0
8230,2018-04-18,15.68,16.6,15.68,16.24,0.64,4.1,1417576.0,23141302.5,739.0
8230,2018-04-17,15.4,15.7,15.3,15.6,0.19,1.23,726740.0,11290568.8,390.0
8230,2018-04-16,14.92,15.48,14.92,15.41,0.51,3.42,1548210.0,23615185.6,587.0
8230,2018-04-15,14.7,14.98,14.7,14.9,0.28,1.92,260430.0,3878882.2,170.0
8230,2018-04-12,14.6,14.98,14.28,14.62,0.25,1.74,916110.0,13494374.0,634.0
8230,2018-04-11,14.7,14.76,14.0,14.37,-0.23,-1.58,713116.0,10391910.8,418.0
8230,2018-04-10,15.02,15.06,14.48,14.6,-0.32,-2.14,1093350.0,16206872.2,528.0
8230,2018-04-09,14.6,15.32,14.48,14.92,0.42,2.9,1273996.0,19108820.8,869.0
8230,2018-04-08,14.7,14.86,14.36,14.5,-0.26,-1.76,447016.0,6527641.1,262.0
8230,2018-04-05,14.74,14.98,14.74,14.76,0.07,0.48,672040.0,9991090.8,311.0
8230,2018-04-04,14.34,14.98,14.34,14.69,0.38,2.66,1608376.0,23565800.8,789.0
8230,2018-04-03,14.2,14.36,14.18,14.31,0.16,1.13,807650.0,11498738.6,320.0
8230,2018-04-02,14.0,14.18,13.94,14.15,0.15,1.07,435660.0,6127420.8,246.0
8230,2018-04-01,14.04,14.1,13.98,14.0,-0.01,-0.07,191220.0,2682785.5,111.0
8230,2018-03-29,14.2,14.2,13.98,14.01,-0.08,-0.57,302060.0,4237864.4,198.0
8230,2018-03-28,14.38,14.38,14.08,14.09,-0.11,-0.77,719506.0,10235499.9,395.0
8230,2018-03-27,13.9,14.3,13.88,14.2,0.32,2.31,1928436.0,27397261.4,827.0
8230,2018-03-26,13.86,14.18,13.7,13.88,0.08,0.58,828746.0,11567905.9,475.0
8230,2018-03-25,13.72,13.82,13.62,13.8,0.03,0.22,514550.0,7086380.0,277.0
8230,2018-03-22,13.86,13.9,13.74,13.77,0.01,0.07,992770.0,13722958.6,479.0
8230,2018-03-21,13.76,13.8,13.7,13.76,-0.01,-0.07,361266.0,4962529.2,239.0
8230,2018-03-20,13.62,13.8,13.56,13.77,0.07,0.51,795320.0,10873813.2,504.0
8230,2018-03-19,13.5,13.8,13.5,13.7,0.36,2.7,2044876.0,27946448.9,1031.0
8230,2018-03-18,13.7,13.9,13.28,13.34,-0.22,-1.62,3467410.0,47143915.3,1606.0
8230,2018-03-15,15.2,15.2,13.56,13.56,-1.5,-9.96,3869716.0,53516926.0,1599.0
8230,2018-03-14,15.2,15.26,15.0,15.06,-0.13,-0.86,315350.0,4772928.6,196.0
8230,2018-03-13,15.2,15.5,15.12,15.19,0.04,0.26,609400.0,9324017.9,464.0
8230,2018-03-12,15.34,15.4,15.06,15.15,-0.19,-1.24,628646.0,9554888.8,417.0
8230,2018-03-11,15.5,15.68,15.32,15.34,-0.25,-1.6,763130.0,11830393.5,358.0
8230,2018-03-08,15.56,15.68,15.48,15.59,0.08,0.52,703670.0,10959190.1,376.0
8230,2018-03-07,15.24,15.7,15.24,15.51,0.39,2.58,1744670.0,26967826.9,851.0
8230,2018-03-06,14.68,15.2,14.68,15.12,0.51,3.49,1571676.0,23663383.6,1053.0
8230,2018-03-05,14.84,14.86,14.58,14.61,-0.2,-1.35,226830.0,3334229.5,216.0
8230,2018-03-04,14.72,15.08,14.66,14.81,0.2,1.37,664720.0,9929308.0,500.0
8230,2018-03-01,14.36,14.8,14.26,14.61,0.25,1.74,881090.0,12922400.6,550.0
8230,2018-02-28,14.24,14.6,14.24,14.36,0.14,0.98,449930.0,6469619.4,302.0
8230,2018-02-27,14.28,14.32,14.06,14.22,-0.13,-0.91,374280.0,5324699.3,254.0
8230,2018-02-26,14.3,14.42,14.26,14.35,-0.05,-0.35,243490.0,3496512.8,145.0
8230,2018-02-25,14.52,14.54,14.2,14.4,-0.09,-0.62,277106.0,3993167.7,220.0
8230,2018-02-22,14.72,14.72,14.4,14.49,-0.23,-1.56,923750.0,13466184.6,348.0
8230,2018-02-21,14.72,14.92,14.7,14.72,0.02,0.14,663560.0,9825554.7,403.0
8230,2018-02-20,14.54,14.78,14.54,14.7,0.2,1.38,1196996.0,17547972.0,730.0
8230,2018-02-19,14.92,14.92,14.28,14.5,-0.34,-2.29,2561216.0,37061650.7,1434.0
8230,2018-02-18,15.4,15.44,14.5,14.84,-0.59,-3.82,1614386.0,24049136.2,1030.0
8230,2018-02-15,15.4,15.68,15.32,15.43,0.06,0.39,809236.0,12496598.7,574.0
8230,2018-02-14,15.6,16.2,15.28,15.37,-0.15,-0.97,3278630.0,51577545.4,1868.0
8230,2018-02-13,14.86,15.6,14.82,15.52,0.7,4.72,1990936.0,30348374.5,988.0
8230,2018-02-12,14.98,15.04,14.78,14.82,-0.1,-0.67,1432806.0,21344714.5,676.0
8230,2018-02-11,14.9,15.2,14.7,14.92,0.03,0.2,882600.0,13173991.4,496.0
8230,2018-02-08,14.6,15.2,14.6,14.89,0.35,2.41,1572686.0,23565308.7,1162.0
8230,2018-02-07,14.5,15.0,14.34,14.54,0.23,1.61,1730706.0,25372057.0,1036.0
8230,2018-02-06,14.2,14.6,14.0,14.31,-0.03,-0.21,1294200.0,18486102.8,718.0
8230,2018-02-05,14.4,14.86,14.2,14.34,-0.05,-0.35,1242130.0,18018849.1,913.0
8230,2018-02-04,13.42,14.8,13.4,14.39,0.92,6.83,3952720.0,57316866.6,1770.0
8230,2018-02-01,13.2,13.9,13.2,13.47,0.25,1.89,1234380.0,16712449.0,782.0
8230,2018-01-31,13.44,13.44,13.2,13.22,-0.24,-1.78,255860.0,3411060.5,190.0
8230,2018-01-30,13.5,13.58,13.44,13.46,-0.03,-0.22,86050.0,1161111.0,106.0
8230,2018-01-29,13.48,13.6,13.42,13.49,-0.01,-0.07,452950.0,6104169.4,212.0
8230,2018-01-28,13.74,13.8,13.46,13.5,-0.21,-1.53,463830.0,6305900.1,314.0
8230,2018-01-25,13.44,13.98,13.32,13.71,0.31,2.31,1250950.0,17133052.5,870.0
8230,2018-01-24,12.86,13.56,12.86,13.4,0.59,4.61,1730546.0,23055122.3,920.0
8230,2018-01-23,12.84,12.9,12.78,12.81,-0.13,-1.0,501580.0,6425914.0,167.0
8230,2018-01-22,12.76,13.02,12.72,12.94,0.13,1.01,536230.0,6903172.0,240.0
8230,2018-01-21,13.18,13.4,12.78,12.81,-0.28,-2.14,2343946.0,30792951.1,604.0
8230,2018-01-18,12.9,13.16,12.7,13.09,0.33,2.59,949450.0,12242197.0,423.0
8230,2018-01-17,12.36,12.94,12.36,12.76,0.37,2.99,1093770.0,13908644.6,632.0
8230,2018-01-16,12.44,12.58,12.32,12.39,-0.1,-0.8,426556.0,5293488.6,236.0
8230,2018-01-15,12.46,12.6,12.4,12.49,-0.04,-0.32,542586.0,6791271.8,309.0
8230,2018-01-14,12.04,12.8,12.0,12.53,0.55,4.59,787640.0,9728465.2,333.0
8230,2018-01-11,11.9,11.98,11.9,11.98,-0.01,-0.08,105960.0,1264445.2,41.0
8230,2018-01-10,11.9,12.04,11.9,11.99,0.09,0.76,493020.0,5907593.6,188.0
8230,2018-01-09,11.74,11.94,11.72,11.9,0.12,1.02,711386.0,8437438.3,170.0
8230,2018-01-08,11.86,11.86,11.78,11.78,-0.06,-0.51,246160.0,2905814.6,74.0
8230,2018-01-07,11.94,11.96,11.82,11.84,-0.02,-0.17,120840.0,1435582.3,52.0
8230,2018-01-04,11.82,11.92,11.82,11.86,0.04,0.34,312046.0,3703239.1,55.0
8230,2018-01-03,11.76,12.04,11.76,11.82,0.16,1.37,691986.0,8250243.6,315.0
8230,2018-01-02,11.84,11.84,11.62,11.66,-0.07,-0.6,56336.0,659005.4,37.0
8230,2018-01-01,11.8,11.82,11.74,11.73,-0.09,-0.76,35096.0,413674.6,31.0
8230,2017-12-31,11.84,11.9,11.82,11.82,0.0,0.0,145226.0,1723952.8,69.0
8230,2017-12-28,11.94,11.96,11.82,11.82,-0.04,-0.34,107766.0,1280789.6,73.0
8230,2017-12-27,11.94,11.94,11.82,11.86,-0.05,-0.42,262130.0,3111831.1,86.0
8230,2017-12-26,11.8,11.98,11.8,11.91,0.11,0.93,215720.0,2562022.9,126.0
8230,2017-12-25,11.88,11.92,11.8,11.8,-0.1,-0.84,691010.0,8175320.8,167.0
8230,2017-12-24,11.96,11.98,11.74,11.9,-0.09,-0.75,347670.0,4150666.7,103.0
8230,2017-12-21,12.02,12.02,11.98,11.99,0.01,0.08,206710.0,2479878.0,115.0
8230,2017-12-20,11.78,12.02,11.78,11.98,0.24,2.04,860916.0,10262820.2,270.0
8230,2017-12-19,11.7,11.92,11.66,11.74,0.04,0.34,751276.0,8859687.2,223.0
8230,2017-12-18,11.64,11.72,11.62,11.7,0.11,0.95,428006.0,4989765.7,172.0
8230,2017-12-17,11.52,11.64,11.46,11.59,0.05,0.43,1286606.0,14829723.6,223.0
8230,2017-12-14,11.62,11.7,11.52,11.54,-0.04,-0.35,248366.0,2874406.6,98.0
8230,2017-12-13,11.84,11.84,11.44,11.58,-0.26,-2.2,606906.0,7090282.7,256.0
8230,2017-12-12,11.86,11.88,11.8,11.84,-0.04,-0.34,468536.0,5550978.6,113.0
8230,2017-12-11,11.86,11.98,11.84,11.88,-0.04,-0.34,363926.0,4339472.3,211.0
8230,2017-12-10,11.82,11.94,11.8,11.92,0.03,0.25,186860.0,2223919.5,92.0
8230,2017-12-07,11.7,11.9,11.7,11.89,0.1,0.85,408930.0,4833514.7,219.0
8230,2017-12-06,12.0,12.0,11.78,11.79,-0.2,-1.67,457690.0,5434428.3,220.0
8230,2017-12-05,12.08,12.16,11.96,11.99,-0.13,-1.07,406186.0,4880402.2,163.0
8230,2017-12-04,12.08,12.22,12.06,12.12,0.07,0.58,660580.0,8020235.6,310.0
8230,2017-12-03,12.04,12.1,12.0,12.05,0.06,0.5,230156.0,2773773.0,97.0
8230,2017-11-30,12.08,12.08,11.92,11.99,-0.01,-0.08,185296.0,2220819.1,113.0
8230,2017-11-29,12.08,12.12,11.98,12.0,-0.06,-0.5,364030.0,4381862.4,173.0
8230,2017-11-28,12.04,12.12,12.0,12.06,-0.01,-0.08,357826.0,4312924.7,180.0
8230,2017-11-27,12.3,12.4,12.0,12.07,-0.13,-1.07,729080.0,8879451.4,325.0
8230,2017-11-26,12.1,12.3,12.1,12.2,0.07,0.58,837100.0,10255696.7,247.0
8230,2017-11-23,11.96,12.16,11.96,12.13,0.2,1.68,621860.0,7523889.4,290.0
8230,2017-11-22,11.72,12.0,11.72,11.93,0.06,0.51,201436.0,2403504.2,156.0
8230,2017-11-21,11.96,12.16,11.82,11.87,0.07,0.59,1265456.0,15234812.4,688.0
8230,2017-11-20,11.86,12.0,11.7,11.8,-0.12,-1.01,112166.0,1332987.0,93.0
8230,2017-11-19,12.06,12.16,11.9,11.92,-0.2,-1.65,267690.0,3221391.3,153.0
8230,2017-11-16,12.0,12.2,11.96,12.12,0.12,1.0,874856.0,10576899.3,357.0
8230,2017-11-15,11.88,12.2,11.82,12.0,0.18,1.52,638680.0,7659595.2,327.0
8230,2017-11-14,11.66,11.92,11.66,11.82,0.06,0.51,799310.0,9428608.3,201.0
8230,2017-11-13,11.8,11.88,11.62,11.76,-0.02,-0.17,302886.0,3558545.7,145.0
8230,2017-11-12,11.84,11.9,11.74,11.78,-0.05,-0.42,335496.0,3965601.1,151.0
8230,2017-11-09,11.8,11.92,11.62,11.83,0.01,0.08,506426.0,5968871.8,192.0
8230,2017-11-08,12.0,12.0,11.76,11.82,-0.14,-1.17,836990.0,9884710.4,215.0
8230,2017-11-07,12.0,12.06,11.5,11.96,-0.1,-0.83,2585946.0,30382302.1,654.0
8230,2017-11-06,12.26,12.26,11.94,12.06,-0.17,-1.39,1811266.0,21809635.7,506.0
8230,2017-11-05,12.1,12.4,12.02,12.23,-0.16,-1.29,1395000.0,17026644.2,420.0
8230,2017-11-02,12.1,12.42,12.1,12.39,0.25,2.06,1259280.0,15491132.2,617.0
8230,2017-11-01,12.06,12.28,11.96,12.14,0.09,0.75,662000.0,8056777.8,505.0
8230,2017-10-31,12.2,12.2,11.98,12.05,-0.22,-1.79,432536.0,5216810.2,351.0
8230,2017-10-30,12.4,12.5,12.2,12.27,0.29,2.42,2707916.0,33486365.5,1032.0
8230,2017-10-29,11.98,12.0,11.9,11.98,0.04,0.34,360980.0,4319696.9,207.0
8230,2017-10-26,12.06,12.1,11.9,11.94,-0.08,-0.67,346490.0,4147937.0,198.0
8230,2017-10-25,11.86,12.26,11.66,12.02,0.18,1.52,1011870.0,12143386.3,677.0
8230,2017-10-24,12.12,12.14,11.8,11.84,-0.43,-3.5,1567750.0,18765642.0,889.0
8230,2017-10-23,11.7,12.44,11.08,12.27,0.48,4.07,3379930.0,39488739.8,1160.0
8230,2017-10-22,11.82,12.08,11.72,11.79,-0.15,-1.26,914080.0,10907105.6,307.0
8230,2017-10-19,11.74,12.06,11.74,11.94,-0.2,-1.65,726220.0,8667139.5,418.0
8230,2017-10-18,12.26,12.32,12.1,12.14,-0.03,-0.25,1095896.0,13390288.4,562.0
8230,2017-10-17,12.2,12.36,12.16,12.17,-0.06,-0.49,545006.0,6672811.8,323.0
8230,2017-10-16,12.44,12.66,12.12,12.23,-0.15,-1.21,1941806.0,24042481.3,873.0
8230,2017-10-15,12.2,12.58,12.2,12.38,0.32,2.65,1428596.0,17667005.5,607.0
8230,2017-10-12,11.4,12.14,11.4,12.06,0.44,3.79,2468270.0,29012552.9,760.0
8230,2017-10-11,12.02,12.02,11.4,11.62,-0.39,-3.25,2009736.0,23452509.7,640.0
8230,2017-10-10,12.5,12.52,12.0,12.01,-0.4,-3.22,1299406.0,15828791.3,781.0
8230,2017-10-09,12.1,12.52,12.0,12.41,0.3,2.48,1396020.0,17260043.6,835.0
8230,2017-10-08,12.38,12.64,12.06,12.11,-0.21,-1.7,1736326.0,21557172.1,883.0
8230,2017-10-05,11.72,12.56,11.72,12.32,0.64,5.48,3221946.0,39475276.2,1272.0
8230,2017-10-04,11.34,11.96,11.34,11.68,0.36,3.18,2083606.0,24326474.3,868.0
8230,2017-10-03,11.24,11.36,11.1,11.32,0.01,0.09,516806.0,5814407.2,246.0
8230,2017-10-02,11.46,11.46,11.28,11.31,-0.06,-0.53,454416.0,5161080.5,244.0
8230,2017-10-01,11.1,11.48,10.94,11.37,0.17,1.52,951806.0,10748109.1,565.0
8230,2017-09-28,11.48,11.5,11.12,11.2,-0.31,-2.69,2237270.0,25184986.2,1017.0
8230,2017-09-27,10.82,11.8,10.82,11.51,0.77,7.17,6376850.0,73243502.0,2014.0
8230,2017-09-26,10.7,10.78,10.68,10.74,0.03,0.28,193750.0,2075743.9,159.0
8230,2017-09-25,10.84,10.88,10.62,10.71,-0.18,-1.65,321750.0,3453210.5,254.0
8230,2017-09-21,10.74,10.9,10.66,10.89,0.15,1.4,263080.0,2851212.6,163.0
8230,2017-09-20,10.82,10.82,10.7,10.74,-0.12,-1.1,176370.0,1897357.8,128.0
8230,2017-09-19,10.92,10.94,10.86,10.86,-0.08,-0.73,386150.0,4196548.1,97.0
8230,2017-09-18,11.0,11.1,10.9,10.94,-0.07,-0.64,521330.0,5738613.8,213.0
8230,2017-09-17,10.88,11.08,10.86,11.01,0.15,1.38,643686.0,7088290.5,322.0
8230,2017-09-14,10.8,11.02,10.8,10.86,0.02,0.18,688046.0,7533742.4,285.0
8230,2017-09-13,10.84,10.86,10.82,10.84,-0.04,-0.37,89066.0,965038.4,64.0
8230,2017-09-12,10.88,10.9,10.82,10.88,-0.06,-0.55,252736.0,2745902.9,98.0
8230,2017-09-11,10.98,10.98,10.88,10.94,0.02,0.18,361520.0,3954467.9,123.0
8230,2017-09-10,10.92,10.96,10.82,10.92,0.05,0.46,408536.0,4447439.8,181.0
8230,2017-09-07,11.02,11.06,10.84,10.87,-0.12,-1.09,570406.0,6256307.4,174.0
8230,2017-09-06,10.86,11.0,10.74,10.99,0.13,1.2,644826.0,7022808.9,194.0
8230,2017-08-29,10.86,10.92,10.84,10.86,0.01,0.09,180640.0,1964511.2,110.0
8230,2017-08-28,10.78,10.9,10.76,10.85,0.06,0.56,317010.0,3435500.6,156.0
8230,2017-08-27,10.88,10.9,10.78,10.79,-0.11,-1.01,412490.0,4472045.6,229.0
8230,2017-08-24,11.0,11.0,10.9,10.9,-0.06,-0.55,199926.0,2186616.6,221.0
8230,2017-08-23,11.02,11.08,10.94,10.96,-0.02,-0.18,402886.0,4442648.4,251.0
8230,2017-08-22,10.9,11.12,10.9,10.98,0.01,0.09,824970.0,9095336.8,347.0
8230,2017-08-21,10.92,11.06,10.84,10.97,0.03,0.27,570820.0,6261380.1,263.0
8230,2017-08-20,11.0,11.02,10.92,10.94,-0.05,-0.45,489706.0,5379741.5,181.0
8230,2017-08-17,11.0,11.02,10.94,10.99,-0.01,-0.09,318310.0,3498100.0,162.0
8230,2017-08-16,10.9,11.18,10.82,11.0,0.09,0.82,1033656.0,11381103.2,404.0
8230,2017-08-15,11.18,11.3,10.88,10.91,-0.26,-2.33,1876390.0,20823302.5,550.0
8230,2017-08-14,11.16,11.24,11.14,11.17,-0.02,-0.18,354270.0,3962801.9,191.0
8230,2017-08-13,11.28,11.34,11.14,11.19,-0.01,-0.09,444466.0,4999292.4,242.0
8230,2017-08-10,11.02,11.22,11.02,11.2,-0.01,-0.09,433276.0,4840062.4,166.0
8230,2017-08-09,11.2,11.26,11.14,11.21,0.04,0.36,568700.0,6369224.3,237.0
8230,2017-08-08,11.14,11.3,11.12,11.17,0.0,0.0,825796.0,9250767.8,316.0
8230,2017-08-07,11.1,11.24,11.1,11.17,0.03,0.27,702686.0,7851561.6,278.0
8230,2017-08-06,11.2,11.28,11.0,11.14,-0.01,-0.09,621330.0,6935269.7,297.0
8230,2017-08-03,11.14,11.28,10.82,11.15,-0.06,-0.54,983530.0,10955176.1,502.0
8230,2017-08-02,11.3,11.4,11.02,11.21,-0.09,-0.8,1213330.0,13617554.1,608.0
8230,2017-08-01,10.8,11.34,10.72,11.3,0.55,5.12,3033136.0,33748580.4,1065.0
8230,2017-07-31,10.9,10.92,10.7,10.75,-0.23,-2.09,1583790.0,17107988.6,568.0
8230,2017-07-30,11.26,11.28,10.9,10.98,-0.23,-2.05,2042546.0,22698157.4,835.0
8230,2017-07-27,11.26,11.28,11.14,11.21,0.0,0.0,638256.0,7148664.3,270.0
8230,2017-07-26,11.4,11.4,11.2,11.21,-0.09,-0.8,1029066.0,11591662.1,499.0
8230,2017-07-25,11.3,11.5,11.2,11.3,0.02,0.18,1274080.0,14453538.6,475.0
8230,2017-07-24,11.34,11.38,11.14,11.28,-0.04,-0.35,995876.0,11187401.3,381.0
8230,2017-07-23,11.52,11.58,11.3,11.32,-0.05,-0.44,1306446.0,14980373.8,525.0
8230,2017-07-20,11.12,11.58,11.1,11.37,0.22,1.97,3499120.0,39854154.8,1180.0
8230,2017-07-19,11.24,11.26,11.0,11.15,0.06,0.54,1509606.0,16829697.4,597.0
8230,2017-07-18,11.08,11.6,11.0,11.09,0.08,0.73,4398936.0,49752360.4,1813.0
8230,2017-07-17,11.06,11.14,10.94,11.01,0.01,0.09,951350.0,10486727.6,359.0
8230,2017-07-16,11.0,11.1,10.98,11.0,0.01,0.09,576440.0,6359631.6,231.0
8230,2017-07-13,11.0,11.08,10.86,10.99,0.02,0.18,630640.0,6926722.8,293.0
8230,2017-07-12,11.08,11.12,10.92,10.97,-0.04,-0.36,1154930.0,12730328.5,465.0
8230,2017-07-11,10.88,11.24,10.88,11.01,0.23,2.13,2200936.0,24335623.8,850.0
8230,2017-07-10,10.58,10.88,10.58,10.78,0.15,1.41,1605460.0,17314952.6,756.0
8230,2017-07-09,10.54,10.76,10.54,10.63,0.25,2.41,1475736.0,15677064.3,624.0
8230,2017-07-06,10.36,10.52,10.34,10.38,-0.1,-0.95,675180.0,7019485.4,265.0
8230,2017-07-05,10.6,10.66,10.44,10.48,-0.06,-0.57,563766.0,5942256.7,357.0
8230,2017-07-04,10.52,10.86,10.52,10.54,0.02,0.19,1408270.0,15080522.7,795.0
8230,2017-07-03,10.5,10.64,10.4,10.52,0.1,0.96,1217710.0,12796414.5,440.0
8230,2017-07-02,10.2,10.6,10.2,10.42,0.22,2.16,2192096.0,22801875.1,685.0
8230,2017-06-22,10.08,10.54,10.06,10.2,0.13,1.29,3161300.0,32416785.0,1027.0
8230,2017-06-21,10.06,10.4,9.94,10.07,0.07,0.7,3064766.0,31078865.95,929.0
8230,2017-06-20,10.38,10.46,9.94,10.0,-0.32,-3.1,1318616.0,13379774.45,415.0
8230,2017-06-19,10.46,10.6,10.3,10.32,-0.09,-0.86,1176776.0,12310843.9,418.0
8230,2017-06-18,10.4,10.5,10.28,10.41,0.01,0.1,911510.0,9473936.9,352.0
8230,2017-06-15,10.36,10.66,10.32,10.4,0.05,0.48,1836570.0,19261580.2,842.0
8230,2017-06-14,9.9,10.8,9.84,10.35,0.52,5.29,4200476.0,43884215.25,1197.0
8230,2017-06-13,9.6,9.96,9.6,9.83,0.11,1.13,435796.0,4276047.35,224.0
8230,2017-06-12,9.8,9.8,9.6,9.72,0.02,0.21,291060.0,2821468.05,171.0
8230,2017-06-11,10.06,10.26,9.62,9.7,-0.31,-3.1,929226.0,9177744.05,515.0
8230,2017-06-08,10.3,10.32,10.0,10.01,-0.26,-2.53,912940.0,9263454.4,419.0
8230,2017-06-07,9.86,10.5,9.86,10.27,0.41,4.16,4215856.0,43185469.8,1681.0
8230,2017-06-06,9.58,9.89,9.52,9.86,0.27,2.82,2417756.0,23680968.65,890.0
8230,2017-06-05,9.65,9.65,9.5,9.59,-0.05,-0.52,283906.0,2723292.75,126.0
8230,2017-06-04,9.6,9.66,9.56,9.64,0.03,0.31,286790.0,2757583.65,129.0
8230,2017-06-01,9.64,9.7,9.54,9.61,-0.07,-0.72,371390.0,3571809.0,224.0
8230,2017-05-31,9.64,9.86,9.64,9.68,0.1,1.04,1874206.0,18208880.9,683.0
8230,2017-05-30,9.36,9.6,9.36,9.58,0.25,2.68,513886.0,4891644.8,219.0
8230,2017-05-29,9.24,9.36,9.18,9.33,0.12,1.3,639816.0,5923735.5,323.0
8230,2017-05-28,9.4,9.4,9.06,9.21,-0.23,-2.44,396100.0,3638267.5,175.0
8230,2017-05-25,9.6,9.6,9.42,9.44,-0.09,-0.94,406630.0,3886529.3,187.0
8230,2017-05-24,9.62,9.68,9.5,9.53,-0.05,-0.52,519990.0,4999691.1,186.0
8230,2017-05-23,9.68,9.68,9.42,9.58,-0.15,-1.54,1044220.0,9991513.3,443.0
8230,2017-05-22,9.78,9.84,9.72,9.73,-0.09,-0.92,306906.0,2997522.3,159.0
8230,2017-05-21,9.88,9.88,9.76,9.82,0.03,0.31,497236.0,4880909.5,214.0
8230,2017-05-18,9.84,9.86,9.78,9.79,-0.09,-0.91,639980.0,6282047.3,439.0
8230,2017-05-17,9.86,9.98,9.8,9.88,0.05,0.51,1586220.0,15647389.7,555.0
8230,2017-05-16,9.82,9.94,9.72,9.83,0.01,0.1,1913276.0,18859265.3,699.0
8230,2017-05-15,9.56,9.94,9.56,9.82,0.19,1.97,2330136.0,22795804.8,936.0
8230,2017-05-14,10.1,10.35,9.6,9.63,-0.34,-3.41,4092130.0,40440209.55,1525.0
8230,2017-05-11,10.0,10.05,9.9,9.97,-0.11,-1.09,1244666.0,12409424.05,508.0
8230,2017-05-10,9.96,10.15,9.82,10.08,0.11,1.1,1194156.0,11933997.8,614.0
8230,2017-05-09,10.2,10.25,9.94,9.97,-0.18,-1.77,1360816.0,13655768.2,580.0
8230,2017-05-08,9.84,10.2,9.8,10.15,0.3,3.05,2320200.0,23165610.7,1015.0
8230,2017-05-07,9.72,9.94,9.56,9.85,0.0,0.0,1876610.0,18346765.5,944.0
8230,2017-05-04,10.15,10.2,9.74,9.85,-0.18,-1.79,1812030.0,17955965.9,976.0
8230,2017-05-03,9.82,10.45,9.82,10.03,0.22,2.24,3862920.0,39266381.85,1345.0
8230,2017-05-02,9.96,10.05,9.8,9.81,-0.11,-1.11,1759960.0,17445714.45,833.0
8230,2017-05-01,9.42,10.2,9.4,9.92,0.52,5.53,7683946.0,76062931.75,2379.0
8230,2017-04-30,9.52,9.6,9.38,9.4,-0.1,-1.05,1683496.0,16002867.2,571.0
8230,2017-04-27,8.98,9.7,8.98,9.5,0.49,5.44,2773256.0,25961254.2,1168.0
8230,2017-04-26,8.92,9.16,8.9,9.01,0.05,0.56,1119336.0,10093482.3,427.0
8230,2017-04-25,9.14,9.14,8.92,8.96,-0.13,-1.43,796370.0,7173982.0,418.0
8230,2017-04-24,8.7,9.16,8.7,9.09,0.39,4.48,2600806.0,23239933.8,1145.0
8230,2017-04-23,8.8,8.96,8.66,8.7,0.16,1.87,1040236.0,9087416.8,361.0
8230,2017-04-20,8.9,8.9,8.52,8.54,-0.39,-4.37,1401500.0,12198223.5,462.0
8230,2017-04-19,9.08,9.18,8.92,8.93,-0.17,-1.87,1405316.0,12696610.5,555.0
8230,2017-04-18,8.84,9.2,8.84,9.1,0.27,3.06,2468850.0,22336004.3,1138.0
8230,2017-04-17,8.96,9.02,8.8,8.83,-0.07,-0.79,948376.0,8436756.6,436.0
8230,2017-04-16,9.24,9.24,8.82,8.9,-0.39,-4.2,2118120.0,18927457.4,744.0
8230,2017-04-13,9.32,9.36,9.24,9.29,-0.07,-0.75,740870.0,6879877.7,237.0
8230,2017-04-12,9.4,9.44,9.32,9.36,0.01,0.11,516380.0,4841908.0,231.0
8230,2017-04-11,9.36,9.42,9.34,9.35,-0.06,-0.64,404016.0,3790328.7,185.0
8230,2017-04-10,9.42,9.48,9.4,9.41,-0.05,-0.53,436110.0,4112768.8,225.0
8230,2017-04-09,9.46,9.58,9.38,9.46,-0.05,-0.53,1373850.0,13020407.0,706.0
8230,2017-04-06,9.44,9.58,9.42,9.51,0.06,0.63,944220.0,8953641.5,433.0
8230,2017-04-05,9.4,9.46,9.26,9.45,0.09,0.96,984286.0,9227090.1,571.0
8230,2017-04-04,9.38,9.46,9.36,9.36,-0.04,-0.43,511206.0,4802925.6,189.0
8230,2017-04-03,9.44,9.44,9.38,9.4,-0.03,-0.32,319156.0,3004029.2,147.0
8230,2017-04-02,9.46,9.52,9.38,9.43,-0.03,-0.32,741760.0,7000003.9,307.0
8230,2017-03-30,9.54,9.54,9.44,9.46,-0.01,-0.11,888916.0,8425553.2,430.0
8230,2017-03-29,9.42,9.48,9.32,9.47,0.09,0.96,1634590.0,15361770.0,596.0
8230,2017-03-28,9.38,9.44,9.26,9.38,0.03,0.32,1019666.0,9534513.2,450.0
8230,2017-03-27,9.54,9.54,9.3,9.35,-0.18,-1.89,1794930.0,16865963.5,837.0
8230,2017-03-26,9.5,9.9,9.46,9.53,0.16,1.71,4889930.0,47530585.7,2344.0
8230,2017-03-23,9.16,9.44,9.16,9.37,0.23,2.52,1329196.0,12405962.6,674.0
8230,2017-03-22,9.52,9.54,9.1,9.14,-0.48,-4.99,2228976.0,20921447.1,768.0
8230,2017-03-21,9.64,9.8,9.56,9.62,0.06,0.63,2348890.0,22723445.6,719.0
8230,2017-03-20,9.4,9.68,9.32,9.56,0.18,1.92,2179920.0,20800408.9,792.0
8230,2017-03-19,9.2,9.42,9.2,9.38,0.21,2.29,1160476.0,10823957.1,514.0
8230,2017-03-16,8.98,9.2,8.88,9.17,0.28,3.15,1809920.0,16380498.7,663.0
8230,2017-03-15,8.86,8.98,8.8,8.89,0.08,0.91,1276916.0,11387766.4,513.0
8230,2017-03-14,8.46,8.88,8.42,8.81,0.26,3.04,1903976.0,16456348.8,847.0
8230,2017-03-13,9.0,9.08,8.46,8.55,-0.29,-3.28,2504946.0,22172972.7,814.0
8230,2017-03-12,8.72,9.0,8.7,8.84,0.11,1.26,2288666.0,20270380.3,870.0
8230,2017-03-09,8.62,8.8,8.58,8.73,-0.15,-1.69,3656510.0,31728181.1,1317.0
8230,2017-03-08,9.08,9.08,8.86,8.88,-0.17,-1.88,2616676.0,23508174.4,737.0
8230,2017-03-07,9.28,9.32,9.02,9.05,-0.18,-1.95,2033240.0,18626967.0,1021.0
8230,2017-03-06,9.04,9.42,8.98,9.23,0.17,1.88,3683690.0,33915353.9,1710.0
8230,2017-03-05,9.4,9.5,9.04,9.06,-0.42,-4.43,2439980.0,22528438.2,967.0
8230,2017-03-02,9.6,9.64,9.44,9.48,-0.09,-0.94,2410910.0,23024702.1,864.0
8230,2017-03-01,9.5,9.7,9.46,9.57,0.07,0.74,3493406.0,33534419.3,1367.0
8230,2017-02-28,9.26,9.74,9.1,9.5,0.22,2.37,7782010.0,73443288.9,2972.0
8230,2017-02-27,10.3,10.35,9.22,9.28,-0.93,-9.11,6953800.0,67851548.75,2943.0
8230,2017-02-26,10.4,10.45,10.0,10.21,-0.08,-0.78,5614600.0,57597048.0,2156.0
8230,2017-02-23,10.0,10.6,9.92,10.29,0.49,5.0,15579110.0,159394581.85,4633.0
8230,2017-02-22,9.32,9.86,9.24,9.8,0.48,5.15,5383356.0,51982054.3,1710.0
8230,2017-02-21,9.42,9.56,9.2,9.32,-0.04,-0.43,1579990.0,14773352.3,818.0
8230,2017-02-20,9.48,9.72,9.3,9.36,-0.01,-0.11,4614636.0,43965053.3,1492.0
8230,2017-02-19,9.0,9.58,9.0,9.37,0.36,4.0,3958100.0,37141697.7,1339.0
8230,2017-02-16,8.7,9.18,8.7,9.01,0.37,4.28,6136406.0,55156344.0,1679.0
8230,2017-02-15,8.52,8.74,8.52,8.64,0.14,1.65,1357490.0,11743213.1,532.0
8230,2017-02-14,8.6,8.6,8.5,8.5,-0.07,-0.82,444126.0,3790893.3,243.0
8230,2017-02-13,8.78,8.78,8.56,8.57,-0.18,-2.06,1607770.0,13912300.0,650.0
8230,2017-02-12,8.34,9.0,8.34,8.75,0.43,5.17,4221020.0,36872062.7,1255.0
8230,2017-02-09,8.4,8.46,8.3,8.32,0.0,0.0,397080.0,3325325.5,198.0
8230,2017-02-08,8.52,8.54,8.3,8.32,-0.18,-2.12,892440.0,7518012.8,334.0
8230,2017-02-07,8.54,8.72,8.46,8.5,-0.05,-0.58,1309946.0,11294120.8,500.0
8230,2017-02-06,8.56,8.58,8.36,8.55,-0.02,-0.23,851276.0,7222650.1,426.0
8230,2017-02-05,8.6,8.72,8.56,8.57,-0.03,-0.35,1456956.0,12613212.2,522.0
8230,2017-02-02,8.48,8.62,8.46,8.6,0.12,1.42,2115346.0,18103570.8,554.0
8230,2017-02-01,8.5,8.54,8.44,8.48,0.03,0.36,631436.0,5360390.6,266.0
8230,2017-01-31,8.5,8.58,8.4,8.45,0.0,0.0,2069750.0,17551383.2,532.0
8230,2017-01-30,8.44,8.52,8.32,8.45,0.03,0.36,1333280.0,11216925.1,452.0
8230,2017-01-29,8.46,8.58,8.32,8.42,0.0,0.0,1522766.0,12828827.3,605.0
8230,2017-01-26,8.54,8.64,8.32,8.42,-0.17,-1.98,2281106.0,19287124.4,688.0
8230,2017-01-25,8.78,8.8,8.56,8.59,-0.12,-1.38,1458806.0,12607433.7,590.0
8230,2017-01-24,8.56,8.74,8.56,8.71,0.2,2.35,3338966.0,28956674.2,912.0
8230,2017-01-23,8.5,8.6,8.44,8.51,0.1,1.19,2215786.0,18851232.8,736.0
8230,2017-01-22,8.16,8.6,8.08,8.41,0.36,4.47,4292666.0,36152286.6,1167.0
8230,2017-01-19,7.86,8.18,7.64,8.05,0.23,2.94,8446650.0,67098186.7,1807.0
8230,2017-01-18,7.44,8.0,7.42,7.82,0.43,5.82,9896540.0,76870690.6,2154.0
8230,2017-01-17,7.44,7.46,7.2,7.39,-0.03,-0.4,1581766.0,11607103.8,512.0
8230,2017-01-16,7.48,7.48,7.34,7.42,-0.01,-0.13,1158100.0,8578073.5,380.0
8230,2017-01-15,7.34,7.5,7.32,7.43,0.13,1.78,1182780.0,8758234.2,475.0
8230,2017-01-12,7.22,7.5,7.12,7.3,0.15,2.1,3682226.0,26901225.2,995.0
8230,2017-01-11,7.38,7.46,7.12,7.15,-0.26,-3.51,1515960.0,11097057.9,482.0
8230,2017-01-10,7.54,7.54,7.38,7.41,-0.13,-1.72,1070826.0,7972355.0,440.0
8230,2017-01-09,7.68,7.7,7.36,7.54,-0.09,-1.18,1941670.0,14532105.7,691.0
8230,2017-01-08,7.66,7.8,7.6,7.63,0.03,0.39,2233010.0,17180941.6,696.0
8230,2017-01-05,7.6,7.66,7.54,7.6,0.03,0.4,1309920.0,9950216.7,502.0
8230,2017-01-04,7.58,7.74,7.5,7.57,0.0,0.0,2960326.0,22596236.0,826.0
8230,2017-01-03,7.4,7.66,7.38,7.57,0.11,1.47,3179706.0,24009153.1,941.0
8230,2017-01-02,7.7,7.7,7.44,7.46,-0.25,-3.24,4143750.0,31375731.5,1077.0
8230,2017-01-01,7.74,7.86,7.7,7.71,-0.01,-0.13,2361966.0,18338943.6,643.0
8230,2016-12-29,7.72,7.94,7.66,7.72,0.01,0.13,3513970.0,27353176.5,1130.0
8230,2016-12-28,7.8,7.9,7.7,7.71,-0.04,-0.52,3789880.0,29643539.6,922.0
8230,2016-12-27,7.62,7.8,7.58,7.75,0.1,1.31,4263396.0,32738180.9,1058.0
8230,2016-12-26,7.64,7.76,7.52,7.65,0.05,0.66,4017190.0,30824358.1,1075.0
8230,2016-12-25,7.62,7.8,7.54,7.6,0.09,1.2,6809246.0,52287430.8,1388.0
8230,2016-12-22,7.6,7.72,7.5,7.51,-0.1,-1.31,5285106.0,40277204.9,1709.0
8230,2016-12-21,7.68,7.9,7.54,7.61,-0.01,-0.13,10437286.0,80803865.1,3069.0
8230,2016-12-20,7.46,8.02,7.26,7.62,0.18,2.42,13754036.0,105760028.4,3619.0
8230,2016-12-19,7.3,7.68,7.14,7.44,0.06,0.81,13854520.0,102490405.0,3577.0
8230,2016-12-18,6.9,7.5,6.86,7.38,0.55,8.05,9719946.0,70974884.3,1459.0
8230,2016-12-15,6.62,6.94,6.6,6.83,0.22,3.33,2172166.0,14703871.2,686.0
8230,2016-12-14,6.82,6.84,6.58,6.61,-0.16,-2.36,1638060.0,10897500.6,545.0
8230,2016-12-13,7.0,7.0,6.74,6.77,-0.23,-3.29,2064120.0,14087675.4,658.0
8230,2016-12-12,7.2,7.28,6.98,7.0,-0.14,-1.96,3034650.0,21460014.6,853.0
8230,2016-12-11,7.06,7.2,7.02,7.14,0.17,2.44,2511740.0,17905149.1,765.0
8230,2016-12-08,6.96,7.16,6.78,6.97,0.09,1.31,4630750.0,32312924.1,1278.0
8230,2016-12-07,6.6,7.16,6.58,6.88,0.29,4.4,7476286.0,51782728.5,2074.0
8230,2016-12-06,6.58,6.72,6.54,6.59,0.07,1.07,3689560.0,24445280.6,1159.0
8230,2016-12-05,6.52,6.62,6.46,6.52,0.04,0.62,2226646.0,14581704.4,735.0
8230,2016-12-04,6.52,6.6,6.4,6.48,-0.04,-0.61,2349560.0,15317804.4,632.0
8230,2016-12-01,6.62,6.74,6.5,6.52,-0.02,-0.31,3009146.0,19882008.5,846.0
8230,2016-11-30,6.52,6.76,6.46,6.54,0.14,2.19,4464076.0,29394077.7,1290.0
8230,2016-11-29,6.16,6.7,6.16,6.4,0.24,3.9,6459526.0,41891396.5,1835.0
8230,2016-11-28,6.08,6.2,6.04,6.16,0.08,1.32,2338690.0,14284024.4,526.0
8230,2016-11-27,5.96,6.2,5.96,6.08,0.13,2.18,2732570.0,16708225.7,862.0
8230,2016-11-24,6.16,6.2,5.9,5.95,-0.19,-3.09,2869016.0,17366037.3,857.0
8230,2016-11-23,6.26,6.32,6.12,6.14,-0.06,-0.97,3426116.0,21359735.5,1052.0
8230,2016-11-22,6.0,6.46,5.9,6.2,0.25,4.2,11293160.0,69684807.2,2563.0
8230,2016-11-21,6.08,6.24,5.9,5.95,0.05,0.85,9696736.0,58678132.0,2654.0
8230,2016-11-20,5.42,5.9,5.4,5.9,0.52,9.67,4095420.0,23731804.8,852.0
8230,2016-11-17,5.22,5.48,5.14,5.38,0.21,4.06,5721490.0,30692468.0,1084.0
8230,2016-11-16,5.1,5.28,5.06,5.17,0.11,2.17,2468116.0,12764363.2,540.0
8230,2016-11-15,5.08,5.16,4.89,5.06,-0.1,-1.94,3492670.0,17690623.05,869.0
8230,2016-11-14,5.22,5.32,5.12,5.16,-0.08,-1.53,2291680.0,12003081.8,507.0
8230,2016-11-13,5.1,5.26,5.1,5.24,0.13,2.54,2837916.0,14701474.9,613.0
8230,2016-11-10,5.12,5.16,5.08,5.11,0.03,0.59,1363086.0,6988202.5,418.0
8230,2016-11-09,5.0,5.12,4.88,5.08,-0.04,-0.78,1361756.0,6868429.0,446.0
8230,2016-11-08,5.12,5.18,5.1,5.12,0.0,0.0,1387956.0,7139555.5,376.0
8230,2016-11-07,5.22,5.24,5.1,5.12,-0.06,-1.16,2602066.0,13392151.7,638.0
8230,2016-11-06,5.04,5.28,5.0,5.18,0.15,2.98,2705586.0,14000593.8,785.0
8230,2016-11-03,5.08,5.24,5.0,5.03,-0.05,-0.98,4484680.0,23049963.5,1200.0
8230,2016-11-02,4.74,5.18,4.74,5.08,0.24,4.96,6899430.0,34681800.05,1641.0
8230,2016-11-01,4.88,4.94,4.82,4.84,-0.06,-1.22,1223870.0,5957579.65,405.0
8230,2016-10-31,4.71,5.0,4.63,4.9,0.2,4.26,5094660.0,24702291.8,1111.0
8230,2016-10-30,4.68,4.73,4.67,4.7,-0.02,-0.42,1066490.0,5010203.5,222.0
8230,2016-10-27,4.73,4.82,4.7,4.72,-0.04,-0.84,1452290.0,6917863.7,329.0
8230,2016-10-26,4.82,4.86,4.73,4.76,-0.11,-2.26,1721236.0,8254008.25,504.0
8230,2016-10-25,4.88,5.0,4.86,4.87,-0.06,-1.22,1529596.0,7515213.1,583.0
8230,2016-10-24,4.99,5.16,4.86,4.93,-0.01,-0.2,5119436.0,25549861.15,1313.0
8230,2016-10-23,4.54,4.95,4.54,4.94,0.43,9.53,5392326.0,25689585.55,969.0
8230,2016-10-20,4.18,4.51,4.18,4.51,0.4,9.73,5193546.0,22772314.2,1009.0
8230,2016-10-19,3.92,4.15,3.88,4.11,0.24,6.2,1514250.0,6089214.35,271.0
8230,2016-10-18,4.07,4.13,3.84,3.87,-0.2,-4.91,1174120.0,4720575.05,295.0
8230,2016-10-17,4.07,4.08,3.96,4.07,0.01,0.25,559120.0,2256171.2,187.0
8230,2016-10-16,4.02,4.17,3.98,4.06,0.04,1.0,1216200.0,4930273.4,326.0
8230,2016-10-13,4.06,4.13,3.98,4.02,-0.01,-0.25,1788580.0,7276966.75,423.0
8230,2016-10-12,4.0,4.06,4.0,4.03,0.03,0.75,1091070.0,4384933.6,284.0
8230,2016-10-11,3.91,4.06,3.91,4.0,0.1,2.56,1046020.0,4187887.1,294.0
8230,2016-10-10,3.84,3.93,3.84,3.9,0.04,1.04,595956.0,2325277.05,149.0
8230,2016-10-09,3.97,3.99,3.84,3.86,-0.1,-2.53,981860.0,3844801.75,250.0
8230,2016-10-06,3.94,4.03,3.92,3.96,0.03,0.76,2863856.0,11386149.85,538.0
8230,2016-10-05,3.95,3.95,3.84,3.93,-0.03,-0.76,2787670.0,10889615.7,456.0
8230,2016-10-04,3.75,3.98,3.7,3.96,0.29,7.9,1842010.0,7003872.6,336.0
8230,2016-10-03,3.66,3.74,3.57,3.67,0.08,2.23,1450846.0,5309732.1,338.0
8230,2016-10-02,3.92,3.96,3.59,3.59,-0.24,-6.27,1452230.0,5507367.1,328.0
8230,2016-09-29,3.52,3.87,3.52,3.83,0.15,4.08,2122666.0,7954326.4,437.0
8230,2016-09-28,3.98,4.06,3.6,3.68,-0.29,-7.3,2121410.0,8235260.35,497.0
8230,2016-09-27,4.14,4.14,3.94,3.97,-0.24,-5.7,1557660.0,6263259.7,402.0
8230,2016-09-26,4.15,4.3,4.15,4.21,0.11,2.68,2022060.0,8567369.0,563.0
8230,2016-09-25,4.12,4.2,4.04,4.1,-0.06,-1.44,511556.0,2095002.0,157.0
8230,2016-09-21,4.19,4.22,4.13,4.16,0.06,1.46,532516.0,2218732.9,116.0
8230,2016-09-20,4.09,4.19,4.0,4.1,-0.01,-0.24,657906.0,2680573.8,203.0
8230,2016-09-19,4.27,4.3,3.95,4.11,-0.17,-3.97,1036860.0,4244345.1,293.0
8230,2016-09-18,4.32,4.32,4.25,4.28,-0.03,-0.7,495966.0,2126092.9,144.0
8230,2016-09-08,4.3,4.34,4.28,4.31,0.02,0.47,568686.0,2455014.3,155.0
8230,2016-09-07,4.34,4.38,4.28,4.29,-0.04,-0.92,672386.0,2898599.45,198.0
8230,2016-09-06,4.38,4.43,4.32,4.33,-0.05,-1.14,1103106.0,4820732.65,262.0
8230,2016-09-05,4.28,4.46,4.26,4.38,0.11,2.58,3088730.0,13508043.3,604.0
8230,2016-09-04,4.14,4.3,4.14,4.27,0.16,3.89,1096200.0,4666680.75,422.0
8230,2016-09-01,4.25,4.25,4.06,4.11,-0.18,-4.2,1105920.0,4563476.3,325.0
8230,2016-08-31,4.33,4.39,4.25,4.29,-0.05,-1.15,1340176.0,5811095.35,368.0
8230,2016-08-30,4.28,4.42,4.28,4.34,0.0,0.0,2966836.0,12989885.8,632.0
8230,2016-08-29,4.34,4.41,4.28,4.34,0.02,0.46,2633606.0,11423503.05,691.0
8230,2016-08-28,4.18,4.45,4.18,4.32,0.14,3.35,5528070.0,24160629.25,1292.0
8230,2016-08-25,3.85,4.21,3.76,4.18,0.3,7.73,6570020.0,26673417.4,1320.0
8230,2016-08-24,4.14,4.15,3.85,3.88,-0.24,-5.83,2181426.0,8772461.55,493.0
8230,2016-08-23,4.12,4.16,4.08,4.12,0.0,0.0,1328620.0,5475113.0,365.0
8230,2016-08-22,4.3,4.3,4.08,4.12,-0.21,-4.85,2871280.0,12070307.0,555.0
8230,2016-08-21,4.38,4.4,4.32,4.33,-0.01,-0.23,1411370.0,6146983.9,317.0
8230,2016-08-18,4.41,4.44,4.22,4.34,-0.04,-0.91,2111436.0,9111285.6,487.0
8230,2016-08-17,4.58,4.59,4.19,4.38,-0.19,-4.16,3447706.0,15361202.7,840.0
8230,2016-08-16,4.66,4.67,4.55,4.57,-0.1,-2.14,2467356.0,11371560.8,520.0
8230,2016-08-15,4.7,4.72,4.64,4.67,0.0,0.0,3298546.0,15467062.7,550.0
8230,2016-08-14,4.57,4.7,4.56,4.67,0.14,3.09,5919630.0,27484822.95,977.0
8230,2016-08-11,4.48,4.56,4.47,4.53,0.04,0.89,2270590.0,10278896.35,475.0
8230,2016-08-10,4.5,4.5,4.47,4.49,-0.01,-0.22,1111796.0,4985784.35,259.0
8230,2016-08-09,4.46,4.54,4.46,4.5,0.06,1.35,2108660.0,9483226.45,437.0
8230,2016-08-08,4.47,4.47,4.44,4.44,-0.02,-0.45,904610.0,4030074.6,218.0
8230,2016-08-07,4.48,4.49,4.44,4.46,0.01,0.22,1453286.0,6482958.65,302.0
8230,2016-08-04,4.53,4.55,4.43,4.45,-0.05,-1.11,1699916.0,7604747.75,376.0
8230,2016-08-03,4.51,4.54,4.46,4.5,-0.03,-0.66,1811486.0,8161232.7,388.0
8230,2016-08-02,4.66,4.66,4.5,4.53,-0.12,-2.58,3037176.0,13810206.65,590.0
8230,2016-08-01,4.67,4.69,4.63,4.65,0.03,0.65,1873546.0,8734517.9,337.0
8230,2016-07-31,4.6,4.69,4.48,4.62,0.04,0.87,3089056.0,14205260.45,645.0
8230,2016-07-28,4.63,4.66,4.55,4.58,-0.04,-0.87,2055386.0,9438985.0,399.0
8230,2016-07-27,4.62,4.63,4.58,4.62,-0.02,-0.43,1347920.0,6207972.55,258.0
8230,2016-07-26,4.65,4.69,4.61,4.64,-0.02,-0.43,2331326.0,10834072.6,462.0
8230,2016-07-25,4.65,4.75,4.64,4.66,0.15,3.33,10101830.0,47382335.1,1565.0
8230,2016-07-24,4.58,4.6,4.48,4.51,-0.09,-1.96,1608756.0,7302236.2,390.0
8230,2016-07-21,4.6,4.7,4.59,4.6,0.0,0.0,2703450.0,12546848.95,555.0
8230,2016-07-20,4.65,4.68,4.58,4.6,-0.07,-1.5,1884516.0,8738136.8,393.0
8230,2016-07-19,4.7,4.71,4.64,4.67,-0.02,-0.43,2504036.0,11746168.05,492.0
8230,2016-07-18,4.72,4.75,4.68,4.69,-0.02,-0.42,3923780.0,18473911.1,565.0
8230,2016-07-17,4.67,4.74,4.66,4.71,0.05,1.07,4377930.0,20601386.8,653.0
8230,2016-07-14,4.73,4.74,4.64,4.66,-0.04,-0.85,6494126.0,30414809.15,899.0
8230,2016-07-13,4.66,4.77,4.62,4.7,0.05,1.08,5306316.0,24963576.8,1028.0
8230,2016-07-12,4.65,4.7,4.64,4.65,0.0,0.0,2311936.0,10795634.45,466.0
8230,2016-07-11,4.57,4.68,4.56,4.65,0.08,1.75,5213700.0,24040574.45,860.0
8230,2016-07-10,4.5,4.58,4.5,4.57,0.08,1.78,2984820.0,13551717.6,466.0
8230,2016-06-30,4.64,4.65,4.48,4.49,-0.12,-2.6,7501266.0,34264141.1,1307.0
8230,2016-06-29,4.51,4.65,4.48,4.61,0.11,2.44,9676610.0,44271880.4,1399.0
8230,2016-06-28,4.46,4.52,4.44,4.5,0.04,0.9,5250480.0,23487460.45,805.0
8230,2016-06-27,4.46,4.6,4.44,4.46,0.03,0.68,7458520.0,33608984.2,1245.0
8230,2016-06-26,4.27,4.44,4.27,4.43,-0.18,-3.9,11122970.0,48686513.5,1815.0
8230,2016-06-23,4.53,4.66,4.44,4.61,0.08,1.77,12814930.0,58675749.25,2186.0
8230,2016-06-22,4.61,4.64,4.51,4.53,-0.09,-1.95,6010626.0,27478448.1,1239.0
8230,2016-06-21,4.71,4.74,4.58,4.62,-0.07,-1.49,8313610.0,38714125.85,1701.0
8230,2016-06-20,4.83,5.18,4.56,4.69,-0.08,-1.68,31716596.0,153321331.95,5424.0
8230,2016-06-19,4.76,4.87,4.67,4.77,0.01,0.21,11916416.0,56907996.0,2421.0
8230,2016-06-16,5.2,5.38,4.76,4.76,-0.53,-10.02,20603706.0,102656688.1,3766.0
8230,2016-06-15,4.85,5.38,4.82,5.29,0.39,7.96,14191276.0,72319094.95,2275.0
8230,2016-06-14,4.54,4.94,4.54,4.9,0.33,7.22,10661060.0,50874015.6,1795.0
8230,2016-06-13,4.39,4.6,4.38,4.57,0.15,3.39,5986860.0,27035998.05,995.0
8230,2016-06-12,4.38,4.56,4.36,4.42,-0.02,-0.45,5282836.0,23307323.35,845.0
8230,2016-06-09,4.25,4.46,4.23,4.44,0.22,5.21,10290730.0,44984488.0,1320.0
8230,2016-06-08,4.17,4.23,4.15,4.22,0.07,1.69,3679790.0,15429190.85,479.0
8230,2016-06-07,4.14,4.19,4.13,4.15,0.02,0.48,3010366.0,12498685.05,495.0
8230,2016-06-06,3.99,4.2,3.96,4.13,0.11,2.74,5530770.0,22679292.95,776.0
8230,2016-06-05,4.12,4.13,4.0,4.02,-0.08,-1.95,2141680.0,8731053.85,355.0
8230,2016-06-02,4.11,4.13,4.1,4.1,0.01,0.24,1800776.0,7407416.7,361.0
8230,2016-06-01,4.05,4.14,4.02,4.09,0.02,0.49,2768896.0,11301476.35,481.0
8230,2016-05-31,4.06,4.08,4.0,4.07,0.05,1.24,1794446.0,7240515.3,345.0
8230,2016-05-30,4.11,4.13,4.01,4.02,-0.09,-2.19,1737436.0,7045641.55,371.0
8230,2016-05-29,4.07,4.16,4.01,4.11,-0.01,-0.24,3929410.0,16119135.2,706.0
8230,2016-05-26,4.24,4.28,4.1,4.12,-0.09,-2.14,3424470.0,14383328.1,586.0
8230,2016-05-25,4.21,4.26,4.16,4.21,0.06,1.45,5332116.0,22451662.35,779.0
8230,2016-05-24,4.1,4.2,3.98,4.15,0.0,0.0,8647550.0,35217010.85,1431.0
8230,2016-05-23,4.58,4.58,4.14,4.15,-0.45,-9.78,4744446.0,20414889.8,849.0
8230,2016-05-22,4.69,4.73,4.59,4.6,-0.07,-1.5,2063806.0,9620643.7,478.0
8230,2016-05-19,4.71,4.73,4.64,4.67,-0.05,-1.06,2766566.0,12933454.55,647.0
8230,2016-05-18,4.82,4.82,4.7,4.72,-0.06,-1.26,3646680.0,17298624.85,812.0
8230,2016-05-17,4.8,4.9,4.77,4.78,-0.01,-0.21,7516680.0,36266970.8,1308.0
8230,2016-05-16,5.16,5.18,4.76,4.79,-0.27,-5.34,19997720.0,98535151.2,3739.0
8230,2016-05-15,4.64,5.06,4.6,5.06,0.44,9.52,9086966.0,44816154.25,1169.0
8230,2016-05-12,4.58,4.67,4.58,4.62,0.01,0.22,2775040.0,12820273.7,447.0
8230,2016-05-11,4.61,4.64,4.48,4.61,0.0,0.0,5053426.0,23018677.65,790.0
8230,2016-05-10,4.76,4.77,4.58,4.61,-0.13,-2.74,4620106.0,21615240.8,784.0
8230,2016-05-09,4.59,4.77,4.56,4.74,0.19,4.18,9946660.0,46436043.35,1286.0
8230,2016-05-08,4.43,4.6,4.43,4.55,0.19,4.36,8806526.0,39810534.3,1213.0
8230,2016-05-05,4.35,4.41,4.35,4.36,0.0,0.0,2205786.0,9682424.05,323.0
8230,2016-05-04,4.41,4.43,4.3,4.36,-0.05,-1.13,2884746.0,12566648.45,404.0
8230,2016-05-03,4.5,4.51,4.38,4.41,-0.07,-1.56,2661010.0,11869100.05,461.0
8230,2016-05-02,4.44,4.5,4.42,4.48,0.06,1.36,4255276.0,18951691.05,614.0
8230,2016-05-01,4.46,4.49,4.38,4.42,-0.05,-1.12,2632140.0,11657169.95,487.0
8230,2016-04-28,4.51,4.53,4.44,4.47,-0.04,-0.89,4557450.0,20436647.4,831.0
8230,2016-04-27,4.47,4.56,4.46,4.51,0.05,1.12,7247880.0,32727409.45,1097.0
8230,2016-04-26,4.5,4.55,4.44,4.46,-0.06,-1.33,4976240.0,22347121.2,780.0
8230,2016-04-25,4.47,4.6,4.46,4.52,0.1,2.26,12305706.0,55767846.7,1717.0
8230,2016-04-24,4.33,4.46,4.31,4.42,0.1,2.31,6629706.0,29095100.75,919.0
8230,2016-04-21,4.37,4.39,4.27,4.32,-0.01,-0.23,4938326.0,21419963.85,729.0
8230,2016-04-20,4.3,4.37,4.26,4.33,0.06,1.41,5992746.0,25903519.3,982.0
8230,2016-04-19,4.24,4.28,4.18,4.27,0.11,2.64,5842856.0,24760758.1,893.0
8230,2016-04-18,4.08,4.2,3.99,4.16,0.04,0.97,2273830.0,9387766.6,479.0
8230,2016-04-17,4.22,4.24,4.1,4.12,-0.1,-2.37,2581596.0,10776208.2,466.0
8230,2016-04-14,4.23,4.23,4.16,4.22,0.0,0.0,2392280.0,10050658.2,443.0
8230,2016-04-13,4.22,4.25,4.19,4.22,0.02,0.48,3411856.0,14391691.05,568.0
8230,2016-04-12,4.16,4.23,4.16,4.2,0.05,1.2,2902050.0,12177000.25,513.0
8230,2016-04-11,4.26,4.26,4.13,4.15,-0.09,-2.12,3349960.0,14063167.65,755.0
8230,2016-04-10,4.14,4.33,4.13,4.24,0.14,3.41,8271940.0,35054317.5,1447.0
8230,2016-04-07,4.16,4.18,4.09,4.1,-0.02,-0.49,2455400.0,10143287.6,501.0
8230,2016-04-06,4.1,4.16,4.09,4.12,0.05,1.23,3959790.0,16326164.1,620.0
8230,2016-04-05,4.05,4.12,4.02,4.07,0.02,0.49,3158940.0,12891196.35,641.0
8230,2016-04-04,4.0,4.08,3.98,4.05,0.1,2.53,3010160.0,12156407.5,570.0
8230,2016-04-03,4.0,4.08,3.78,3.95,-0.14,-3.42,4003350.0,15695442.75,829.0
8230,2016-03-31,3.92,4.22,3.92,4.09,-0.26,-5.98,5191650.0,21488171.9,1040.0
8230,2016-03-30,4.25,4.43,4.21,4.35,0.11,2.59,6825210.0,29553968.95,1268.0
8230,2016-03-29,4.31,4.32,4.19,4.24,-0.07,-1.62,3644206.0,15540962.65,781.0
8230,2016-03-28,4.39,4.43,4.18,4.31,-0.04,-0.92,5172546.0,22441049.8,951.0
8230,2016-03-27,4.39,4.45,4.32,4.35,-0.04,-0.91,5146620.0,22630804.65,900.0
8230,2016-03-24,4.41,4.44,4.35,4.39,-0.07,-1.57,6311260.0,27717537.4,1124.0
8230,2016-03-23,4.44,4.52,4.41,4.46,0.02,0.45,7939340.0,35524702.2,1231.0
8230,2016-03-22,4.49,4.58,4.37,4.44,0.0,0.0,10083246.0,45261513.9,1683.0
8230,2016-03-21,4.4,4.54,4.37,4.44,0.01,0.23,11621130.0,51772671.6,1918.0
8230,2016-03-20,4.44,4.5,4.4,4.43,0.06,1.37,5714616.0,25354927.95,942.0
8230,2016-03-17,4.29,4.54,4.25,4.37,0.13,3.07,11490686.0,50506900.95,1959.0
8230,2016-03-16,4.27,4.34,4.19,4.24,0.01,0.24,7785990.0,33192572.15,1194.0
8230,2016-03-15,4.27,4.34,4.18,4.23,-0.06,-1.4,5196550.0,22165601.6,1003.0
8230,2016-03-14,4.58,4.62,4.2,4.29,-0.31,-6.74,8300946.0,37130203.95,1521.0
8230,2016-03-13,4.59,4.76,4.54,4.6,0.01,0.22,20363530.0,94679837.75,3152.0
8230,2016-03-10,4.21,4.61,4.21,4.59,0.37,8.77,15696040.0,69652392.1,2338.0
8230,2016-03-09,4.14,4.24,4.12,4.22,0.03,0.72,5684846.0,23798184.85,778.0
8230,2016-03-08,4.23,4.26,4.14,4.19,-0.03,-0.71,6988310.0,29317166.45,1166.0
8230,2016-03-07,4.02,4.35,3.98,4.22,0.19,4.71,18447846.0,77537408.8,2514.0
8230,2016-03-06,4.01,4.08,3.98,4.03,0.09,2.28,5360626.0,21624777.95,733.0
8230,2016-03-03,4.01,4.03,3.93,3.94,-0.04,-1.01,3583200.0,14215325.3,603.0
8230,2016-03-02,4.0,4.1,3.95,3.98,0.02,0.51,8996250.0,36153739.0,1499.0
8230,2016-03-01,3.88,3.99,3.88,3.96,0.11,2.86,3674736.0,14398682.45,599.0
8230,2016-02-29,3.88,3.93,3.84,3.85,-0.01,-0.26,3367416.0,13078937.3,646.0
8230,2016-02-28,3.87,3.9,3.84,3.86,0.04,1.05,3757370.0,14534879.15,530.0
8230,2016-02-25,3.79,3.92,3.79,3.82,0.08,2.14,3820216.0,14755765.05,721.0
8230,2016-02-24,3.89,3.93,3.72,3.74,-0.16,-4.1,2956180.0,11444480.45,587.0
8230,2016-02-23,3.86,3.99,3.86,3.9,0.04,1.04,5301666.0,20847024.45,836.0
8230,2016-02-22,3.81,3.92,3.81,3.86,0.06,1.58,4625246.0,17897246.9,845.0
8230,2016-02-21,3.78,3.84,3.74,3.8,0.06,1.6,3332156.0,12641090.05,599.0
8230,2016-02-18,3.82,3.94,3.7,3.74,-0.04,-1.06,6345066.0,24394510.35,1055.0
8230,2016-02-17,3.62,3.8,3.62,3.78,0.1,2.72,4827456.0,18025478.9,781.0
8230,2016-02-16,3.7,3.83,3.63,3.68,0.05,1.38,9453140.0,35372904.15,1564.0
8230,2016-02-15,3.46,3.7,3.4,3.63,0.24,7.08,3932110.0,14128439.65,563.0
8230,2016-02-14,3.66,3.67,3.31,3.39,-0.21,-5.83,1669876.0,5947931.15,243.0
8230,2016-02-11,3.72,3.73,3.52,3.6,-0.12,-3.23,1450170.0,5270394.0,258.0
8230,2016-02-10,3.76,3.78,3.68,3.72,-0.03,-0.8,792470.0,2961032.1,225.0
8230,2016-02-09,3.64,3.82,3.63,3.75,0.07,1.9,2842446.0,10614498.6,489.0
8230,2016-02-08,3.7,3.87,3.64,3.68,0.01,0.27,5298516.0,19822641.25,919.0
8230,2016-02-07,3.72,3.86,3.62,3.67,-0.13,-3.42,2231276.0,8413648.65,417.0
8230,2016-02-04,3.78,3.98,3.7,3.8,0.16,4.4,5765760.0,22028153.1,891.0
8230,2016-02-03,3.54,3.66,3.54,3.64,0.07,1.96,4205660.0,15221367.3,595.0
8230,2016-02-02,3.53,3.72,3.53,3.57,-0.13,-3.51,5305490.0,19202713.2,1028.0
8230,2016-02-01,3.6,3.78,3.58,3.7,0.08,2.21,5527176.0,20514957.8,791.0
8230,2016-01-31,3.65,3.73,3.6,3.62,0.02,0.56,4974110.0,18285279.55,859.0
8230,2016-01-28,3.61,3.67,3.58,3.6,0.03,0.84,3363960.0,12189330.2,537.0
8230,2016-01-27,3.63,3.69,3.56,3.57,-0.06,-1.65,4264200.0,15442502.85,742.0
8230,2016-01-26,3.55,3.67,3.36,3.63,0.04,1.11,9238300.0,32336505.85,1623.0
8230,2016-01-25,3.7,3.7,3.55,3.59,-0.09,-2.45,2394350.0,8618826.25,413.0
8230,2016-01-24,3.76,3.8,3.64,3.68,0.14,3.95,925410.0,3421384.95,226.0
8230,2016-01-21,3.6,3.62,3.5,3.54,-0.02,-0.56,781966.0,2790374.2,205.0
8230,2016-01-20,3.75,3.78,3.55,3.56,-0.27,-7.05,1163700.0,4263631.05,307.0
8230,2016-01-19,3.84,3.88,3.72,3.83,0.17,4.64,1003110.0,3823883.7,271.0
8230,2016-01-18,3.34,3.68,3.34,3.66,0.28,8.28,1293380.0,4581028.25,293.0
8230,2016-01-17,3.4,3.4,3.33,3.38,-0.32,-8.65,1359306.0,4550470.85,233.0
8230,2016-01-14,3.92,3.92,3.61,3.7,-0.26,-6.57,1037846.0,3913962.05,238.0
8230,2016-01-13,4.05,4.05,3.9,3.96,0.03,0.76,1567770.0,6264114.6,398.0
8230,2016-01-12,3.99,4.08,3.8,3.93,-0.1,-2.48,1007796.0,4026024.55,251.0
8230,2016-01-11,3.89,4.06,3.82,4.03,0.16,4.13,1717976.0,6784366.05,511.0
8230,2016-01-10,4.04,4.18,3.8,3.87,-0.17,-4.21,1940086.0,7818867.95,433.0
8230,2016-01-07,4.2,4.21,3.96,4.04,-0.28,-6.48,1498046.0,6173513.5,380.0
8230,2016-01-06,4.43,4.48,4.25,4.32,-0.1,-2.26,2380856.0,10444359.5,477.0
8230,2016-01-05,4.36,4.47,4.3,4.42,0.08,1.84,2994440.0,13139386.2,643.0
8230,2016-01-04,4.67,4.7,4.3,4.34,-0.31,-6.67,5183996.0,23446211.65,1136.0
8230,2016-01-03,4.46,4.68,4.45,4.65,0.2,4.49,4446376.0,20265034.25,809.0
8230,2015-12-31,4.52,4.54,4.43,4.45,-0.09,-1.98,4752660.0,21232948.0,825.0
8230,2015-12-30,4.56,4.6,4.51,4.54,-0.01,-0.22,2086106.0,9534256.45,434.0
8230,2015-12-29,4.32,4.56,4.22,4.55,0.22,5.08,3188430.0,14206771.1,731.0
8230,2015-12-28,4.34,4.44,4.32,4.33,0.03,0.7,2461256.0,10802932.95,433.0
8230,2015-12-27,4.31,4.33,4.27,4.3,-0.01,-0.23,1408486.0,6063768.35,183.0
8230,2015-12-24,4.3,4.38,4.29,4.31,-0.01,-0.23,1297076.0,5617369.85,233.0
8230,2015-12-23,4.28,4.45,4.25,4.32,0.05,1.17,2957316.0,12859195.55,537.0
8230,2015-12-22,4.21,4.34,4.21,4.27,0.07,1.67,2173340.0,9280583.8,397.0
8230,2015-12-21,4.06,4.4,4.05,4.2,0.16,3.96,5837170.0,24639126.9,944.0
8230,2015-12-20,4.04,4.05,3.98,4.04,-0.01,-0.25,1262646.0,5084935.8,274.0
8230,2015-12-17,4.02,4.09,4.0,4.05,0.06,1.5,1518806.0,6151166.7,287.0
8230,2015-12-16,4.08,4.1,3.9,3.99,-0.01,-0.25,1878880.0,7582487.65,381.0
8230,2015-12-15,3.92,4.02,3.92,4.0,0.11,2.83,1238850.0,4942575.3,243.0
8230,2015-12-14,4.06,4.09,3.88,3.89,-0.13,-3.23,1197070.0,4793386.7,309.0
8230,2015-12-13,3.92,4.16,3.92,4.02,-0.2,-4.74,1137676.0,4569983.5,331.0
8230,2015-12-10,4.38,4.4,4.0,4.22,-0.15,-3.43,1474906.0,6364149.45,369.0
8230,2015-12-09,4.37,4.46,4.36,4.37,-0.02,-0.46,1758786.0,7734261.85,362.0
8230,2015-12-08,4.45,4.45,4.36,4.39,-0.1,-2.23,1199426.0,5280875.7,345.0
8230,2015-12-07,4.54,4.56,4.48,4.49,-0.05,-1.1,1418666.0,6399784.6,304.0
8230,2015-12-06,4.55,4.56,4.52,4.54,0.0,0.0,849876.0,3859251.9,218.0
8230,2015-12-03,4.62,4.63,4.52,4.54,-0.1,-2.16,2661426.0,12224708.75,538.0
8230,2015-12-02,4.67,4.69,4.63,4.64,0.01,0.22,2060460.0,9578311.25,467.0
8230,2015-12-01,4.65,4.66,4.6,4.63,-0.01,-0.22,2127416.0,9866550.25,410.0
8230,2015-11-30,4.64,4.73,4.62,4.64,0.02,0.43,4627090.0,21679844.25,905.0
8230,2015-11-29,4.61,4.63,4.56,4.62,0.02,0.43,2275166.0,10432097.35,511.0
8230,2015-11-26,4.69,4.7,4.59,4.6,-0.08,-1.71,3047906.0,14118487.1,650.0
8230,2015-11-25,4.72,4.76,4.68,4.68,-0.04,-0.85,2016470.0,9508852.2,384.0
8230,2015-11-24,4.7,4.81,4.69,4.72,0.04,0.85,3391820.0,16155454.15,529.0
8230,2015-11-23,4.78,4.81,4.66,4.68,-0.08,-1.68,2673010.0,12712482.7,580.0
8230,2015-11-22,4.69,4.78,4.62,4.76,0.16,3.48,3915570.0,18439630.85,676.0
8230,2015-11-19,4.62,4.74,4.59,4.6,0.0,0.0,3014980.0,14013826.1,574.0
8230,2015-11-18,4.6,4.63,4.54,4.6,-0.01,-0.22,2411376.0,11064175.65,481.0
8230,2015-11-17,4.56,4.65,4.52,4.61,0.08,1.77,1640926.0,7499641.8,309.0
8230,2015-11-16,4.46,4.57,4.44,4.53,0.06,1.34,1897670.0,8559742.5,346.0
8230,2015-11-15,4.53,4.53,4.4,4.47,-0.14,-3.04,1617100.0,7218171.25,414.0
8230,2015-11-12,4.66,4.72,4.61,4.61,-0.07,-1.5,1712430.0,7980562.6,345.0
8230,2015-11-11,4.6,4.69,4.58,4.68,0.07,1.52,3029560.0,14073696.05,639.0
8230,2015-11-10,4.58,4.63,4.52,4.61,0.05,1.1,2220596.0,10147868.95,460.0
8230,2015-11-09,4.56,4.63,4.55,4.56,0.07,1.56,2072140.0,9498285.0,464.0
8230,2015-11-08,4.51,4.52,4.4,4.49,-0.03,-0.66,1682000.0,7512041.95,362.0
8230,2015-11-05,4.62,4.62,4.49,4.52,-0.04,-0.88,1611510.0,7299855.25,379.0
8230,2015-11-04,4.55,4.58,4.43,4.56,0.04,0.88,2320976.0,10500306.05,541.0
8230,2015-11-03,4.69,4.7,4.5,4.52,-0.14,-3.0,3070000.0,14097953.2,712.0
8230,2015-11-02,4.68,4.77,4.63,4.66,-0.04,-0.85,4330426.0,20389987.25,885.0
8230,2015-11-01,4.56,4.74,4.44,4.7,0.15,3.3,4777120.0,21915935.6,1001.0
8230,2015-10-29,4.44,4.66,4.4,4.55,0.14,3.17,6177966.0,27939706.45,1247.0
8230,2015-10-28,4.48,4.48,4.2,4.41,0.03,0.68,3732586.0,16181809.75,772.0
8230,2015-10-27,4.78,4.78,4.34,4.38,-0.4,-8.37,3142816.0,14520098.2,608.0
8230,2015-10-26,4.84,4.84,4.64,4.78,-0.09,-1.85,3836276.0,18208426.35,847.0
8230,2015-10-25,4.86,4.9,4.78,4.87,0.14,2.96,2750786.0,13320106.05,507.0
8230,2015-10-22,4.86,4.92,4.67,4.73,-0.12,-2.47,3180250.0,15249076.3,640.0
8230,2015-10-21,5.02,5.06,4.83,4.85,-0.16,-3.19,4363240.0,21438039.65,829.0
8230,2015-10-20,5.12,5.24,4.98,5.01,-0.05,-0.99,9137556.0,47056570.3,1273.0
8230,2015-10-19,5.0,5.16,4.98,5.06,0.11,2.22,8012210.0,40617035.0,1100.0
8230,2015-10-18,4.86,4.98,4.86,4.95,0.13,2.7,3419370.0,16915543.55,617.0
8230,2015-10-15,4.84,4.91,4.81,4.82,-0.06,-1.23,1060210.0,5157077.15,287.0
8230,2015-10-14,4.94,4.98,4.87,4.88,-0.06,-1.21,3068856.0,15114650.6,569.0
8230,2015-10-13,4.91,4.97,4.88,4.94,0.03,0.61,1880140.0,9299491.6,385.0
8230,2015-10-12,4.98,5.0,4.9,4.91,-0.07,-1.41,2483626.0,12277222.8,429.0
8230,2015-10-11,4.92,5.06,4.9,4.98,0.09,1.84,7892470.0,39147422.8,1144.0
8230,2015-10-08,4.91,4.93,4.84,4.89,-0.04,-0.81,1602436.0,7848617.3,357.0
8230,2015-10-07,4.84,4.99,4.84,4.93,0.11,2.28,3201020.0,15765255.85,628.0
8230,2015-10-06,4.76,4.86,4.76,4.82,0.07,1.47,3966520.0,19076304.35,648.0
8230,2015-10-05,4.7,4.8,4.7,4.75,0.08,1.71,2191530.0,10408155.05,476.0
8230,2015-10-04,4.64,4.68,4.61,4.67,0.05,1.08,1481596.0,6880630.6,358.0
8230,2015-10-01,4.72,4.79,4.61,4.62,-0.07,-1.49,1720040.0,8118800.3,443.0
8230,2015-09-30,4.62,4.74,4.62,4.69,0.08,1.74,1764726.0,8263150.15,391.0
8230,2015-09-29,4.4,4.66,4.4,4.61,0.02,0.44,1310630.0,6019955.85,288.0
8230,2015-09-21,4.68,4.69,4.57,4.59,-0.03,-0.65,1146376.0,5262778.6,283.0
8230,2015-09-20,4.71,4.75,4.61,4.62,-0.11,-2.33,737280.0,3459482.05,170.0
8230,2015-09-17,4.8,4.85,4.72,4.73,-0.07,-1.46,1227560.0,5865209.9,331.0
8230,2015-09-16,4.84,4.93,4.74,4.8,0.0,0.0,3037220.0,14684766.2,656.0
8230,2015-09-15,4.84,4.88,4.74,4.8,-0.07,-1.44,1788740.0,8594300.2,542.0
8230,2015-09-14,4.8,5.1,4.8,4.87,0.04,0.83,9135580.0,45375861.6,1664.0
8230,2015-09-13,4.84,4.87,4.81,4.83,0.01,0.21,977266.0,4736500.15,238.0
8230,2015-09-10,4.82,4.9,4.8,4.82,-0.08,-1.63,1511366.0,7335535.2,338.0
8230,2015-09-09,4.98,4.98,4.84,4.9,0.04,0.82,2055790.0,10087982.65,481.0
8230,2015-09-08,4.95,4.95,4.8,4.86,-0.06,-1.22,3456006.0,16801183.75,633.0
8230,2015-09-07,4.81,5.02,4.81,4.92,0.17,3.58,6574736.0,32467256.1,1180.0
8230,2015-09-06,4.58,4.84,4.53,4.75,0.19,4.17,3808480.0,18030631.15,758.0
8230,2015-09-03,4.61,4.63,4.52,4.56,0.01,0.22,923100.0,4216256.05,261.0
8230,2015-09-02,4.6,4.68,4.39,4.55,-0.09,-1.94,2033840.0,9142600.25,385.0
8230,2015-09-01,4.76,4.79,4.62,4.64,-0.07,-1.49,929256.0,4364446.2,264.0
8230,2015-08-31,4.7,4.84,4.66,4.71,-0.02,-0.42,1675230.0,7951322.1,403.0
8230,2015-08-30,4.68,4.78,4.6,4.73,0.21,4.65,2406136.0,11367863.2,457.0
8230,2015-08-27,4.6,4.66,4.48,4.52,0.09,2.03,1913226.0,8812363.1,366.0
8230,2015-08-26,4.44,4.64,4.2,4.43,-0.07,-1.56,2615240.0,11683388.35,644.0
8230,2015-08-25,4.32,4.52,4.28,4.5,0.34,8.17,1931900.0,8528517.95,486.0
8230,2015-08-24,4.2,4.52,4.01,4.16,-0.27,-6.09,1589106.0,6684806.5,446.0
8230,2015-08-23,4.64,4.72,4.42,4.43,-0.48,-9.78,1982980.0,9192545.7,416.0
8230,2015-08-20,4.8,4.96,4.62,4.91,0.12,2.51,2212530.0,10704135.95,483.0
8230,2015-08-19,4.8,4.9,4.74,4.79,-0.06,-1.24,3540366.0,17061126.35,556.0
8230,2015-08-18,5.26,5.26,4.72,4.85,-0.39,-7.44,3419260.0,16789456.45,722.0
8230,2015-08-17,5.32,5.48,5.18,5.24,-0.08,-1.5,2362100.0,12499072.0,621.0
8230,2015-08-16,5.62,5.68,5.28,5.32,-0.28,-5.0,2650866.0,14517512.1,608.0
8230,2015-08-13,5.7,5.7,5.6,5.6,-0.04,-0.71,2293106.0,12976108.7,421.0
8230,2015-08-12,5.68,5.68,5.56,5.64,-0.04,-0.7,1755150.0,9863198.2,414.0
8230,2015-08-11,5.76,5.86,5.66,5.68,-0.02,-0.35,3857596.0,22187412.5,677.0
8230,2015-08-10,5.7,5.76,5.68,5.7,0.04,0.71,1777096.0,10142582.4,364.0
8230,2015-08-09,5.56,5.68,5.56,5.66,0.02,0.35,2254116.0,12703462.5,413.0
8230,2015-08-06,5.72,5.82,5.62,5.64,-0.14,-2.42,3521896.0,20122409.2,737.0
8230,2015-08-05,5.72,5.9,5.68,5.78,0.1,1.76,6624766.0,38325689.8,993.0
8230,2015-08-04,5.7,5.7,5.62,5.68,-0.03,-0.53,1791256.0,10129882.1,314.0
8230,2015-08-03,5.62,5.76,5.62,5.71,0.08,1.42,1945630.0,11086660.3,396.0
8230,2015-08-02,5.98,5.98,5.6,5.63,-0.34,-5.7,2457370.0,14035681.5,644.0
8230,2015-07-30,6.06,6.08,5.94,5.97,-0.07,-1.16,2189236.0,13112935.4,465.0
8230,2015-07-29,6.02,6.1,6.0,6.04,0.06,1.0,1713090.0,10372520.4,434.0
8230,2015-07-28,6.0,6.02,5.92,5.98,0.01,0.17,1432120.0,8583635.4,352.0
8230,2015-07-27,6.12,6.2,5.94,5.97,-0.19,-3.08,3975860.0,24059395.1,818.0
8230,2015-07-26,6.2,6.24,6.12,6.16,-0.02,-0.32,1816780.0,11202168.9,501.0
8230,2015-07-23,6.18,6.28,6.14,6.18,0.12,1.98,6545406.0,40703021.8,1248.0
8230,2015-07-22,6.06,6.12,6.02,6.06,0.07,1.17,2983226.0,18090733.2,515.0
8230,2015-07-15,6.1,6.12,5.98,5.99,-0.12,-1.96,2410950.0,14574590.4,658.0
8230,2015-07-14,6.16,6.2,6.1,6.11,-0.01,-0.16,5513080.0,33926758.7,1044.0
8230,2015-07-13,6.04,6.18,5.96,6.12,0.11,1.83,4942590.0,30202661.5,1098.0
8230,2015-07-12,5.9,6.12,5.88,6.01,0.18,3.09,5558066.0,33574560.3,1273.0
8230,2015-07-09,5.7,5.88,5.68,5.83,0.15,2.64,3401570.0,19656878.3,847.0
8230,2015-07-08,5.8,5.84,5.64,5.68,-0.19,-3.24,3770546.0,21711523.0,703.0
8230,2015-07-07,5.94,5.94,5.86,5.87,-0.08,-1.34,1280300.0,7562161.5,359.0
8230,2015-07-06,5.94,6.04,5.92,5.95,-0.08,-1.33,2208296.0,13178139.1,586.0
8230,2015-07-05,6.1,6.14,6.0,6.03,-0.09,-1.47,2156046.0,13121480.2,483.0
8230,2015-07-02,6.26,6.34,6.08,6.12,-0.15,-2.39,3244836.0,20071455.6,829.0
8230,2015-07-01,6.32,6.36,6.22,6.27,-0.03,-0.48,2643496.0,16618194.7,681.0
8230,2015-06-30,6.08,6.36,6.04,6.3,0.19,3.11,6892310.0,42772521.4,1344.0
8230,2015-06-29,6.14,6.16,5.84,6.11,-0.18,-2.86,6947026.0,41718881.7,1484.0
8230,2015-06-28,6.66,6.68,6.22,6.29,-0.4,-5.98,14357490.0,91340250.0,2771.0
8230,2015-06-25,6.78,6.86,6.66,6.69,-0.07,-1.04,7163466.0,48263763.1,1391.0
8230,2015-06-24,6.72,6.78,6.66,6.76,0.05,0.75,4536080.0,30498117.0,976.0
8230,2015-06-23,6.82,6.96,6.58,6.71,-0.07,-1.03,9823646.0,66424730.2,2070.0
8230,2015-06-22,6.6,6.88,6.6,6.78,0.13,1.95,9468240.0,63957747.1,1789.0
8230,2015-06-21,6.72,6.78,6.62,6.65,-0.1,-1.48,6485036.0,43395762.7,1454.0
8230,2015-06-18,6.92,6.96,6.72,6.75,-0.16,-2.32,6583230.0,44896513.5,1484.0
8230,2015-06-17,6.98,7.1,6.84,6.91,-0.06,-0.86,14112050.0,98273349.5,2650.0
8230,2015-06-16,6.78,7.22,6.7,6.97,0.21,3.11,29272970.0,204371741.1,4234.0
8230,2015-06-15,6.68,6.92,6.62,6.76,0.06,0.9,16704100.0,113310071.5,2973.0
8230,2015-06-14,6.96,7.02,6.64,6.7,-0.22,-3.18,16298650.0,111617883.2,3255.0
8230,2015-06-11,6.84,7.14,6.72,6.92,0.15,2.22,24516480.0,170248087.4,4470.0
8230,2015-06-10,6.54,7.0,6.5,6.77,0.28,4.31,30905956.0,208685163.9,4642.0
8230,2015-06-09,6.42,6.56,6.32,6.49,0.06,0.93,12307040.0,79299844.6,2086.0
8230,2015-06-08,6.26,6.62,6.26,6.43,0.16,2.55,13548480.0,87582176.0,2038.0
8230,2015-06-07,6.24,6.28,6.16,6.27,0.0,0.0,2415436.0,15058751.3,494.0
8230,2015-06-04,6.32,6.34,6.2,6.27,-0.06,-0.95,3281260.0,20610177.3,622.0
8230,2015-06-03,6.44,6.44,6.32,6.33,-0.07,-1.09,3822606.0,24408765.9,714.0
8230,2015-06-02,6.34,6.48,6.32,6.4,0.09,1.43,10286770.0,65930739.6,1531.0
8230,2015-06-01,6.2,6.34,6.18,6.31,0.07,1.12,4050820.0,25348541.1,813.0
8230,2015-05-31,6.36,6.42,6.14,6.24,-0.07,-1.11,5932640.0,37714407.8,1081.0
8230,2015-05-28,6.28,6.4,6.26,6.31,0.03,0.48,7046636.0,44679252.7,1329.0
8230,2015-05-27,6.28,6.32,6.22,6.28,0.01,0.16,4225090.0,26503180.9,873.0
8230,2015-05-26,6.3,6.32,6.22,6.27,-0.01,-0.16,3514080.0,22058887.0,864.0
8230,2015-05-25,6.16,6.46,6.14,6.28,0.12,1.95,11246976.0,71106035.0,2077.0
8230,2015-05-24,6.14,6.22,6.1,6.16,0.02,0.33,3463350.0,21344612.3,803.0
8230,2015-05-21,6.14,6.22,6.04,6.14,-0.04,-0.65,3548650.0,21752988.3,810.0
8230,2015-05-20,6.34,6.36,6.12,6.18,-0.15,-2.37,4455050.0,27891097.9,846.0
8230,2015-05-19,6.36,6.4,6.28,6.33,0.0,0.0,4926030.0,31276536.8,984.0
8230,2015-05-18,6.32,6.46,6.2,6.33,-0.01,-0.16,9395420.0,59647620.9,1938.0
8230,2015-05-17,6.02,6.42,6.02,6.34,0.36,6.02,14428980.0,90579035.1,2212.0
8230,2015-05-14,5.98,6.0,5.94,5.98,0.01,0.17,1273606.0,7608800.3,276.0
8230,2015-05-13,6.06,6.06,5.94,5.97,-0.05,-0.83,1630780.0,9769283.7,329.0
8230,2015-05-12,5.94,6.06,5.88,6.02,0.06,1.01,2499890.0,14917085.7,553.0
8230,2015-05-11,6.18,6.2,5.94,5.96,-0.19,-3.09,4000230.0,24336143.4,880.0
8230,2015-05-10,6.1,6.22,6.02,6.15,0.11,1.82,6384550.0,39199445.2,1239.0
8230,2015-05-07,6.02,6.18,5.96,6.04,0.02,0.33,9791000.0,59398901.7,1597.0
8230,2015-05-06,5.9,6.14,5.88,6.02,0.09,1.52,9517130.0,57351915.6,1539.0
8230,2015-05-05,5.7,6.04,5.7,5.93,0.25,4.4,9521096.0,55699706.9,1487.0
8230,2015-05-04,5.66,5.7,5.6,5.68,-0.03,-0.53,3134926.0,17733792.2,570.0
8230,2015-05-03,5.84,5.86,5.62,5.71,-0.09,-1.55,4859186.0,28085817.1,870.0
8230,2015-04-30,5.92,5.92,5.78,5.8,-0.13,-2.19,5643940.0,32992944.6,1107.0
8230,2015-04-29,6.06,6.08,5.8,5.93,0.08,1.37,16612190.0,99015400.4,2775.0
8230,2015-04-28,5.64,5.92,5.6,5.85,0.19,3.36,13040890.0,75170561.4,2054.0
8230,2015-04-27,5.74,5.88,5.62,5.66,-0.09,-1.57,9308920.0,53845017.9,1377.0
8230,2015-04-26,5.6,5.8,5.56,5.75,0.19,3.42,10690110.0,60552174.4,1469.0
8230,2015-04-23,5.5,5.68,5.48,5.56,0.14,2.58,15644376.0,87534033.9,2501.0
8230,2015-04-22,5.36,5.46,5.26,5.42,0.14,2.65,11548260.0,61828848.7,1609.0
8230,2015-04-21,5.2,5.32,5.18,5.28,0.05,0.96,7654650.0,40358083.6,1092.0
8230,2015-04-20,5.4,5.44,5.18,5.23,-0.05,-0.95,7121166.0,37514958.1,1180.0
8230,2015-04-19,5.14,5.32,5.12,5.28,0.21,4.14,13712850.0,71585005.2,1867.0
8230,2015-04-16,5.12,5.12,5.06,5.07,-0.03,-0.59,1945166.0,9908597.1,424.0
8230,2015-04-15,5.1,5.14,5.08,5.1,0.01,0.2,2786046.0,14233810.5,465.0
8230,2015-04-14,5.1,5.16,5.06,5.09,-0.02,-0.39,2134396.0,10905653.4,511.0
8230,2015-04-13,5.1,5.16,5.08,5.11,-0.03,-0.58,4392080.0,22463630.1,660.0
8230,2015-04-12,5.24,5.3,5.1,5.14,-0.16,-3.02,5543420.0,28866449.8,1034.0
8230,2015-04-09,5.18,5.34,5.12,5.3,0.14,2.71,1656206.0,8658882.9,442.0
8230,2015-04-08,5.22,5.3,5.14,5.16,0.01,0.19,1704086.0,8924718.7,455.0
8230,2015-04-07,5.04,5.38,5.0,5.15,0.16,3.21,2837326.0,14851253.4,750.0
8230,2015-04-06,5.06,5.06,4.92,4.99,-0.02,-0.4,1239866.0,6219255.55,317.0
8230,2015-04-05,5.02,5.1,4.83,5.01,-0.06,-1.18,1103696.0,5503930.65,275.0
8230,2015-04-02,5.18,5.24,4.98,5.07,-0.05,-0.98,1490390.0,7631346.8,409.0
8230,2015-04-01,5.12,5.24,5.08,5.12,0.02,0.39,1870196.0,9616815.9,435.0
8230,2015-03-31,5.18,5.38,5.02,5.1,-0.18,-3.41,1563410.0,8104773.9,463.0
8230,2015-03-30,5.4,5.46,5.24,5.28,-0.15,-2.76,1248790.0,6739485.1,347.0
8230,2015-03-29,5.24,5.54,5.2,5.43,0.29,5.64,2247670.0,12204748.4,536.0
8230,2015-03-26,4.62,5.2,4.62,5.14,0.06,1.18,1414280.0,7003106.85,388.0
8230,2015-03-25,5.58,5.58,5.06,5.08,-0.45,-8.14,1550760.0,8177869.8,458.0
8230,2015-03-24,5.52,5.56,5.46,5.53,0.06,1.1,2150266.0,11868277.1,354.0
8230,2015-03-23,5.58,5.58,5.44,5.47,-0.09,-1.62,1784340.0,9802160.9,423.0
8230,2015-03-22,5.58,5.68,5.54,5.56,0.05,0.91,3648086.0,20423211.1,703.0
8230,2015-03-19,5.34,5.66,5.26,5.51,0.22,4.16,6918076.0,38101699.6,1353.0
8230,2015-03-18,5.4,5.42,5.0,5.29,-0.13,-2.4,3309400.0,17432892.5,818.0
8230,2015-03-17,5.86,5.88,5.32,5.42,-0.4,-6.87,5929746.0,32856930.7,1366.0
8230,2015-03-16,6.1,6.1,5.78,5.82,-0.23,-3.8,2698160.0,16059291.5,814.0
8230,2015-03-15,6.3,6.3,5.98,6.05,-0.23,-3.66,2920236.0,17866380.8,925.0
8230,2015-03-12,6.36,6.52,6.22,6.28,0.32,5.37,11569330.0,73573535.5,2934.0
8230,2015-03-11,5.96,5.96,5.96,5.96,0.54,9.96,419926.0,2502753.0,46.0
8230,2015-03-10,5.34,5.46,5.32,5.42,0.04,0.74,5474770.0,29536421.1,822.0
8230,2015-03-09,5.42,5.44,5.32,5.38,-0.05,-0.92,5078576.0,27313918.2,685.0
8230,2015-03-08,5.46,5.48,5.42,5.43,-0.05,-0.91,3063876.0,16693519.8,488.0
8230,2015-03-05,5.52,5.52,5.46,5.48,-0.04,-0.72,1975146.0,10838876.4,350.0
8230,2015-03-04,5.52,5.56,5.48,5.52,0.0,0.0,1886346.0,10394009.9,365.0
8230,2015-03-03,5.56,5.56,5.48,5.52,-0.04,-0.72,2339530.0,12911702.6,399.0
8230,2015-03-02,5.64,5.64,5.56,5.56,-0.05,-0.89,1945586.0,10847852.4,341.0
8230,2015-03-01,5.58,5.64,5.52,5.61,0.08,1.45,2840440.0,15858967.6,520.0
8230,2015-02-26,5.48,5.62,5.48,5.53,0.04,0.73,2937456.0,16271586.3,481.0
8230,2015-02-25,5.56,5.56,5.48,5.49,-0.07,-1.26,1641486.0,9061854.7,280.0
8230,2015-02-24,5.58,5.62,5.56,5.56,-0.05,-0.89,1155740.0,6441831.7,180.0
8230,2015-02-23,5.62,5.64,5.54,5.61,0.01,0.18,1140836.0,6382535.5,223.0
8230,2015-02-22,5.64,5.68,5.58,5.6,0.01,0.18,1702686.0,9596143.5,316.0
8230,2015-02-19,5.68,5.68,5.58,5.59,-0.05,-0.89,1958670.0,11009670.5,370.0
8230,2015-02-18,5.58,5.74,5.58,5.64,0.04,0.71,5110980.0,28911880.4,718.0
8230,2015-02-17,5.68,5.68,5.54,5.6,-0.04,-0.71,2930266.0,16441671.0,545.0
8230,2015-02-16,5.76,5.76,5.62,5.64,-0.1,-1.74,2759090.0,15728496.4,521.0
8230,2015-02-15,5.56,5.84,5.56,5.74,0.24,4.36,7860220.0,44891606.4,1409.0
8230,2015-02-12,5.5,5.54,5.46,5.5,0.04,0.73,1221910.0,6724193.5,308.0
8230,2015-02-11,5.52,5.58,5.4,5.46,-0.09,-1.62,2077700.0,11497673.3,398.0
8230,2015-02-10,5.52,5.6,5.5,5.55,0.01,0.18,2048190.0,11375787.9,415.0
8230,2015-02-09,5.58,5.62,5.52,5.54,-0.03,-0.54,2532066.0,14074350.2,471.0
8230,2015-02-08,5.56,5.68,5.52,5.57,0.03,0.54,2609546.0,14601807.1,466.0
8230,2015-02-05,5.44,5.56,5.4,5.54,0.02,0.36,2985936.0,16436331.1,523.0
8230,2015-02-04,5.58,5.62,5.46,5.52,-0.05,-0.9,1746300.0,9662943.3,413.0
8230,2015-02-03,5.56,5.72,5.52,5.57,0.02,0.36,6367120.0,35812237.5,1152.0
8230,2015-02-02,5.52,5.6,5.46,5.55,0.01,0.18,4457906.0,24655037.5,899.0
8230,2015-02-01,5.84,5.88,5.52,5.54,-0.11,-1.95,10697250.0,60474855.7,1880.0
8230,2015-01-29,5.18,5.68,5.12,5.65,0.48,9.28,15731690.0,85922524.4,2312.0
8230,2015-01-28,5.18,5.2,5.14,5.17,0.03,0.58,3115770.0,16098731.3,493.0
8230,2015-01-27,5.08,5.16,5.08,5.14,0.05,0.98,2863696.0,14681219.3,520.0
8230,2015-01-26,5.14,5.18,5.04,5.09,0.03,0.59,3067060.0,15611720.6,501.0
8230,2015-01-22,4.9,5.18,4.88,5.06,0.14,2.85,6985156.0,35464971.1,1034.0
8230,2015-01-21,4.9,5.12,4.84,4.92,0.05,1.03,8832966.0,44015192.6,1383.0
8230,2015-01-20,4.84,4.94,4.75,4.87,0.03,0.62,6556820.0,31922080.2,1001.0
8230,2015-01-19,4.73,4.88,4.72,4.84,0.12,2.54,5802106.0,27869997.0,907.0
8230,2015-01-18,4.66,4.78,4.66,4.72,0.1,2.16,2807246.0,13277817.9,460.0
8230,2015-01-15,4.72,4.75,4.61,4.62,-0.05,-1.07,2079906.0,9743141.9,433.0
8230,2015-01-14,4.73,4.74,4.66,4.67,0.01,0.21,2449506.0,11534696.1,473.0
8230,2015-01-13,4.57,4.72,4.52,4.66,-0.12,-2.51,4248826.0,19747128.9,814.0
8230,2015-01-12,4.89,4.96,4.72,4.78,-0.1,-2.05,5617870.0,27442265.8,880.0
8230,2015-01-11,4.73,4.99,4.66,4.88,0.2,4.27,10596030.0,51217030.8,1488.0
8230,2015-01-08,4.59,4.81,4.59,4.68,0.15,3.31,6040126.0,28401636.4,1069.0
8230,2015-01-07,4.41,4.59,4.4,4.53,0.12,2.72,3889150.0,17606916.4,771.0
8230,2015-01-06,4.23,4.44,4.23,4.41,-0.13,-2.86,1887080.0,8204905.9,426.0
8230,2015-01-05,4.53,4.58,4.45,4.54,-0.1,-2.16,4033620.0,18222253.5,806.0
8230,2015-01-04,4.68,4.74,4.59,4.64,-0.12,-2.52,3860290.0,17981690.0,786.0
8230,2015-01-01,4.48,4.84,4.39,4.76,0.31,6.97,4167690.0,19229320.0,871.0
8230,2014-12-31,4.73,4.73,4.23,4.45,-0.17,-3.68,3199070.0,14260481.4,632.0
8230,2014-12-30,4.84,4.84,4.57,4.62,-0.44,-8.7,4474326.0,21160359.7,951.0
8230,2014-12-29,5.12,5.18,4.96,5.06,-0.04,-0.78,5561916.0,28340390.6,1033.0
8230,2014-12-28,5.08,5.14,4.9,5.1,0.08,1.59,5849520.0,29569285.6,1200.0
8230,2014-12-25,5.52,5.62,4.96,5.02,-0.29,-5.46,13405766.0,71247887.4,2364.0
8230,2014-12-24,5.18,5.34,5.18,5.31,0.19,3.71,5507090.0,29002885.8,860.0
8230,2014-12-23,4.89,5.24,4.78,5.12,0.2,4.07,6930910.0,35067076.8,1218.0
8230,2014-12-22,4.66,5.04,4.53,4.92,0.26,5.58,7796246.0,38011886.1,1205.0
8230,2014-12-21,4.79,4.84,4.41,4.66,0.03,0.65,5596496.0,25781200.4,961.0
8230,2014-12-18,4.42,4.64,4.42,4.63,0.4,9.46,3475796.0,15827869.4,615.0
8230,2014-12-17,4.19,4.28,3.79,4.23,0.07,1.68,2028740.0,8187741.5,364.0
8230,2014-12-16,4.39,4.41,4.15,4.16,-0.44,-9.57,2150306.0,9062003.2,389.0
8230,2014-12-15,5.14,5.2,4.53,4.6,-0.42,-8.37,1693760.0,8227665.1,312.0
8230,2014-12-14,5.14,5.26,4.97,5.02,-0.34,-6.34,1595800.0,8188094.9,392.0
8230,2014-12-11,5.2,5.4,5.08,5.36,-0.13,-2.37,1377846.0,7229986.0,347.0
8230,2014-12-10,5.6,5.64,5.26,5.49,-0.12,-2.14,2321910.0,12669985.0,471.0
8230,2014-12-09,5.56,5.64,5.52,5.61,-0.15,-2.6,1521380.0,8500654.4,322.0
8230,2014-12-08,5.9,5.94,5.74,5.76,-0.19,-3.19,2062426.0,12006388.4,409.0
8230,2014-12-07,6.02,6.04,5.92,5.95,-0.06,-1.0,1889686.0,11308764.0,379.0
8230,2014-12-04,6.06,6.12,6.0,6.01,-0.02,-0.33,3511996.0,21163650.4,603.0
8230,2014-12-03,5.96,6.12,5.96,6.03,0.09,1.52,3218850.0,19517875.7,587.0
8230,2014-12-02,5.92,6.12,5.88,5.94,0.05,0.85,4011490.0,24018347.3,682.0
8230,2014-12-01,5.7,5.9,5.64,5.89,0.26,4.62,2187610.0,12689311.9,453.0
8230,2014-11-30,5.64,5.98,5.52,5.63,-0.45,-7.4,2657926.0,15192867.0,574.0
8230,2014-11-27,6.12,6.18,6.06,6.08,-0.08,-1.3,2872386.0,17540528.85,609.0
8230,2014-11-26,6.16,6.28,6.08,6.16,0.05,0.82,6244886.0,38487089.25,1001.0
8230,2014-11-25,6.18,6.28,6.06,6.11,-0.17,-2.71,5920740.0,36427391.6,985.0
8230,2014-11-24,6.58,6.64,6.22,6.28,-0.28,-4.27,11486316.0,74274832.5,1820.0
8230,2014-11-23,6.8,6.9,6.56,6.56,-0.2,-2.96,15074006.0,100909499.0,2264.0
8230,2014-11-20,6.18,6.8,6.18,6.76,0.57,9.21,12844686.0,83952179.0,1468.0
8230,2014-11-19,6.12,6.24,6.0,6.19,0.14,2.31,2248910.0,13896548.05,337.0
8230,2014-11-18,5.94,6.12,5.88,6.05,0.15,2.54,907010.0,5457860.1,217.0
8230,2014-11-17,6.16,6.18,5.76,5.9,-0.3,-4.84,1672396.0,9989870.15,350.0
8230,2014-11-16,6.24,6.28,6.12,6.2,-0.05,-0.8,1368546.0,8485619.0,233.0
8230,2014-11-13,6.38,6.4,6.22,6.25,-0.11,-1.73,1254350.0,7892867.0,227.0
8230,2014-11-12,6.32,6.4,6.24,6.36,0.11,1.76,2324920.0,14733270.5,347.0
8230,2014-11-11,6.34,6.34,6.16,6.25,-0.12,-1.88,3611050.0,22609145.0,446.0
8230,2014-11-10,6.24,6.4,6.24,6.37,0.08,1.27,2053056.0,12995418.0,318.0
8230,2014-11-09,6.4,6.4,6.28,6.29,-0.04,-0.63,1381976.0,8756902.5,219.0
8230,2014-11-06,6.38,6.5,6.32,6.33,-0.09,-1.4,3130250.0,20031470.5,519.0
8230,2014-11-05,6.12,6.46,6.0,6.42,0.27,4.39,3280620.0,20459908.3,593.0
8230,2014-11-04,6.34,6.4,6.12,6.15,-0.23,-3.61,3376270.0,21148739.75,553.0
8230,2014-11-03,6.24,6.44,6.22,6.38,0.12,1.92,3358796.0,21281422.75,519.0
8230,2014-11-02,6.38,6.4,6.22,6.26,0.07,1.13,2897960.0,18266079.75,469.0
8230,2014-10-30,6.16,6.4,6.06,6.19,-0.15,-2.37,4376970.0,27320483.75,833.0
8230,2014-10-29,6.34,6.58,6.22,6.34,0.06,0.96,15699280.0,95612126.5,1300.0
8230,2014-10-28,6.02,6.34,5.96,6.28,0.28,4.67,9622590.0,59214416.95,1482.0
8230,2014-10-27,6.06,6.06,5.96,6.0,-0.05,-0.83,4624436.0,27763219.0,719.0
8230,2014-10-26,6.0,6.12,5.96,6.05,0.03,0.5,5911910.0,35804368.6,1035.0
8230,2014-10-23,5.7,6.1,5.6,6.02,0.21,3.61,4444716.0,26087488.1,791.0
8230,2014-10-22,5.88,5.94,5.76,5.81,-0.01,-0.17,3496846.0,20477199.3,570.0
8230,2014-10-21,5.64,5.84,5.62,5.82,0.2,3.56,3748930.0,21548024.9,598.0
8230,2014-10-20,5.64,5.7,5.52,5.62,0.01,0.18,2961206.0,16626058.2,531.0
8230,2014-10-19,5.68,5.74,5.52,5.61,0.13,2.37,2909380.0,16341080.4,506.0
8230,2014-10-16,5.94,6.06,5.48,5.48,-0.6,-9.87,3532246.0,19961415.7,664.0
8230,2014-10-15,6.18,6.22,6.04,6.08,-0.1,-1.62,2224626.0,13615697.35,448.0
8230,2014-10-14,6.32,6.32,6.12,6.18,-0.21,-3.29,3869180.0,23896121.9,634.0
8230,2014-10-13,6.0,6.44,5.86,6.39,0.42,7.04,4055280.0,24847494.9,755.0
8230,2014-10-12,6.38,6.46,5.96,5.97,-0.64,-9.68,4932500.0,30476121.7,815.0
8230,2014-10-02,6.62,6.68,6.52,6.61,-0.11,-1.64,1969180.0,13034828.0,428.0
8230,2014-10-01,6.74,6.86,6.7,6.72,-0.04,-0.59,3425136.0,23133037.25,574.0
8230,2014-09-30,6.7,6.78,6.7,6.76,0.03,0.45,2076860.0,13979250.75,442.0
8230,2014-09-29,6.78,6.8,6.62,6.73,-0.05,-0.74,3857646.0,25886233.0,617.0
8230,2014-09-28,6.52,6.98,6.5,6.78,0.28,4.31,6613826.0,44669181.75,1151.0
8230,2014-09-25,6.5,6.56,6.4,6.5,0.07,1.09,1760506.0,11405492.25,353.0
8230,2014-09-24,6.64,6.64,6.18,6.43,-0.19,-2.87,2774950.0,17919232.75,550.0
8230,2014-09-22,6.62,6.68,6.52,6.62,-0.05,-0.75,3484516.0,22988787.75,540.0
8230,2014-09-21,6.8,6.9,6.58,6.67,-0.14,-2.06,4200800.0,28367409.5,667.0
8230,2014-09-18,6.84,6.96,6.78,6.81,-0.02,-0.29,5548910.0,37983998.5,942.0
8230,2014-09-17,6.86,7.08,6.8,6.83,0.0,0.0,9101530.0,62988837.0,1451.0
8230,2014-09-16,6.58,6.9,6.56,6.83,0.3,4.59,9813630.0,66526500.75,1375.0
8230,2014-09-15,6.64,6.78,6.5,6.53,-0.09,-1.36,4821010.0,32047449.75,846.0
8230,2014-09-14,6.64,6.68,6.5,6.62,0.13,2.0,4162206.0,27538259.75,727.0
8230,2014-09-11,6.46,6.56,6.44,6.49,0.02,0.31,2218670.0,14416914.0,425.0
8230,2014-09-10,6.62,6.68,6.44,6.47,-0.17,-2.56,3772266.0,24702169.25,558.0
8230,2014-09-09,6.58,6.64,6.56,6.64,0.06,0.91,3407856.0,22513856.0,480.0
8230,2014-09-08,6.56,6.62,6.52,6.58,0.02,0.3,2234380.0,14703983.0,325.0
8230,2014-09-07,6.58,6.8,6.52,6.56,-0.01,-0.15,6934706.0,46045975.75,914.0
8230,2014-09-04,6.56,6.62,6.44,6.57,0.04,0.61,2782670.0,18166064.0,507.0
8230,2014-09-03,6.4,6.56,6.4,6.53,0.06,0.93,2544006.0,16485600.25,551.0
8230,2014-09-02,6.5,6.56,6.44,6.47,-0.01,-0.15,2248270.0,14573274.75,427.0
8230,2014-09-01,6.58,6.64,6.46,6.48,-0.05,-0.77,2748130.0,18019011.25,615.0
8230,2014-08-31,6.44,6.74,6.38,6.53,-0.12,-1.8,10820820.0,71209428.5,1672.0
8230,2014-08-28,6.46,6.86,6.46,6.65,0.35,5.56,22961420.0,153547070.25,3323.0
8230,2014-08-27,6.28,6.4,6.24,6.3,0.0,0.0,3591140.0,22661864.5,484.0
8230,2014-08-26,6.24,6.38,6.18,6.3,0.02,0.32,3217950.0,20224601.0,515.0
8230,2014-08-25,6.34,6.38,6.0,6.28,0.02,0.32,4164320.0,25772018.8,887.0
8230,2014-08-24,6.4,6.44,6.12,6.26,-0.16,-2.49,6459556.0,40548777.25,1046.0
8230,2014-08-21,6.28,6.56,6.24,6.42,0.45,7.54,20859136.0,133710014.5,3168.0
8230,2014-08-20,5.96,6.0,5.9,5.97,0.0,0.0,1932966.0,11490144.0,330.0
8230,2014-08-19,6.06,6.08,5.94,5.97,-0.08,-1.32,2614950.0,15701046.4,383.0
8230,2014-08-18,6.06,6.1,5.96,6.05,0.01,0.17,2404140.0,14571853.3,377.0
8230,2014-08-17,6.02,6.1,6.0,6.04,0.01,0.17,2735106.0,16529536.6,464.0
8230,2014-08-14,6.06,6.1,6.0,6.03,-0.01,-0.17,2971206.0,17984180.1,505.0
8230,2014-08-13,6.12,6.16,6.02,6.04,-0.04,-0.66,3162350.0,19232252.95,606.0
8230,2014-08-12,5.86,6.12,5.84,6.08,0.21,3.58,3707336.0,22247838.9,671.0
8230,2014-08-11,5.86,5.88,5.82,5.87,0.02,0.34,928410.0,5435063.5,167.0
8230,2014-08-10,5.88,5.88,5.8,5.85,0.0,0.0,677020.0,3949638.1,165.0
8230,2014-08-07,5.88,5.9,5.84,5.85,-0.01,-0.17,1490530.0,8736243.1,254.0
8230,2014-08-06,5.84,5.9,5.84,5.86,0.0,0.0,1768200.0,10383361.7,292.0
8230,2014-08-05,5.84,5.9,5.78,5.86,0.02,0.34,2497106.0,14585180.4,377.0
8230,2014-08-04,5.7,5.86,5.7,5.84,0.2,3.55,3134590.0,18218990.3,605.0
8230,2014-08-03,5.44,5.7,5.44,5.64,0.19,3.49,2185880.0,12118363.1,317.0
8230,2014-07-24,5.46,5.46,5.4,5.45,0.01,0.18,1139960.0,6187962.2,196.0
8230,2014-07-23,5.36,5.48,5.36,5.44,0.05,0.93,963550.0,5239511.8,183.0
8230,2014-07-22,5.32,5.46,5.32,5.39,0.06,1.13,1411146.0,7599845.6,221.0
8230,2014-07-21,5.4,5.48,5.28,5.33,0.08,1.52,2045830.0,11032474.6,336.0
8230,2014-07-20,5.2,5.26,5.18,5.25,0.05,0.96,834886.0,4347841.0,115.0
8230,2014-07-17,5.18,5.2,5.1,5.2,0.02,0.39,759836.0,3922958.5,135.0
8230,2014-07-16,5.18,5.22,5.14,5.18,-0.02,-0.38,229306.0,1188903.2,73.0
8230,2014-07-15,5.2,5.22,5.2,5.2,0.0,0.0,164456.0,855905.6,48.0
8230,2014-07-14,5.24,5.26,5.2,5.2,-0.01,-0.19,651036.0,3395361.8,109.0
8230,2014-07-13,5.26,5.26,5.2,5.21,-0.01,-0.19,554276.0,2890239.0,112.0
8230,2014-07-10,5.26,5.3,5.18,5.22,-0.03,-0.57,1099846.0,5747392.7,191.0
8230,2014-07-09,5.26,5.36,5.2,5.25,0.01,0.19,2150866.0,11378587.4,397.0
8230,2014-07-08,5.14,5.34,5.14,5.24,0.08,1.55,1802430.0,9470090.6,349.0
8230,2014-07-07,5.14,5.18,5.14,5.16,0.0,0.0,602610.0,3102424.5,101.0
8230,2014-07-06,5.14,5.22,5.12,5.16,0.01,0.19,1376286.0,7116666.0,175.0
8230,2014-07-03,5.12,5.18,5.12,5.15,0.02,0.39,599240.0,3084875.2,109.0
8230,2014-07-02,5.08,5.18,5.08,5.13,0.05,0.98,896940.0,4597490.3,133.0
8230,2014-07-01,4.97,5.12,4.94,5.08,0.05,0.99,580596.0,2933383.8,138.0
8230,2014-06-30,5.12,5.14,5.02,5.03,-0.11,-2.14,672310.0,3404367.3,160.0
8230,2014-06-29,5.18,5.22,5.08,5.14,-0.09,-1.72,1409840.0,7265327.3,208.0
8230,2014-06-26,5.26,5.26,5.22,5.23,-0.03,-0.57,2403316.0,12583830.2,234.0
8230,2014-06-25,5.3,5.32,5.24,5.26,0.0,0.0,1433736.0,7569746.6,218.0
8230,2014-06-24,5.24,5.3,5.2,5.26,0.03,0.57,2754740.0,14468333.5,252.0
8230,2014-06-23,5.38,5.38,5.2,5.23,-0.17,-3.15,535086.0,2825600.5,167.0
8230,2014-06-22,5.38,5.42,5.3,5.4,0.04,0.75,1257160.0,6767561.2,231.0
8230,2014-06-19,5.36,5.4,5.34,5.36,-0.02,-0.37,624800.0,3352828.4,160.0
8230,2014-06-18,5.38,5.4,5.34,5.38,-0.01,-0.19,1323846.0,7112392.6,245.0
8230,2014-06-17,5.3,5.42,5.2,5.39,0.09,1.7,2294796.0,12252336.2,315.0
8230,2014-06-16,5.42,5.48,5.26,5.3,-0.15,-2.75,882690.0,4765193.7,261.0
8230,2014-06-15,5.46,5.56,5.4,5.45,-0.06,-1.09,1686360.0,9263522.4,392.0
8230,2014-06-12,5.48,5.68,5.48,5.51,-0.01,-0.18,3294976.0,18262981.1,438.0
8230,2014-06-11,5.5,5.56,5.46,5.52,0.01,0.18,4019486.0,22164656.2,407.0
8230,2014-06-10,5.52,5.58,5.46,5.51,0.0,0.0,1601566.0,8809707.8,282.0
8230,2014-06-09,5.42,5.56,5.4,5.51,0.12,2.23,2165270.0,11923907.9,345.0
8230,2014-06-08,5.58,5.58,5.08,5.39,-0.25,-4.43,4254876.0,22734391.1,605.0
8230,2014-06-05,5.78,5.8,5.62,5.64,-0.16,-2.76,2185100.0,12466476.6,390.0
8230,2014-06-04,5.88,5.88,5.76,5.8,-0.08,-1.36,2347300.0,13644519.7,403.0
8230,2014-06-03,5.9,5.92,5.86,5.88,-0.03,-0.51,1942490.0,11434329.3,315.0
8230,2014-06-02,5.92,5.94,5.88,5.91,-0.01,-0.17,1501726.0,8872758.3,281.0
8230,2014-06-01,5.94,5.96,5.86,5.92,-0.02,-0.34,2522916.0,14936724.6,468.0
8230,2014-05-29,6.08,6.1,5.9,5.94,-0.12,-1.98,3036656.0,18191445.4,555.0
8230,2014-05-28,6.02,6.16,6.0,6.06,0.05,0.83,4584920.0,27855263.15,832.0
8230,2014-05-27,6.1,6.1,6.0,6.01,-0.06,-0.99,2328340.0,14058492.3,428.0
8230,2014-05-26,6.1,6.16,6.06,6.07,0.03,0.5,3114930.0,19022717.75,563.0
8230,2014-05-25,6.08,6.12,5.98,6.04,-0.05,-0.82,1847370.0,11187866.2,376.0
8230,2014-05-22,6.18,6.22,6.1,6.09,-0.06,-0.98,2856580.0,17489664.05,457.0
8230,2014-05-21,6.24,6.24,6.12,6.15,-0.01,-0.16,3220546.0,19855741.5,571.0
8230,2014-05-20,6.12,6.24,6.06,6.16,0.06,0.98,3949796.0,24201776.5,636.0
8230,2014-05-19,6.24,6.28,6.02,6.1,-0.16,-2.56,5434586.0,33407226.15,995.0
8230,2014-05-18,6.28,6.52,6.22,6.26,0.2,3.3,17660740.0,112704616.75,2650.0
8230,2014-05-15,6.12,6.12,6.04,6.06,-0.05,-0.82,3772526.0,22915622.1,559.0
8230,2014-05-14,6.12,6.22,6.1,6.11,0.01,0.16,4068080.0,24940770.75,644.0
8230,2014-05-13,6.04,6.22,6.02,6.1,0.06,0.99,11493680.0,70443842.65,1526.0
8230,2014-05-12,6.02,6.08,6.0,6.04,0.01,0.17,3205730.0,19374700.1,497.0
8230,2014-05-11,6.1,6.12,5.96,6.03,-0.04,-0.66,4238276.0,25578229.9,608.0
8230,2014-05-08,6.06,6.1,6.02,6.07,0.02,0.33,4145520.0,25167389.1,710.0
8230,2014-05-07,6.22,6.32,6.02,6.05,-0.1,-1.63,11104620.0,68035561.9,1423.0
8230,2014-05-06,6.1,6.28,6.02,6.15,0.08,1.32,11782890.0,72209860.45,1616.0
8230,2014-05-05,5.92,6.12,5.9,6.07,0.17,2.88,6355006.0,38255452.4,1058.0
8230,2014-05-04,5.86,6.06,5.78,5.9,0.07,1.2,6220000.0,36675651.0,1036.0
8230,2014-05-01,5.94,6.0,5.82,5.83,-0.06,-1.02,5504566.0,32538448.0,714.0
8230,2014-04-30,6.04,6.06,5.82,5.89,-0.14,-2.32,5409200.0,31998136.5,961.0
8230,2014-04-29,6.12,6.22,6.0,6.03,-0.07,-1.15,8360310.0,51040372.65,1197.0
8230,2014-04-28,6.12,6.44,6.06,6.1,0.06,0.99,27004130.0,168082894.55,3682.0
8230,2014-04-27,6.0,6.04,5.94,6.04,0.54,9.82,8683226.0,52314740.9,848.0
8230,2014-04-24,5.46,5.56,5.42,5.5,0.05,0.92,6244096.0,34183464.3,893.0
8230,2014-04-23,5.48,5.48,5.4,5.45,0.01,0.18,4874850.0,26583694.6,743.0
8230,2014-04-22,5.26,5.62,5.26,5.44,0.27,5.22,19073010.0,104527247.1,2210.0
8230,2014-04-21,5.2,5.2,5.14,5.17,-0.01,-0.19,2364400.0,12216143.1,319.0
8230,2014-04-20,5.16,5.2,5.16,5.18,0.02,0.39,2291416.0,11873198.8,322.0
8230,2014-04-17,5.18,5.2,5.14,5.16,-0.01,-0.19,2937326.0,15162823.5,418.0
8230,2014-04-16,5.24,5.26,5.16,5.17,-0.02,-0.39,2879726.0,15013585.3,391.0
8230,2014-04-15,5.22,5.24,5.16,5.19,-0.01,-0.19,2997950.0,15572571.4,374.0
8230,2014-04-14,5.26,5.3,5.2,5.2,0.03,0.58,4035520.0,21180250.0,540.0
8230,2014-04-13,5.12,5.2,5.1,5.17,0.07,1.37,4033096.0,20828945.9,641.0
8230,2014-04-10,5.04,5.14,5.04,5.1,0.03,0.59,2707776.0,13793429.9,405.0
8230,2014-04-09,5.08,5.24,5.02,5.07,0.03,0.6,6147226.0,31546160.2,959.0
8230,2014-04-08,5.08,5.08,5.0,5.04,-0.05,-0.98,2162416.0,10911613.4,314.0
8230,2014-04-07,5.12,5.12,5.04,5.09,0.0,0.0,1737666.0,8835886.2,280.0
8230,2014-04-06,5.12,5.12,5.04,5.09,-0.05,-0.97,2962946.0,15056845.7,425.0
8230,2014-04-03,5.14,5.16,5.12,5.14,-0.01,-0.19,1370710.0,7040365.3,165.0
8230,2014-04-02,5.16,5.18,5.14,5.15,0.0,0.0,967286.0,4975359.5,185.0
8230,2014-04-01,5.16,5.22,5.14,5.15,-0.01,-0.19,3052660.0,15794476.5,300.0
8230,2014-03-31,5.14,5.24,5.12,5.16,0.04,0.78,3980386.0,20551911.3,544.0
8230,2014-03-30,5.14,5.18,5.12,5.12,0.0,0.0,2079656.0,10698949.2,337.0
8230,2014-03-27,5.2,5.24,5.1,5.12,-0.09,-1.73,3550520.0,18389261.0,622.0
8230,2014-03-26,5.02,5.3,5.02,5.21,0.2,3.99,12672590.0,65483431.0,1705.0
8230,2014-03-25,5.02,5.02,5.0,5.01,0.01,0.2,494060.0,2472808.6,141.0
8230,2014-03-24,5.02,5.02,4.99,5.0,-0.01,-0.2,856006.0,4280768.6,173.0
8230,2014-03-23,5.02,5.06,4.96,5.01,0.01,0.2,1394586.0,6989651.3,245.0
8230,2014-03-20,5.04,5.04,4.97,5.0,-0.05,-0.99,1450496.0,7268088.0,262.0
8230,2014-03-19,5.04,5.08,5.02,5.05,0.0,0.0,2406800.0,12115196.9,362.0
8230,2014-03-18,5.06,5.1,5.02,5.05,-0.01,-0.2,3117670.0,15763969.9,464.0
8230,2014-03-17,5.04,5.08,5.02,5.06,0.06,1.2,5866676.0,29647508.1,869.0
8230,2014-03-16,4.93,5.02,4.93,5.0,0.06,1.21,2416620.0,12022436.9,359.0
8230,2014-03-13,4.99,4.99,4.93,4.94,-0.02,-0.4,2059876.0,10211348.3,303.0
8230,2014-03-12,4.94,5.0,4.93,4.96,0.01,0.2,3458490.0,17181089.1,400.0
8230,2014-03-11,4.95,4.99,4.95,4.95,-0.01,-0.2,1743316.0,8643424.3,190.0
8230,2014-03-10,4.96,4.97,4.94,4.96,0.0,0.0,727186.0,3603450.8,167.0
8230,2014-03-09,5.04,5.04,4.95,4.96,-0.07,-1.39,2573396.0,12827098.8,347.0
8230,2014-03-06,4.89,5.04,4.88,5.03,0.16,3.29,2528610.0,12564233.0,402.0
8230,2014-03-05,4.91,4.94,4.8,4.87,-0.05,-1.02,2425566.0,11804342.3,391.0
8230,2014-03-04,4.86,4.96,4.84,4.92,0.12,2.5,1152220.0,5669721.8,237.0
8230,2014-03-03,4.84,4.86,4.78,4.8,-0.07,-1.44,1201780.0,5801772.9,197.0
8230,2014-03-02,4.94,4.95,4.83,4.87,-0.08,-1.62,1163320.0,5698157.5,286.0
8230,2014-02-27,4.94,4.97,4.93,4.95,-0.03,-0.6,923410.0,4569052.7,172.0
8230,2014-02-26,4.96,5.0,4.94,4.98,-0.02,-0.4,1331410.0,6612903.2,249.0
8230,2014-02-25,5.02,5.04,4.94,5.0,-0.01,-0.2,1695770.0,8439209.6,307.0
8230,2014-02-24,5.0,5.06,4.99,5.01,0.01,0.2,1785226.0,8962463.5,310.0
8230,2014-02-23,5.04,5.04,5.0,5.0,0.0,0.0,2053186.0,10303056.8,272.0
8230,2014-02-20,5.02,5.04,4.97,5.0,-0.01,-0.2,1060610.0,5315371.1,259.0
8230,2014-02-19,5.08,5.08,5.02,5.01,-0.06,-1.18,2369420.0,11947015.4,602.0
8230,2014-02-18,4.84,5.2,4.84,5.07,0.27,5.63,11281526.0,57096143.0,2077.0
8230,2014-02-17,4.83,4.86,4.78,4.8,-0.02,-0.41,1141380.0,5497695.5,207.0
8230,2014-02-16,4.77,4.81,4.75,4.82,0.06,1.26,789326.0,3786514.8,154.0
8230,2014-02-13,4.8,4.8,4.75,4.76,-0.06,-1.24,612966.0,2924168.1,132.0
8230,2014-02-12,4.77,4.83,4.74,4.82,0.05,1.05,615156.0,2942181.3,111.0
8230,2014-02-11,4.79,4.79,4.77,4.77,-0.02,-0.42,494430.0,2362521.6,108.0
8230,2014-02-10,4.77,4.83,4.77,4.79,0.02,0.42,1266000.0,6084442.4,202.0
8230,2014-02-09,4.8,4.8,4.77,4.77,0.0,0.0,755956.0,3609666.8,164.0
8230,2014-02-06,4.78,4.8,4.77,4.77,0.05,1.06,1343656.0,6427684.2,298.0
8230,2014-02-05,4.73,4.74,4.7,4.72,0.01,0.21,387386.0,1828424.5,108.0
8230,2014-02-04,4.73,4.73,4.69,4.71,-0.05,-1.05,805046.0,3795334.2,144.0
8230,2014-02-03,4.73,4.8,4.69,4.76,0.03,0.63,1283416.0,6084857.6,247.0
8230,2014-02-02,4.75,4.75,4.72,4.73,-0.01,-0.21,323980.0,1533575.5,90.0
8230,2014-01-30,4.73,4.77,4.73,4.74,-0.04,-0.84,238226.0,1131739.2,71.0
8230,2014-01-29,4.81,4.81,4.78,4.78,-0.04,-0.83,746776.0,3574881.8,164.0
8230,2014-01-28,4.83,4.83,4.74,4.82,0.04,0.84,692736.0,3317320.8,161.0
8230,2014-01-27,4.72,4.84,4.72,4.78,0.06,1.27,1005770.0,4796113.7,255.0
8230,2014-01-26,4.79,4.79,4.66,4.72,-0.1,-2.07,1697796.0,8006561.4,337.0
8230,2014-01-23,4.83,4.86,4.78,4.82,0.02,0.42,1123110.0,5408941.2,251.0
8230,2014-01-22,5.1,5.1,4.78,4.8,-0.29,-5.7,2123306.0,10416197.6,490.0
8230,2014-01-21,5.12,5.14,5.08,5.09,-0.03,-0.59,1474130.0,7522736.7,293.0
8230,2014-01-20,5.16,5.18,5.12,5.12,-0.03,-0.58,762586.0,3919849.2,167.0
8230,2014-01-19,5.22,5.24,5.14,5.15,-0.1,-1.9,1781650.0,9204654.4,313.0
8230,2014-01-16,5.2,5.24,5.18,5.25,0.05,0.96,747966.0,3904297.8,176.0
8230,2014-01-15,5.24,5.24,5.2,5.2,-0.06,-1.14,878770.0,4577247.1,168.0
8230,2014-01-14,5.24,5.28,5.22,5.26,0.03,0.57,648846.0,3412385.6,147.0
8230,2014-01-13,5.24,5.26,5.2,5.23,-0.02,-0.38,654306.0,3430870.9,161.0
8230,2014-01-12,5.26,5.3,5.24,5.25,0.02,0.38,714780.0,3765116.7,195.0
8230,2014-01-09,5.26,5.26,5.14,5.23,-0.03,-0.57,694030.0,3607646.6,153.0
8230,2014-01-08,5.3,5.3,5.26,5.26,-0.01,-0.19,402706.0,2120225.0,103.0
8230,2014-01-07,5.26,5.32,5.26,5.27,0.04,0.76,626620.0,3312637.0,187.0
8230,2014-01-06,5.2,5.24,5.2,5.23,0.02,0.38,311356.0,1626256.8,107.0
8230,2014-01-05,5.3,5.3,5.2,5.21,-0.1,-1.88,1089466.0,5719050.4,241.0
8230,2014-01-02,5.36,5.36,5.3,5.31,-0.06,-1.12,793626.0,4225019.8,209.0
8230,2014-01-01,5.4,5.4,5.36,5.37,-0.02,-0.37,972706.0,5228419.4,179.0
8230,2013-12-31,5.36,5.4,5.34,5.39,0.05,0.94,1033316.0,5541476.0,181.0
8230,2013-12-30,5.34,5.36,5.3,5.34,0.0,0.0,698780.0,3733477.2,131.0
8230,2013-12-29,5.36,5.38,5.34,5.34,-0.03,-0.56,693756.0,3717520.1,163.0
8230,2013-12-26,5.36,5.4,5.34,5.37,0.0,0.0,1201220.0,6440863.2,222.0
8230,2013-12-25,5.4,5.42,5.36,5.37,0.01,0.19,1128526.0,6082535.5,230.0
8230,2013-12-24,5.38,5.42,5.34,5.36,-0.03,-0.56,1161496.0,6241242.7,236.0
8230,2013-12-23,5.46,5.46,5.4,5.39,-0.05,-0.92,1571726.0,8541764.1,300.0
8230,2013-12-22,5.4,5.46,5.4,5.44,0.1,1.87,2315886.0,12552442.1,389.0
8230,2013-12-19,5.44,5.58,5.28,5.34,-0.09,-1.66,5319476.0,29209243.1,887.0
8230,2013-12-18,5.3,5.46,5.24,5.43,0.12,2.26,4618876.0,25022610.9,777.0
8230,2013-12-17,5.4,5.4,5.3,5.31,-0.07,-1.3,1922766.0,10262708.8,384.0
8230,2013-12-16,5.3,5.42,5.3,5.38,0.1,1.89,3737520.0,20036071.9,573.0
8230,2013-12-15,5.24,5.28,5.22,5.28,0.07,1.34,1746026.0,9189381.9,285.0
8230,2013-12-12,5.22,5.24,5.2,5.21,0.03,0.58,691380.0,3605442.8,173.0
8230,2013-12-11,5.2,5.22,5.18,5.18,-0.03,-0.58,495246.0,2576517.3,130.0
8230,2013-12-10,5.26,5.3,5.2,5.21,-0.04,-0.76,870676.0,4583812.7,155.0
8230,2013-12-09,5.28,5.34,5.24,5.25,-0.01,-0.19,956866.0,5042259.1,190.0
8230,2013-12-08,5.26,5.3,5.26,5.26,0.01,0.19,605610.0,3197516.5,158.0
8230,2013-12-05,5.24,5.26,5.24,5.25,0.02,0.38,433036.0,2269405.3,103.0
8230,2013-12-04,5.2,5.32,5.2,5.23,0.02,0.38,1620020.0,8497292.4,320.0
8230,2013-12-03,5.24,5.26,5.18,5.21,-0.02,-0.38,1628150.0,8498841.5,270.0
8230,2013-12-02,5.22,5.24,5.22,5.23,0.0,0.0,419346.0,2193409.9,97.0
8230,2013-12-01,5.26,5.26,5.22,5.23,0.0,0.0,404306.0,2118063.3,114.0
8230,2013-11-28,5.24,5.28,5.24,5.23,-0.04,-0.76,323810.0,1699968.1,93.0
8230,2013-11-27,5.26,5.26,5.26,5.27,0.01,0.19,346296.0,1822490.6,110.0
8230,2013-11-26,5.24,5.38,5.24,5.26,-0.01,-0.19,1425120.0,7550560.9,328.0
8230,2013-11-25,5.26,5.28,5.24,5.27,-0.02,-0.38,839106.0,4415343.3,146.0
8230,2013-11-24,5.34,5.34,5.26,5.29,0.01,0.19,568756.0,3010945.8,171.0
8230,2013-11-21,5.4,5.4,5.28,5.28,-0.09,-1.68,405106.0,2163001.1,121.0
8230,2013-11-20,5.34,5.36,5.3,5.37,0.03,0.56,623986.0,3333761.4,140.0
8230,2013-11-19,5.42,5.44,5.28,5.34,-0.13,-2.38,2014030.0,10777744.5,346.0
8230,2013-11-18,5.48,5.5,5.46,5.47,-0.01,-0.18,486980.0,2663027.4,124.0
8230,2013-11-17,5.48,5.52,5.44,5.48,0.01,0.18,600880.0,3293401.8,104.0
8230,2013-11-14,5.46,5.5,5.46,5.47,0.02,0.37,582050.0,3189195.3,118.0
8230,2013-11-13,5.44,5.54,5.44,5.45,0.01,0.18,2562200.0,14072806.2,471.0
8230,2013-11-12,5.48,5.48,5.44,5.44,-0.03,-0.55,748440.0,4084997.1,165.0
8230,2013-11-11,5.46,5.48,5.46,5.47,0.0,0.0,703296.0,3848048.9,160.0
8230,2013-11-10,5.46,5.48,5.46,5.47,0.0,0.0,776500.0,4242393.0,159.0
8230,2013-11-07,5.48,5.5,5.46,5.47,-0.02,-0.36,1176600.0,6438586.9,192.0
8230,2013-11-06,5.52,5.52,5.48,5.49,-0.04,-0.72,1283640.0,7059442.4,221.0
8230,2013-11-05,5.42,5.54,5.42,5.53,0.12,2.22,2300076.0,12620383.2,339.0
8230,2013-11-04,5.46,5.48,5.4,5.41,-0.06,-1.1,871156.0,4733805.1,195.0
8230,2013-11-03,5.46,5.48,5.46,5.47,-0.01,-0.18,459246.0,2514086.5,118.0
8230,2013-10-31,5.52,5.52,5.46,5.48,-0.02,-0.36,605786.0,3322750.0,143.0
8230,2013-10-30,5.52,5.56,5.48,5.5,0.05,0.92,2999550.0,16538707.5,392.0
8230,2013-10-29,5.48,5.48,5.4,5.45,-0.03,-0.55,810936.0,4412425.4,181.0
8230,2013-10-28,5.48,5.5,5.46,5.48,0.0,0.0,642350.0,3522144.9,129.0
8230,2013-10-27,5.5,5.52,5.48,5.48,0.0,0.0,680956.0,3739407.3,150.0
8230,2013-10-24,5.48,5.56,5.46,5.48,0.0,0.0,2372956.0,13055316.6,413.0
8230,2013-10-23,5.48,5.52,5.46,5.48,0.03,0.55,2056676.0,11287571.1,395.0
8230,2013-10-22,5.36,5.5,5.36,5.45,0.09,1.68,3042890.0,16552585.1,473.0
8230,2013-10-21,5.38,5.4,5.36,5.36,-0.01,-0.19,569910.0,3066002.2,124.0
8230,2013-10-20,5.36,5.4,5.36,5.37,0.08,1.51,808096.0,4345529.6,177.0
8230,2013-10-10,5.3,5.34,5.28,5.29,0.0,0.0,678646.0,3604100.2,234.0
8230,2013-10-09,5.2,5.46,5.2,5.29,0.06,1.15,2685280.0,14291971.6,591.0
8230,2013-10-08,5.32,5.34,5.24,5.23,-0.05,-0.95,576760.0,3044016.2,163.0
8230,2013-10-07,5.32,5.46,5.26,5.28,-0.09,-1.68,3554300.0,19137877.1,481.0
8230,2013-10-06,5.42,5.42,5.14,5.37,-0.04,-0.74,550160.0,2924063.9,150.0
8230,2013-10-03,5.42,5.42,5.4,5.41,0.02,0.37,658236.0,3556210.4,133.0
8230,2013-10-02,5.46,5.48,5.4,5.39,-0.08,-1.46,1068466.0,5803147.9,202.0
8230,2013-10-01,5.46,5.52,5.44,5.47,0.0,0.0,1312746.0,7185704.1,211.0
8230,2013-09-30,5.48,5.52,5.46,5.47,-0.02,-0.36,556120.0,3050036.7,127.0
8230,2013-09-29,5.5,5.5,5.44,5.49,0.02,0.37,1369766.0,7485449.7,240.0
8230,2013-09-26,5.58,5.58,5.46,5.47,-0.09,-1.62,2605450.0,14425514.0,458.0
8230,2013-09-25,5.46,5.56,5.44,5.56,0.11,2.02,2826560.0,15556802.8,409.0
8230,2013-09-24,5.46,5.48,5.42,5.45,0.01,0.18,1508716.0,8223764.1,275.0
8230,2013-09-19,5.46,5.5,5.42,5.44,0.01,0.18,3045776.0,16608560.6,473.0
8230,2013-09-18,5.46,5.52,5.42,5.43,-0.02,-0.37,2042100.0,11168393.3,275.0
8230,2013-09-17,5.48,5.52,5.42,5.45,-0.04,-0.73,1667686.0,9148392.9,306.0
8230,2013-09-16,5.48,5.48,5.44,5.49,0.04,0.73,1719146.0,9402622.9,368.0
8230,2013-09-15,5.38,5.48,5.36,5.45,0.13,2.44,2386686.0,12931068.5,465.0
8230,2013-09-12,5.34,5.36,5.3,5.32,0.01,0.19,825136.0,4396220.1,197.0
8230,2013-09-11,5.42,5.42,5.3,5.31,-0.08,-1.48,1656300.0,8858377.0,375.0
8230,2013-09-10,5.38,5.46,5.32,5.39,0.19,3.65,2900766.0,15632993.8,517.0
8230,2013-09-09,5.28,5.3,5.14,5.2,-0.08,-1.52,2306076.0,11985012.3,415.0
8230,2013-09-08,5.36,5.42,5.28,5.28,-0.01,-0.19,1204590.0,6442058.9,290.0
8230,2013-09-05,5.36,5.5,5.3,5.29,-0.12,-2.22,1373450.0,7368286.8,322.0
8230,2013-09-04,5.34,5.56,5.32,5.41,0.0,0.0,2862676.0,15646066.4,694.0
8230,2013-09-03,5.64,5.64,5.28,5.41,-0.19,-3.39,2792856.0,15279408.4,562.0
8230,2013-09-02,5.46,5.82,5.46,5.6,0.21,3.9,6317006.0,35785925.6,1151.0
8230,2013-09-01,5.34,5.4,5.3,5.39,0.16,3.06,2093790.0,11224053.6,442.0
8230,2013-08-29,5.26,5.34,5.2,5.23,0.02,0.38,1178430.0,6203192.1,300.0
8230,2013-08-28,5.1,5.32,5.02,5.21,-0.07,-1.33,1389696.0,7273187.1,380.0
8230,2013-08-27,5.78,5.78,5.28,5.28,-0.57,-9.74,2210940.0,12077518.7,623.0
8230,2013-08-26,5.86,5.9,5.8,5.85,-0.02,-0.34,875416.0,5119205.3,258.0
8230,2013-08-25,5.96,5.96,5.86,5.87,-0.07,-1.18,1375550.0,8130811.1,278.0
8230,2013-08-22,6.0,6.04,5.94,5.94,-0.05,-0.83,1866536.0,11176256.2,350.0
8230,2013-08-21,6.0,6.02,5.98,5.99,0.0,0.0,944216.0,5665720.6,167.0
8230,2013-08-20,6.02,6.04,5.98,5.99,-0.08,-1.32,1605506.0,9638977.0,312.0
8230,2013-08-19,6.1,6.1,6.04,6.07,-0.01,-0.16,1709216.0,10369328.2,243.0
8230,2013-08-18,6.06,6.1,6.06,6.08,0.05,0.83,1499450.0,9122905.1,306.0
8230,2013-08-15,5.98,6.06,5.96,6.03,0.05,0.84,1250730.0,7520209.0,249.0
8230,2013-08-14,6.0,6.0,5.96,5.98,-0.01,-0.17,558650.0,3337065.8,137.0
8230,2013-08-13,6.0,6.0,5.96,5.99,0.02,0.34,464110.0,2777563.7,118.0
8230,2013-08-05,5.98,6.0,5.96,5.97,0.0,0.0,558540.0,3337937.1,142.0
8230,2013-08-04,5.96,6.02,5.96,5.97,-0.01,-0.17,766770.0,4587031.2,162.0
8230,2013-08-01,5.94,6.02,5.9,5.98,0.04,0.67,1231280.0,7350457.7,265.0
8230,2013-07-31,5.94,5.98,5.94,5.94,0.0,0.0,537780.0,3196988.2,129.0
8230,2013-07-30,5.94,5.94,5.9,5.94,0.02,0.34,379166.0,2248681.5,107.0
8230,2013-07-29,5.94,5.96,5.9,5.92,-0.04,-0.67,522170.0,3096389.9,129.0
8230,2013-07-28,5.96,6.0,5.94,5.96,-0.01,-0.17,344886.0,2059297.4,165.0
8230,2013-07-25,6.08,6.08,5.96,5.97,-0.13,-2.13,1457960.0,8766735.3,290.0
8230,2013-07-24,6.12,6.12,6.06,6.1,-0.03,-0.49,847720.0,5168975.8,153.0
8230,2013-07-23,6.16,6.16,6.1,6.13,0.0,0.0,639410.0,3909845.9,148.0
8230,2013-07-22,6.12,6.16,6.12,6.13,0.0,0.0,660766.0,4050424.75,154.0
8230,2013-07-21,6.16,6.22,6.12,6.13,0.0,0.0,997436.0,6141671.4,225.0
8230,2013-07-18,6.12,6.18,6.06,6.13,0.0,0.0,729196.0,4472929.25,181.0
8230,2013-07-17,6.16,6.18,6.1,6.13,-0.03,-0.49,1630686.0,10039647.25,279.0
8230,2013-07-16,6.18,6.22,6.16,6.16,0.0,0.0,968640.0,5987375.75,147.0
8230,2013-07-15,6.18,6.18,6.12,6.16,-0.03,-0.48,608176.0,3745371.5,128.0
8230,2013-07-14,6.16,6.24,6.16,6.19,0.0,0.0,461210.0,2863929.75,97.0
8230,2013-07-11,6.18,6.18,6.16,6.19,0.03,0.49,263136.0,1624337.75,78.0
8230,2013-07-10,6.18,6.22,6.16,6.16,-0.03,-0.48,236430.0,1463204.5,77.0
8230,2013-07-09,6.22,6.22,6.16,6.19,0.0,0.0,423470.0,2624997.0,113.0
8230,2013-07-08,6.22,6.24,6.16,6.19,-0.06,-0.96,887830.0,5512618.25,214.0
8230,2013-07-07,6.28,6.32,6.22,6.25,-0.03,-0.48,880296.0,5513687.25,230.0
8230,2013-07-04,6.16,6.5,6.16,6.28,0.18,2.95,4660036.0,29445617.25,862.0
8230,2013-07-03,6.18,6.24,6.1,6.1,-0.12,-1.93,2877146.0,17861336.15,428.0
8230,2013-07-02,6.22,6.28,6.18,6.22,0.03,0.48,1037426.0,6460437.5,183.0
8230,2013-07-01,6.22,6.24,6.18,6.19,0.0,0.0,323050.0,2007450.0,84.0
8230,2013-06-30,6.16,6.18,6.12,6.19,0.0,0.0,460420.0,2832928.45,146.0
8230,2013-06-26,6.34,6.34,6.18,6.19,-0.09,-1.43,737070.0,4605318.25,195.0
8230,2013-06-25,6.34,6.34,6.28,6.28,0.0,0.0,646930.0,4084400.75,143.0
8230,2013-06-24,6.38,6.52,6.24,6.28,-0.09,-1.41,2855886.0,18258958.75,538.0
8230,2013-06-23,6.34,6.4,6.28,6.37,0.09,1.43,1925386.0,12201394.75,327.0
8230,2013-06-22,6.16,6.38,6.12,6.28,0.06,0.96,1992566.0,12523339.25,391.0
8230,2013-06-19,6.22,6.38,6.16,6.22,0.06,0.97,1507650.0,9461322.75,369.0
8230,2013-06-18,6.18,6.24,6.16,6.16,-0.03,-0.48,914286.0,5679624.25,269.0
8230,2013-06-17,6.08,6.24,6.08,6.19,0.21,3.51,1255366.0,7717329.65,307.0
8230,2013-06-16,5.88,6.12,5.88,5.98,0.08,1.36,844940.0,5090589.0,341.0
8230,2013-06-15,6.32,6.32,5.78,5.9,-0.44,-6.94,2866390.0,17438930.0,517.0
8230,2013-06-12,6.34,6.4,6.32,6.34,-0.03,-0.47,900940.0,5734842.25,209.0
8230,2013-06-11,6.32,6.44,6.32,6.37,0.03,0.47,1610566.0,10254072.5,313.0
8230,2013-06-10,6.34,6.4,6.28,6.34,-0.03,-0.47,729576.0,4627169.25,147.0
8230,2013-06-09,6.34,6.4,6.32,6.37,0.03,0.47,1314346.0,8348662.25,227.0
8230,2013-06-08,6.44,6.46,6.28,6.34,-0.06,-0.94,1304540.0,8311012.75,263.0
8230,2013-06-05,6.44,6.46,6.38,6.4,-0.13,-1.99,1154790.0,7429735.75,281.0
8230,2013-06-04,6.62,6.62,6.44,6.53,-0.09,-1.36,1038046.0,6775818.5,251.0
8230,2013-06-03,6.62,6.7,6.52,6.62,0.06,0.91,5153446.0,34100833.75,927.0
8230,2013-06-02,6.24,6.56,6.22,6.56,0.28,4.46,2275160.0,14531412.75,400.0
8230,2013-06-01,5.9,6.28,5.9,6.28,0.06,0.96,1004876.0,6196272.1,215.0
8230,2013-05-29,6.32,6.34,6.18,6.22,-0.09,-1.43,1300140.0,8116385.75,259.0
8230,2013-05-28,6.32,6.4,6.32,6.31,-0.03,-0.47,1035536.0,6585336.25,203.0
8230,2013-05-27,6.5,6.5,6.32,6.34,-0.12,-1.86,1198756.0,7656619.0,241.0
8230,2013-05-26,6.46,6.5,6.38,6.46,0.0,0.0,790386.0,5083236.0,237.0
8230,2013-05-25,6.32,6.56,6.24,6.46,0.12,1.89,2356166.0,15107558.0,492.0
8230,2013-05-22,6.38,6.38,6.32,6.34,0.06,0.96,1505230.0,9550481.25,253.0
8230,2013-05-21,6.32,6.38,6.28,6.28,0.0,0.0,914330.0,5780648.5,227.0
8230,2013-05-20,6.32,6.4,6.18,6.28,-0.09,-1.41,1313190.0,8257303.0,333.0
8230,2013-05-19,6.38,6.46,6.24,6.37,0.06,0.95,3229220.0,20607246.75,701.0
8230,2013-05-18,5.94,6.32,5.86,6.31,0.55,9.55,6154206.0,37947729.05,1038.0
8230,2013-05-15,5.96,5.96,5.44,5.76,-0.28,-4.64,3548106.0,19823314.9,808.0
8230,2013-05-14,6.62,6.64,6.0,6.04,-0.58,-8.76,2657930.0,16895835.35,571.0
8230,2013-05-13,6.98,6.98,6.38,6.62,-0.43,-6.1,4959616.0,33580487.5,778.0
8230,2013-05-12,7.04,7.04,6.98,7.05,0.03,0.43,880400.0,6172845.75,225.0
8230,2013-05-11,7.08,7.1,7.02,7.02,-0.03,-0.43,1095976.0,7729953.5,253.0
8230,2013-05-08,7.1,7.2,7.02,7.05,-0.06,-0.84,3197826.0,22682690.25,463.0
8230,2013-05-07,7.16,7.22,7.08,7.11,-0.12,-1.66,1932950.0,13789429.0,397.0
8230,2013-05-06,7.38,7.48,7.2,7.23,-0.15,-2.03,2629640.0,19195838.0,521.0
8230,2013-05-05,7.36,7.54,7.32,7.38,0.0,0.0,7311456.0,54186183.0,1111.0
8230,2013-05-04,7.2,7.42,7.2,7.38,0.21,2.93,6486480.0,47369430.75,1021.0
8230,2013-05-01,7.14,7.3,7.14,7.17,0.0,0.0,3052930.0,22002239.25,689.0
8230,2013-04-30,7.14,7.26,7.1,7.17,0.03,0.42,1994216.0,14266233.25,437.0
8230,2013-04-29,7.14,7.32,7.1,7.14,0.09,1.28,9597436.0,69257702.5,1403.0
8230,2013-04-28,7.08,7.08,6.98,7.05,0.0,0.0,2082486.0,14649171.25,376.0
8230,2013-04-27,7.04,7.1,6.98,7.05,0.0,0.0,2826380.0,19905244.75,520.0
8230,2013-04-24,7.08,7.1,6.96,7.05,0.0,0.0,1795590.0,12602269.0,341.0
8230,2013-04-23,7.08,7.14,7.02,7.05,-0.03,-0.42,2324700.0,16482644.5,492.0
8230,2013-04-22,7.08,7.14,7.04,7.08,0.0,0.0,2389156.0,16917299.25,478.0
8230,2013-04-21,7.04,7.16,6.98,7.08,0.03,0.43,1823466.0,12893843.5,415.0
8230,2013-04-20,7.08,7.16,7.02,7.05,0.06,0.86,2042026.0,14432520.25,537.0
8230,2013-04-17,7.38,7.48,6.8,6.99,-0.36,-4.9,6766276.0,48032806.25,1376.0
8230,2013-04-16,7.1,7.66,7.04,7.35,0.21,2.94,18922160.0,141744032.5,3092.0
8230,2013-04-15,7.22,7.32,7.1,7.14,-0.03,-0.42,4436040.0,32082764.75,795.0
8230,2013-04-14,6.98,7.32,6.96,7.17,0.12,1.7,4209170.0,30202880.5,854.0
8230,2013-04-13,6.96,7.04,6.96,7.05,0.1,1.44,1826696.0,12801598.0,426.0
8230,2013-04-10,7.02,7.04,6.92,6.95,-0.07,-1.0,1940980.0,13522298.75,444.0
8230,2013-04-09,7.02,7.1,6.98,7.02,-0.03,-0.43,2477436.0,17431975.5,524.0
8230,2013-04-08,7.08,7.1,6.96,7.05,0.06,0.86,2294316.0,16102173.25,522.0
8230,2013-04-07,6.98,7.04,6.9,6.99,0.0,0.0,2271046.0,15849070.0,510.0
8230,2013-04-06,7.26,7.26,6.92,6.99,-0.27,-3.72,5048606.0,35746233.5,1057.0
8230,2013-04-03,7.48,7.48,7.26,7.26,-0.15,-2.02,2936336.0,21543961.5,703.0
8230,2013-04-02,7.3,7.5,7.26,7.41,0.15,2.07,5289440.0,39058962.0,1202.0
8230,2013-04-01,7.6,7.66,7.22,7.26,-0.25,-3.33,8287926.0,61756945.25,1779.0
8230,2013-03-31,7.16,7.82,7.08,7.51,0.4,5.63,27625676.0,207836451.75,3970.0
8230,2013-03-30,7.02,7.22,6.92,7.11,0.09,1.28,5231050.0,37001280.5,1049.0
8230,2013-03-27,6.98,7.08,6.9,7.02,0.1,1.45,2230380.0,15544574.0,403.0
8230,2013-03-26,7.08,7.1,6.92,6.92,-0.13,-1.84,1502780.0,10541631.75,366.0
8230,2013-03-25,7.14,7.16,6.98,7.05,-0.06,-0.84,2288416.0,16165162.75,553.0
8230,2013-03-24,7.16,7.32,7.02,7.11,0.06,0.85,5034500.0,36092227.0,959.0
8230,2013-03-23,6.9,7.08,6.86,7.05,0.22,3.22,2816396.0,19680787.25,573.0
8230,2013-03-20,6.9,6.9,6.84,6.83,-0.03,-0.44,1237156.0,8491654.25,271.0
8230,2013-03-19,6.9,6.98,6.86,6.86,0.06,0.88,1364866.0,9427661.5,367.0
8230,2013-03-18,6.86,6.9,6.74,6.8,-0.06,-0.87,1468180.0,10031943.5,346.0
8230,2013-03-17,6.74,7.02,6.7,6.86,0.09,1.33,4178880.0,28843289.5,835.0
8230,2013-03-16,6.68,6.86,6.64,6.77,0.15,2.27,2439166.0,16460196.0,553.0
8230,2013-03-13,6.52,6.64,6.46,6.62,0.12,1.85,1261260.0,8251366.0,237.0
8230,2013-03-12,6.7,6.7,6.5,6.5,-0.24,-3.56,1668386.0,11067134.25,327.0
8230,2013-03-11,6.58,6.86,6.58,6.74,0.15,2.28,3671510.0,24700509.25,660.0
8230,2013-03-10,6.56,6.64,6.5,6.59,0.03,0.46,1023216.0,6733731.5,269.0
8230,2013-03-09,6.5,6.62,6.5,6.56,0.1,1.55,852390.0,5598144.25,221.0
8230,2013-03-06,6.5,6.52,6.46,6.46,0.0,0.0,904286.0,5889849.25,229.0
8230,2013-03-05,6.38,6.46,6.38,6.46,0.09,1.41,640170.0,4119292.75,168.0
8230,2013-03-04,6.46,6.5,6.38,6.37,-0.13,-2.0,1079636.0,6941679.75,224.0
8230,2013-03-03,6.56,6.56,6.44,6.5,-0.06,-0.91,1009306.0,6562222.25,260.0
8230,2013-03-02,6.62,6.64,6.56,6.56,-0.03,-0.46,1009296.0,6655186.0,204.0
8230,2013-02-27,6.62,6.64,6.56,6.59,0.0,0.0,971050.0,6412289.25,234.0
8230,2013-02-26,6.62,6.74,6.58,6.59,-0.03,-0.45,1869540.0,12442261.5,484.0
8230,2013-02-25,6.56,6.64,6.52,6.62,0.09,1.38,1383176.0,9119410.75,301.0
8230,2013-02-24,6.58,6.62,6.52,6.53,-0.06,-0.91,766470.0,5035477.75,222.0
8230,2013-02-23,6.62,6.7,6.56,6.59,-0.03,-0.45,1757530.0,11637496.25,431.0
8230,2013-02-20,6.56,6.78,6.56,6.62,0.09,1.38,2731096.0,18142109.5,534.0
8230,2013-02-19,6.52,6.64,6.5,6.53,-0.03,-0.46,2957590.0,19388609.75,512.0
8230,2013-02-18,6.5,6.56,6.46,6.56,0.03,0.46,978876.0,6376689.25,218.0
8230,2013-02-17,6.56,6.56,6.46,6.53,0.0,0.0,789086.0,5127965.5,184.0
8230,2013-02-16,6.5,6.56,6.5,6.53,0.0,0.0,721390.0,4700581.25,197.0
8230,2013-02-13,6.5,6.56,6.5,6.53,0.03,0.46,814276.0,5318585.0,206.0
8230,2013-02-12,6.56,6.56,6.44,6.5,-0.03,-0.46,769296.0,4981489.0,201.0
8230,2013-02-11,6.5,6.62,6.46,6.53,0.07,1.08,1134966.0,7404114.75,262.0
8230,2013-02-10,6.46,6.5,6.44,6.46,0.0,0.0,742456.0,4801395.0,235.0
8230,2013-02-09,6.64,6.74,6.46,6.46,-0.19,-2.86,1598586.0,10435084.75,364.0
8230,2013-02-06,6.8,6.8,6.64,6.65,-0.06,-0.89,964686.0,6482841.75,291.0
8230,2013-02-05,6.8,6.86,6.62,6.71,-0.15,-2.19,1865436.0,12622591.75,393.0
8230,2013-02-04,6.92,7.04,6.86,6.86,-0.06,-0.87,3262726.0,22775799.25,566.0
8230,2013-02-03,6.92,6.96,6.86,6.92,0.03,0.44,1279376.0,8840523.5,293.0
8230,2013-02-02,6.86,6.92,6.86,6.89,0.06,0.88,1132876.0,7802056.0,253.0
8230,2013-01-30,6.86,6.92,6.8,6.83,0.0,0.0,1200890.0,8221312.0,292.0
8230,2013-01-29,6.92,6.92,6.84,6.83,-0.06,-0.87,1144536.0,7850603.0,310.0
8230,2013-01-28,6.96,6.98,6.9,6.89,-0.1,-1.43,1555856.0,10780429.25,302.0
8230,2013-01-27,6.98,7.02,6.92,6.99,0.0,0.0,1502586.0,10473143.5,332.0
8230,2013-01-26,6.86,6.98,6.84,6.99,0.13,1.9,1236480.0,8534224.5,249.0
8230,2013-01-23,6.86,6.92,6.8,6.86,0.0,0.0,692620.0,4754661.25,162.0
8230,2013-01-22,6.98,7.02,6.8,6.86,-0.16,-2.28,2135430.0,14705487.5,455.0
8230,2013-01-21,7.1,7.1,6.98,7.02,-0.06,-0.85,1072766.0,7535901.25,251.0
8230,2013-01-20,6.9,7.14,6.9,7.08,0.16,2.31,2715826.0,19150329.75,575.0
8230,2013-01-19,6.8,6.96,6.8,6.92,0.12,1.76,796186.0,5480938.0,181.0
8230,2013-01-16,6.78,6.9,6.78,6.8,-0.06,-0.87,811670.0,5564926.25,209.0
8230,2013-01-15,6.92,6.92,6.8,6.86,0.0,0.0,841706.0,5767700.75,176.0
8230,2013-01-14,6.9,6.92,6.86,6.86,-0.03,-0.44,320066.0,2203391.25,108.0
8230,2013-01-13,6.92,6.96,6.86,6.89,-0.03,-0.43,668810.0,4616934.0,190.0
8230,2013-01-12,6.98,6.98,6.9,6.92,-0.07,-1.0,983930.0,6825599.0,204.0
8230,2013-01-09,6.92,6.98,6.9,6.99,0.07,1.01,958390.0,6648807.25,246.0
8230,2013-01-08,6.96,6.98,6.84,6.92,0.03,0.44,1402250.0,9709154.25,330.0
8230,2013-01-07,6.96,7.02,6.9,6.89,-0.06,-0.86,1243496.0,8656486.5,277.0
8230,2013-01-06,7.04,7.04,6.92,6.95,-0.07,-1.0,1381140.0,9615584.0,364.0
8230,2013-01-05,7.02,7.08,6.98,7.02,-0.03,-0.43,1681920.0,11793849.5,359.0
8230,2013-01-02,7.1,7.1,6.98,7.05,-0.03,-0.42,1526776.0,10728727.0,323.0
8230,2013-01-01,7.08,7.16,7.04,7.08,0.0,0.0,1021326.0,7240590.0,282.0
8230,2012-12-31,7.1,7.14,6.8,7.08,0.03,0.43,1963706.0,13821778.75,392.0
8230,2012-12-30,7.08,7.14,6.98,7.05,0.06,0.86,2045830.0,14410901.75,467.0
8230,2012-12-29,6.98,7.08,6.96,6.99,0.04,0.58,1451076.0,10181085.25,324.0
8230,2012-12-26,7.02,7.04,6.9,6.95,-0.1,-1.42,1912806.0,13283680.0,428.0
8230,2012-12-25,7.22,7.3,7.02,7.05,-0.18,-2.49,2411470.0,17147977.75,530.0
8230,2012-12-24,7.36,7.36,7.22,7.23,-0.09,-1.23,1518386.0,11062270.0,357.0
8230,2012-12-23,7.42,7.56,7.3,7.32,-0.06,-0.81,2648210.0,19683856.0,605.0
8230,2012-12-22,7.38,7.42,7.3,7.38,0.0,0.0,1532856.0,11271023.0,366.0
8230,2012-12-19,7.42,7.48,7.3,7.38,-0.07,-0.94,3153086.0,23304298.25,601.0
8230,2012-12-18,7.48,7.5,7.36,7.45,-0.03,-0.4,2835470.0,21037998.5,512.0
8230,2012-12-17,7.42,7.5,7.42,7.48,0.07,0.94,3800300.0,28241914.0,616.0
8230,2012-12-16,7.68,7.68,7.42,7.41,-0.25,-3.26,8228000.0,61727948.0,1415.0
8230,2012-12-15,7.38,7.68,7.38,7.66,0.31,4.22,16606706.0,125623526.5,1975.0
8230,2012-12-12,7.5,7.56,7.22,7.35,-0.1,-1.34,6724256.0,49730751.0,1059.0
8230,2012-12-11,7.32,7.62,7.32,7.45,0.16,2.19,7150230.0,53681528.0,1369.0
8230,2012-12-10,7.32,7.54,7.2,7.29,0.0,0.0,5417266.0,40085592.5,1062.0
8230,2012-12-09,7.14,7.54,7.1,7.29,0.15,2.1,9564510.0,70293173.75,1711.0
8230,2012-12-08,7.16,7.2,7.04,7.14,0.03,0.42,2671956.0,19072007.0,545.0
8230,2012-12-05,6.86,7.36,6.84,7.11,0.25,3.64,9326710.0,66589228.0,1606.0
8230,2012-12-04,6.8,6.9,6.78,6.86,0.03,0.44,1400420.0,9548784.25,268.0
8230,2012-12-03,6.86,6.96,6.8,6.83,-0.06,-0.87,1736416.0,11926446.75,383.0
8230,2012-12-02,7.02,7.08,6.84,6.89,-0.06,-0.86,3347416.0,23179595.5,660.0
8230,2012-12-01,6.68,6.96,6.68,6.95,0.45,6.92,2973466.0,20158868.0,527.0
8230,2012-11-28,6.44,6.58,6.44,6.5,0.07,1.09,1601746.0,10438077.0,361.0
8230,2012-11-27,6.52,6.62,6.4,6.43,-0.13,-1.98,2168596.0,14086706.75,467.0
8230,2012-11-26,6.62,6.64,6.24,6.56,-0.06,-0.91,1857290.0,11975473.0,519.0
8230,2012-11-25,6.92,6.96,6.44,6.62,-0.33,-4.75,3706950.0,24702847.25,735.0
8230,2012-11-24,7.02,7.08,6.9,6.95,0.06,0.87,2174130.0,15123558.0,530.0
8230,2012-11-21,6.86,7.2,6.86,6.89,0.18,2.68,9514176.0,66957611.75,1887.0
8230,2012-11-20,6.8,6.9,6.56,6.71,-0.03,-0.45,2670736.0,17981039.75,556.0
8230,2012-11-19,6.78,6.96,6.38,6.74,-0.06,-0.88,3258486.0,21856136.0,680.0
8230,2012-11-18,6.92,6.96,6.78,6.8,-0.12,-1.73,1379960.0,9501250.5,296.0
8230,2012-11-17,6.92,6.92,6.74,6.92,-0.03,-0.43,1083456.0,7435583.25,251.0
8230,2012-11-14,7.16,7.16,6.86,6.95,-0.19,-2.66,2244410.0,15718802.0,416.0
8230,2012-11-13,7.14,7.22,7.1,7.14,0.0,0.0,1600446.0,11482423.75,276.0
8230,2012-11-12,7.14,7.2,7.1,7.14,0.0,0.0,1135970.0,8117384.75,244.0
8230,2012-11-11,7.32,7.36,7.04,7.14,-0.12,-1.65,2414330.0,17429631.25,513.0
8230,2012-11-10,7.22,7.42,7.16,7.26,-0.06,-0.82,4442376.0,32446270.5,770.0
8230,2012-11-07,7.22,7.48,7.22,7.32,0.15,2.09,6620060.0,48673665.5,1207.0
8230,2012-11-06,7.16,7.22,7.08,7.17,0.06,0.84,3409800.0,24397844.25,676.0
8230,2012-11-05,7.14,7.3,6.98,7.11,0.0,0.0,5710986.0,40787545.5,974.0
8230,2012-11-04,6.78,7.14,6.74,7.11,0.4,5.96,4426100.0,30797261.75,822.0
8230,2012-11-03,6.58,6.78,6.52,6.71,0.18,2.76,2323030.0,15463524.25,470.0
8230,2012-10-24,6.5,6.68,6.5,6.53,-0.06,-0.91,1589460.0,10472946.75,376.0
8230,2012-10-23,6.56,6.58,6.56,6.59,0.0,0.0,526346.0,3458606.75,192.0
8230,2012-10-22,6.64,6.74,6.5,6.59,-0.03,-0.45,1336120.0,8840826.75,347.0
8230,2012-10-21,6.7,6.78,6.58,6.62,-0.06,-0.9,1368700.0,9131942.5,350.0
8230,2012-10-20,6.62,6.7,6.56,6.68,0.0,0.0,813616.0,5403153.25,208.0
8230,2012-10-17,6.64,6.7,6.62,6.68,0.06,0.91,760576.0,5071063.25,209.0
8230,2012-10-16,6.58,6.68,6.58,6.62,0.0,0.0,839640.0,5564046.5,219.0
8230,2012-10-15,6.62,6.64,6.58,6.62,0.12,1.85,761386.0,5035108.0,192.0
8230,2012-10-14,6.44,6.58,6.24,6.5,0.1,1.56,2028250.0,12998592.75,368.0
8230,2012-10-13,6.8,6.8,6.32,6.4,-0.4,-5.88,1149070.0,7502411.5,274.0
8230,2012-10-10,6.86,6.92,6.8,6.8,-0.09,-1.31,1213366.0,8317090.5,238.0
8230,2012-10-09,6.86,6.92,6.86,6.89,0.03,0.44,696546.0,4792689.75,173.0
8230,2012-10-08,6.96,6.96,6.8,6.86,-0.09,-1.29,865100.0,5924353.5,232.0
8230,2012-10-07,6.98,7.02,6.9,6.95,-0.07,-1.0,804596.0,5583954.0,204.0
8230,2012-10-06,7.02,7.08,6.92,7.02,0.1,1.45,1194100.0,8389720.75,239.0
8230,2012-10-03,7.02,7.02,6.9,6.92,-0.13,-1.84,1030140.0,7155094.0,238.0
8230,2012-10-02,7.1,7.16,6.98,7.05,-0.03,-0.42,1306090.0,9259217.5,291.0
8230,2012-10-01,6.86,7.3,6.86,7.08,0.22,3.21,3510296.0,24926437.75,653.0
8230,2012-09-30,6.8,6.96,6.68,6.86,0.12,1.78,1458640.0,9940642.75,315.0
8230,2012-09-29,6.96,6.96,6.64,6.74,-0.15,-2.18,1705126.0,11662394.5,430.0
8230,2012-09-26,7.16,7.16,6.74,6.89,-0.34,-4.7,1923726.0,13529253.25,439.0
8230,2012-09-25,7.22,7.26,7.1,7.23,0.03,0.42,2415690.0,17321385.0,336.0
8230,2012-09-24,7.16,7.3,7.1,7.2,0.09,1.27,2001430.0,14368001.25,405.0
8230,2012-09-22,7.26,7.32,7.1,7.11,-0.12,-1.66,2092510.0,15008641.0,428.0
8230,2012-09-19,7.48,7.54,7.22,7.23,-0.25,-3.34,2443150.0,18045959.75,557.0
8230,2012-09-18,7.5,7.54,7.42,7.48,0.0,0.0,2851850.0,21287691.0,455.0
8230,2012-09-17,7.56,7.62,7.48,7.48,-0.06,-0.8,3069666.0,23196026.5,532.0
8230,2012-09-16,7.6,7.82,7.54,7.54,-0.06,-0.79,8170450.0,62693084.0,1226.0
8230,2012-09-15,7.6,7.72,7.5,7.6,0.19,2.56,8279556.0,63061575.0,1170.0
8230,2012-09-12,7.3,7.68,7.3,7.41,0.12,1.65,9708766.0,72731439.75,1665.0
8230,2012-09-11,7.32,7.38,7.26,7.29,-0.03,-0.41,2093000.0,15307949.75,469.0
8230,2012-09-10,7.48,7.48,7.2,7.32,-0.16,-2.14,4358140.0,32095783.75,821.0
8230,2012-09-09,7.54,7.66,7.38,7.48,0.0,0.0,10633266.0,79982159.25,1553.0
8230,2012-09-08,7.42,7.62,7.32,7.48,0.19,2.61,8678550.0,64948000.25,1364.0
8230,2012-09-05,7.22,7.5,7.16,7.29,0.09,1.25,11189260.0,81995197.75,1494.0
8230,2012-09-04,7.32,7.32,7.14,7.2,-0.09,-1.23,4472010.0,32304862.25,802.0
8230,2012-09-03,7.16,7.38,7.14,7.29,0.12,1.67,4312376.0,31368012.5,697.0
8230,2012-09-02,7.1,7.3,7.02,7.17,0.06,0.84,2827496.0,20266207.5,658.0
8230,2012-09-01,7.22,7.3,6.98,7.11,-0.06,-0.84,2966700.0,21279755.0,690.0
8230,2012-08-29,7.36,7.48,7.16,7.17,-0.24,-3.24,7182600.0,52651479.5,1338.0
8230,2012-08-28,6.98,7.54,6.9,7.41,0.39,5.56,8122676.0,58828746.5,1213.0
8230,2012-08-27,6.92,7.04,6.92,7.02,0.0,0.0,1350240.0,9424740.75,323.0
8230,2012-08-26,7.08,7.16,6.92,7.02,-0.03,-0.43,3577190.0,25198466.5,656.0
8230,2012-08-25,6.86,7.04,6.84,7.05,0.28,4.14,1940500.0,13472292.0,446.0
8230,2012-08-15,6.74,6.84,6.68,6.77,0.03,0.45,1381166.0,9322847.75,318.0
8230,2012-08-14,6.78,6.86,6.68,6.74,0.0,0.0,2087560.0,14111370.5,383.0
8230,2012-08-13,6.96,6.98,6.7,6.74,-0.25,-3.58,2277446.0,15688669.0,454.0
8230,2012-08-12,7.16,7.16,6.98,6.99,-0.21,-2.92,3561440.0,25065040.75,694.0
8230,2012-08-11,7.14,7.32,7.1,7.2,0.12,1.69,5598936.0,40242204.5,981.0
8230,2012-08-08,7.08,7.16,6.98,7.08,0.03,0.43,1956740.0,13832153.25,448.0
8230,2012-08-07,6.98,7.1,6.92,7.05,0.06,0.86,2014376.0,14138973.5,342.0
8230,2012-08-06,7.14,7.32,6.9,6.99,-0.15,-2.1,4453696.0,31535828.5,719.0
8230,2012-08-05,7.04,7.42,6.96,7.14,0.03,0.42,7216276.0,51852508.75,1400.0
8230,2012-08-04,7.02,7.2,6.96,7.11,0.25,3.64,4013206.0,28435386.25,882.0
8230,2012-08-01,6.86,6.98,6.74,6.86,0.03,0.44,4768456.0,32770888.25,830.0
8230,2012-07-31,7.04,7.14,6.7,6.83,-0.09,-1.3,7362916.0,50941753.25,1340.0
8230,2012-07-30,6.56,7.04,6.5,6.92,0.33,5.01,8847290.0,60292336.5,1702.0
8230,2012-07-29,6.74,6.74,6.5,6.59,-0.09,-1.35,4841260.0,31834443.25,909.0
8230,2012-07-28,6.56,6.78,6.5,6.68,0.25,3.89,6235426.0,41336316.5,1004.0
8230,2012-07-25,6.4,6.56,6.32,6.43,0.03,0.47,3658610.0,23654961.0,734.0
8230,2012-07-24,6.38,6.5,6.28,6.4,0.09,1.43,4253146.0,27279228.25,878.0
8230,2012-07-23,6.18,6.38,6.16,6.31,0.09,1.45,3024020.0,18904301.25,636.0
8230,2012-07-22,6.18,6.34,6.16,6.22,0.03,0.48,1030690.0,6420542.75,285.0
8230,2012-07-21,6.08,6.24,6.08,6.19,0.11,1.81,1586220.0,9781218.65,370.0
8230,2012-07-18,6.0,6.22,5.96,6.08,0.14,2.36,2525496.0,15448399.1,552.0
8230,2012-07-17,6.4,6.4,5.9,5.94,-0.43,-6.75,2793176.0,17338087.8,667.0
8230,2012-07-16,6.56,6.78,6.38,6.37,-0.16,-2.45,6844840.0,45270283.0,1193.0
8230,2012-07-15,6.44,6.64,6.38,6.53,0.1,1.56,6592426.0,43101160.75,1175.0
8230,2012-07-14,6.4,6.56,6.34,6.43,0.12,1.9,3793356.0,24390726.0,737.0
8230,2012-07-11,6.22,6.5,6.16,6.31,0.12,1.94,7006996.0,44429020.5,1380.0
8230,2012-07-10,6.18,6.38,6.12,6.19,0.0,0.0,1941880.0,12119936.25,427.0
8230,2012-07-09,6.38,6.46,6.12,6.19,-0.27,-4.18,2187710.0,13816178.5,493.0
8230,2012-07-08,6.46,6.58,6.38,6.46,0.03,0.47,4568110.0,29677291.75,742.0
8230,2012-07-07,6.32,6.52,6.18,6.43,0.18,2.88,7346366.0,46985000.5,1204.0
8230,2012-07-04,6.02,6.32,6.0,6.25,0.26,4.34,8121256.0,50096229.85,1338.0
8230,2012-07-03,5.96,6.04,5.9,5.99,0.11,1.87,2411710.0,14433998.6,550.0
8230,2012-07-02,5.86,5.94,5.8,5.88,0.02,0.34,1607360.0,9464148.4,354.0
8230,2012-07-01,5.98,5.98,5.8,5.86,-0.11,-1.84,2249650.0,13244282.4,605.0
8230,2012-06-30,6.0,6.1,5.94,5.97,0.09,1.53,3830940.0,22957812.8,819.0
8230,2012-06-27,6.18,6.22,5.72,5.88,-0.31,-5.01,3786850.0,22512705.8,967.0
8230,2012-06-26,6.06,6.34,6.06,6.19,0.07,1.14,7787260.0,48504935.2,1281.0
8230,2012-06-25,6.32,6.38,6.02,6.12,-0.22,-3.47,2118096.0,13184852.95,518.0
8230,2012-06-24,6.58,6.64,6.18,6.34,-0.12,-1.86,6398030.0,41029793.75,1156.0
8230,2012-06-23,6.38,6.64,6.32,6.46,0.06,0.94,8040380.0,52013574.25,1295.0
8230,2012-06-20,6.28,6.4,6.22,6.4,0.12,1.91,3026266.0,19136797.5,667.0
8230,2012-06-19,6.4,6.4,6.18,6.28,-0.12,-1.88,2574016.0,16235892.75,619.0
8230,2012-06-18,6.5,6.58,6.32,6.4,0.03,0.47,7723750.0,49702392.5,1750.0
8230,2012-06-17,5.86,6.38,5.84,6.37,0.57,9.83,11494480.0,70200719.15,2332.0
8230,2012-06-16,5.78,5.86,5.42,5.8,0.11,1.93,5330310.0,30516980.8,1088.0
8230,2012-06-13,5.78,5.78,5.66,5.69,-0.02,-0.35,1470440.0,8412541.0,335.0
8230,2012-06-12,5.58,5.8,5.52,5.71,0.04,0.71,4005176.0,22817041.0,944.0
8230,2012-06-11,5.58,5.72,5.54,5.67,0.14,2.53,4118736.0,23192839.9,734.0
8230,2012-06-10,5.46,5.56,5.42,5.53,0.06,1.1,2469110.0,13564683.4,494.0
8230,2012-06-09,5.56,5.62,5.4,5.47,0.08,1.48,2611830.0,14328066.3,543.0
8230,2012-06-06,5.84,5.86,5.34,5.39,-0.41,-7.07,1897740.0,10756408.1,518.0
8230,2012-06-05,5.78,5.98,5.78,5.8,0.04,0.69,3242746.0,19003524.2,669.0
8230,2012-06-04,5.76,5.8,5.72,5.76,-0.11,-1.87,2409636.0,13897352.0,454.0
8230,2012-06-03,5.76,5.94,5.64,5.87,0.11,1.91,3488490.0,20192315.2,710.0
8230,2012-06-02,5.82,5.96,5.76,5.76,-0.49,-7.84,2369126.0,13840262.0,552.0
8230,2012-05-30,6.46,6.5,6.18,6.25,-0.25,-3.85,2373140.0,15012156.0,575.0
8230,2012-05-29,6.52,6.56,6.4,6.5,0.07,1.09,1770666.0,11477516.75,388.0
8230,2012-05-28,6.44,6.62,6.4,6.43,0.03,0.47,2350500.0,15295420.0,442.0
8230,2012-05-27,6.38,6.52,6.34,6.4,0.03,0.47,3098686.0,19982707.25,638.0
8230,2012-05-26,6.46,6.5,6.38,6.37,-0.03,-0.47,1265456.0,8123045.75,298.0
8230,2012-05-23,6.38,6.44,6.34,6.4,0.03,0.47,1376606.0,8792235.75,301.0
8230,2012-05-22,6.56,6.62,6.38,6.37,-0.09,-1.39,1811466.0,11749156.5,429.0
8230,2012-05-21,6.44,6.5,6.4,6.46,0.06,0.94,1557326.0,10033502.5,322.0
8230,2012-05-20,6.38,6.44,6.32,6.4,0.12,1.91,1894906.0,12079794.75,421.0
8230,2012-05-19,6.32,6.52,6.22,6.28,-0.12,-1.88,3377990.0,21691977.25,677.0
8230,2012-05-16,6.32,6.5,6.22,6.4,0.0,0.0,3013460.0,19249263.0,648.0
8230,2012-05-15,6.24,6.44,6.22,6.4,0.18,2.89,1408200.0,8937406.75,378.0
8230,2012-05-14,6.52,6.52,6.22,6.22,-0.31,-4.75,2039686.0,13047399.75,477.0
8230,2012-05-13,6.8,6.86,6.5,6.53,-0.24,-3.55,1900570.0,12646148.25,542.0
8230,2012-05-12,6.86,6.98,6.38,6.77,-0.15,-2.17,2372890.0,15712763.5,519.0
8230,2012-05-09,7.26,7.26,6.86,6.92,-0.4,-5.46,2540776.0,17901539.75,585.0
8230,2012-05-08,7.38,7.44,7.26,7.32,-0.03,-0.41,1643266.0,12062662.25,398.0
8230,2012-05-07,7.36,7.42,7.26,7.35,-0.03,-0.41,1278106.0,9370453.0,313.0
8230,2012-05-06,7.48,7.54,7.36,7.38,-0.1,-1.34,1538650.0,11434525.0,396.0
8230,2012-05-05,7.48,7.5,7.36,7.48,-0.06,-0.8,2879570.0,21395814.75,504.0
8230,2012-05-02,7.62,7.62,7.5,7.54,-0.06,-0.79,1972590.0,14874799.5,428.0
8230,2012-05-01,7.56,7.6,7.54,7.6,0.06,0.8,1386920.0,10488400.5,380.0
8230,2012-04-30,7.6,7.66,7.5,7.54,-0.06,-0.79,3515776.0,26577556.5,534.0
8230,2012-04-29,7.78,7.78,7.56,7.6,-0.12,-1.55,4227140.0,32373902.25,860.0
8230,2012-04-28,7.72,7.88,7.66,7.72,0.09,1.18,6248426.0,48423152.5,1090.0
8230,2012-04-25,7.56,7.66,7.54,7.63,0.06,0.79,3660566.0,27840684.5,733.0
8230,2012-04-24,7.72,7.72,7.5,7.57,-0.03,-0.39,4389360.0,33322065.25,1138.0
8230,2012-04-23,7.76,8.08,7.6,7.6,0.03,0.4,25173166.0,197243788.25,4250.0
8230,2012-04-22,7.54,7.6,7.38,7.57,0.12,1.61,4360156.0,32581872.0,747.0
8230,2012-04-21,7.36,7.54,7.36,7.45,0.07,0.95,3595090.0,26751658.75,746.0
8230,2012-04-18,7.56,7.56,7.36,7.38,-0.16,-2.12,5137586.0,38214790.25,946.0
8230,2012-04-17,7.6,7.66,7.48,7.54,0.16,2.17,6553166.0,49546264.25,1390.0
8230,2012-04-16,7.76,7.84,7.14,7.38,-0.25,-3.28,17780190.0,134332161.5,3499.0
8230,2012-04-15,8.08,8.74,7.48,7.63,-0.4,-4.98,49513370.0,409973351.25,8838.0
8230,2012-04-14,7.84,8.02,7.84,8.03,0.71,9.7,13262476.0,105933995.5,1336.0
8230,2012-04-11,7.3,7.42,7.1,7.32,0.03,0.41,7795366.0,56699894.25,1454.0
8230,2012-04-10,7.32,7.54,7.04,7.29,0.06,0.83,7015696.0,51544811.25,1513.0
8230,2012-04-09,7.22,7.22,7.04,7.23,0.0,0.0,2058816.0,14702948.0,484.0
8230,2012-04-08,7.54,7.56,6.84,7.23,-0.31,-4.11,6495710.0,47568337.0,1042.0
8230,2012-04-07,7.6,7.62,7.48,7.54,-0.06,-0.79,4466220.0,33729061.75,723.0
8230,2012-04-04,7.76,7.88,7.56,7.6,-0.15,-1.94,9189000.0,70657283.5,1498.0
8230,2012-04-03,7.68,7.84,7.66,7.75,0.12,1.57,9961516.0,77009588.5,1679.0
8230,2012-04-02,7.54,8.02,7.42,7.63,0.09,1.19,28223910.0,217379838.75,4057.0
8230,2012-04-01,7.3,7.72,7.22,7.54,0.16,2.17,12389786.0,93382697.0,2136.0
8230,2012-03-31,7.44,7.5,7.3,7.38,-0.03,-0.4,4408400.0,32623147.5,896.0
8230,2012-03-28,7.56,7.62,7.36,7.41,-0.1,-1.33,3845680.0,28779476.0,755.0
8230,2012-03-27,7.32,7.62,7.32,7.51,0.16,2.18,6879340.0,51696558.25,1283.0
8230,2012-03-26,7.42,7.44,7.32,7.35,0.0,0.0,2716560.0,20043797.25,607.0
8230,2012-03-25,7.5,7.54,7.32,7.35,-0.1,-1.34,5649450.0,41895612.0,988.0
8230,2012-03-24,7.42,7.5,7.38,7.45,0.1,1.36,2332776.0,17408430.75,520.0
8230,2012-03-21,7.66,7.72,7.32,7.35,-0.28,-3.67,6546686.0,49261572.75,1082.0
8230,2012-03-20,7.62,7.84,7.54,7.63,-0.03,-0.39,4039546.0,30904775.25,894.0
8230,2012-03-19,7.94,7.96,7.62,7.66,-0.18,-2.3,7436096.0,57902246.5,1304.0
8230,2012-03-18,7.94,8.14,7.76,7.84,-0.03,-0.38,15646870.0,124400189.75,2369.0
8230,2012-03-17,7.82,8.08,7.62,7.87,0.18,2.34,18335490.0,144637222.75,2635.0
8230,2012-03-14,7.56,7.78,7.56,7.69,0.12,1.59,11619696.0,89281523.0,1656.0
8230,2012-03-13,7.48,7.56,7.36,7.57,0.12,1.61,6312526.0,47224065.75,1178.0
8230,2012-03-12,7.44,7.54,7.42,7.45,-0.03,-0.4,3034526.0,22706713.0,634.0
8230,2012-03-11,7.56,7.56,7.42,7.48,-0.03,-0.4,2662856.0,19869987.0,612.0
8230,2012-03-10,7.5,7.6,7.48,7.51,0.06,0.81,3813370.0,28757900.0,749.0
8230,2012-03-07,7.42,7.48,7.1,7.45,-0.06,-0.8,3818240.0,28263315.0,797.0
8230,2012-03-06,7.56,7.66,7.42,7.51,-0.06,-0.79,4205840.0,31675167.25,914.0
8230,2012-03-05,7.78,7.82,7.54,7.57,-0.18,-2.32,6526050.0,50265763.25,1298.0
8230,2012-03-04,7.5,7.9,7.38,7.75,0.27,3.61,17219380.0,133287118.75,2810.0
8230,2012-03-03,7.68,7.68,7.48,7.48,-0.12,-1.58,8196076.0,62029440.25,1375.0
8230,2012-02-29,7.82,7.88,7.54,7.6,-0.18,-2.31,7321300.0,56217155.25,1525.0
8230,2012-02-28,7.78,8.2,7.1,7.78,-0.03,-0.38,22169186.0,174362616.75,3510.0
8230,2012-02-27,7.72,7.88,7.56,7.81,0.06,0.77,7204220.0,55610106.75,1380.0
8230,2012-02-26,7.96,8.02,7.5,7.75,-0.22,-2.76,11719376.0,91984974.5,2123.0
8230,2012-02-25,7.78,8.12,7.72,7.97,0.22,2.84,16683066.0,133058860.75,2517.0
8230,2012-02-22,7.84,8.0,7.68,7.75,-0.03,-0.39,9913490.0,77893456.0,1659.0
8230,2012-02-21,7.5,7.96,7.5,7.78,0.27,3.6,16683676.0,129835826.25,2728.0
8230,2012-02-20,7.6,7.62,7.42,7.51,-0.09,-1.18,4640430.0,34823754.0,920.0
8230,2012-02-19,7.88,7.9,7.42,7.6,-0.21,-2.69,11109186.0,84805295.5,1922.0
8230,2012-02-18,7.5,8.02,7.44,7.81,0.4,5.4,21481896.0,166238901.75,3311.0
8230,2012-02-15,7.48,7.62,7.36,7.41,-0.07,-0.94,11765066.0,88164716.5,2141.0
8230,2012-02-14,7.26,7.76,7.22,7.48,0.22,3.03,23974356.0,179238819.5,3949.0
8230,2012-02-13,7.14,7.26,7.04,7.26,0.15,2.11,7571366.0,53925827.25,1323.0
8230,2012-02-12,7.1,7.3,6.98,7.11,0.03,0.42,10832810.0,77256796.25,1943.0
8230,2012-02-11,7.1,7.2,6.98,7.08,0.16,2.31,7493756.0,53105010.75,1412.0
8230,2012-02-08,7.04,7.04,6.9,6.92,-0.07,-1.0,4125550.0,28649019.25,831.0
8230,2012-02-07,6.96,7.2,6.96,6.99,0.07,1.01,10784826.0,76350953.5,1655.0
8230,2012-02-06,6.98,7.04,6.86,6.92,0.06,0.87,6875670.0,47860019.25,1180.0
8230,2012-02-05,6.84,6.92,6.78,6.86,0.09,1.33,4264530.0,29233303.0,813.0
8230,2012-02-04,6.84,7.02,6.78,6.77,-0.03,-0.44,7094000.0,48737533.0,1128.0
8230,2012-02-01,6.84,6.96,6.78,6.8,-0.03,-0.44,2074470.0,14231164.0,551.0
8230,2012-01-31,6.78,6.92,6.68,6.83,0.09,1.34,3931710.0,26774853.0,823.0
8230,2012-01-30,6.8,6.84,6.64,6.74,-0.03,-0.44,2012826.0,13581991.5,509.0
8230,2012-01-29,6.84,6.86,6.74,6.77,0.0,0.0,2360280.0,16042859.25,461.0
8230,2012-01-28,6.74,6.9,6.74,6.77,0.06,0.89,4554756.0,31033217.0,760.0
8230,2012-01-25,6.68,6.92,6.68,6.71,0.03,0.45,4798426.0,32734328.0,834.0
8230,2012-01-24,6.8,6.84,6.62,6.68,-0.09,-1.33,2410696.0,16203839.25,640.0
8230,2012-01-23,6.86,6.86,6.74,6.77,-0.12,-1.74,3073800.0,20910686.5,660.0
8230,2012-01-22,7.02,7.02,6.8,6.89,-0.1,-1.43,4568846.0,31523216.25,1027.0
8230,2012-01-21,6.92,7.08,6.86,6.99,0.19,2.79,8456986.0,59076186.25,1665.0
8230,2012-01-18,6.7,7.02,6.62,6.8,0.06,0.89,8106076.0,55739769.0,1693.0
8230,2012-01-17,6.46,6.92,6.38,6.74,0.31,4.82,13230816.0,88680077.25,2614.0
8230,2012-01-16,6.86,6.9,6.24,6.43,-0.4,-5.86,6347810.0,41849028.25,1420.0
8230,2012-01-15,6.86,7.08,6.78,6.83,-0.06,-0.87,5392756.0,37257318.5,1126.0
8230,2012-01-14,6.98,7.02,6.78,6.89,-0.06,-0.86,3750816.0,25768385.0,915.0
8230,2012-01-11,7.1,7.2,6.96,6.95,-0.1,-1.42,4614756.0,32641764.5,996.0
8230,2012-01-10,7.14,7.26,7.04,7.05,-0.06,-0.84,6705180.0,47862761.25,1409.0
8230,2012-01-09,7.26,7.38,7.08,7.11,-0.12,-1.66,9588996.0,69504113.5,1875.0
8230,2012-01-08,7.44,7.78,7.14,7.23,-0.22,-2.95,26977246.0,200706865.75,5394.0
8230,2012-01-07,6.96,7.44,6.86,7.45,0.68,10.04,25338676.0,181448159.75,4455.0
8230,2012-01-04,6.4,6.9,6.34,6.77,0.37,5.78,20337870.0,136249498.5,3494.0
8230,2012-01-03,6.58,6.58,6.28,6.4,-0.16,-2.44,4926306.0,31612174.25,1014.0
8230,2012-01-02,6.62,6.74,6.5,6.56,0.0,0.0,7848740.0,51955052.5,1648.0
8230,2012-01-01,6.5,6.8,6.38,6.56,0.1,1.55,14635126.0,96928121.0,2825.0
8230,2011-12-31,6.46,6.68,6.4,6.46,0.0,0.0,15090036.0,98961740.5,2938.0
8230,2011-12-28,5.94,6.5,5.94,6.46,0.53,8.94,16615236.0,102704340.3,2572.0
8230,2011-12-27,5.96,6.0,5.9,5.93,-0.03,-0.5,2865026.0,17038906.7,611.0
8230,2011-12-26,5.94,6.0,5.9,5.96,0.08,1.36,2611166.0,15521385.9,593.0
8230,2011-12-25,5.78,6.02,5.76,5.88,0.11,1.91,7191546.0,42551135.1,1411.0
8230,2011-12-24,5.78,5.84,5.76,5.77,-0.01,-0.17,1276090.0,7380875.0,311.0
8230,2011-12-21,5.8,5.86,5.76,5.78,0.0,0.0,1305726.0,7567443.8,298.0
8230,2011-12-20,5.86,5.86,5.7,5.78,-0.09,-1.53,2291980.0,13244644.6,500.0
8230,2011-12-19,5.64,5.96,5.64,5.87,0.17,2.98,6505530.0,38036484.6,1357.0
8230,2011-12-18,5.78,5.78,5.64,5.7,-0.07,-1.21,1734946.0,9834190.8,405.0
8230,2011-12-17,5.66,5.84,5.64,5.77,0.18,3.22,2505066.0,14357495.2,568.0
8230,2011-12-14,5.5,5.7,5.5,5.59,0.18,3.33,2569446.0,14418947.6,622.0
8230,2011-12-13,6.02,6.02,5.4,5.41,-0.6,-9.98,2897886.0,16807806.9,597.0
8230,2011-12-12,6.1,6.12,6.0,6.01,-0.08,-1.31,1138360.0,6872867.5,272.0
8230,2011-12-11,6.02,6.24,6.0,6.09,0.05,0.83,3584180.0,21981889.5,721.0
8230,2011-12-10,6.12,6.16,6.04,6.04,-0.12,-1.95,1241326.0,7560135.3,346.0
8230,2011-12-07,6.18,6.22,6.1,6.16,-0.06,-0.96,1870976.0,11483006.5,467.0
8230,2011-12-06,6.28,6.28,6.1,6.22,-0.03,-0.48,2354356.0,14507839.6,465.0
8230,2011-12-05,6.4,6.4,6.22,6.25,-0.09,-1.42,2572876.0,16156131.5,513.0
8230,2011-12-04,6.24,6.5,6.22,6.34,0.09,1.44,6400160.0,40822451.75,1080.0
8230,2011-12-03,6.24,6.32,6.22,6.25,0.06,0.97,2022570.0,12652132.75,464.0
8230,2011-11-30,6.32,6.4,6.12,6.19,-0.12,-1.9,3410050.0,21443895.6,701.0
8230,2011-11-29,6.34,6.34,6.24,6.31,-0.03,-0.47,2132910.0,13415880.0,465.0
8230,2011-11-28,6.46,6.46,6.28,6.34,-0.03,-0.47,3091260.0,19698180.75,592.0
8230,2011-11-27,6.18,6.4,6.18,6.37,0.15,2.41,2773106.0,17597762.75,539.0
8230,2011-11-26,6.4,6.44,6.18,6.22,-0.18,-2.81,2782800.0,17560232.75,550.0
8230,2011-11-23,6.16,6.44,6.12,6.4,0.27,4.4,5187270.0,32909066.25,1092.0
8230,2011-11-22,6.5,6.52,5.88,6.13,-0.33,-5.11,4942850.0,30777855.55,1039.0
8230,2011-11-21,6.86,6.86,6.44,6.46,-0.34,-5.0,3369716.0,22537873.75,625.0
8230,2011-11-20,6.74,6.86,6.74,6.8,0.09,1.34,3664010.0,24952246.0,686.0
8230,2011-11-19,6.78,6.8,6.64,6.71,-0.09,-1.32,3004140.0,20170883.0,599.0
8230,2011-11-16,6.96,6.98,6.7,6.8,-0.09,-1.31,5090116.0,34917780.5,1060.0
8230,2011-11-15,6.9,7.02,6.74,6.89,0.0,0.0,14204990.0,97927709.5,2071.0
8230,2011-11-14,6.68,7.04,6.52,6.89,0.24,3.61,17353260.0,118654365.75,2671.0
8230,2011-11-13,6.78,6.8,6.58,6.65,-0.09,-1.34,5563610.0,37268578.0,961.0
8230,2011-11-12,6.5,6.74,6.5,6.74,0.4,6.31,9346900.0,61898353.75,1242.0
8230,2011-11-02,6.4,6.58,6.32,6.34,0.03,0.48,7911640.0,50863962.0,1339.0
8230,2011-11-01,6.28,6.58,6.24,6.31,-0.03,-0.47,12692080.0,81510756.25,1921.0
8230,2011-10-31,6.4,6.56,6.24,6.34,-0.12,-1.86,5142950.0,32908398.5,1137.0
8230,2011-10-30,6.7,6.7,6.38,6.46,-0.22,-3.29,7025970.0,45522766.75,1466.0
8230,2011-10-29,6.68,6.8,6.62,6.68,0.15,2.3,7140976.0,47791437.25,1130.0
8230,2011-10-26,6.68,6.96,6.44,6.53,-0.21,-3.12,12406250.0,82245810.25,2013.0
8230,2011-10-25,7.08,7.14,6.38,6.74,-0.25,-3.58,14981700.0,102465241.75,2679.0
8230,2011-10-24,6.68,7.3,6.68,6.99,0.31,4.64,30905970.0,217500726.25,3574.0
8230,2011-10-23,6.68,6.8,6.62,6.68,0.06,0.91,8815776.0,59338609.5,1377.0
8230,2011-10-22,6.56,6.74,6.5,6.62,0.0,0.0,8294356.0,55048976.0,1219.0
8230,2011-10-19,6.8,6.8,6.56,6.62,-0.09,-1.34,7807710.0,51982440.25,1426.0
8230,2011-10-18,6.58,6.96,6.5,6.71,0.12,1.82,16088396.0,109210955.0,2237.0
8230,2011-10-17,6.78,6.9,6.56,6.59,-0.15,-2.23,15249610.0,102774431.0,2270.0
8230,2011-10-16,6.64,6.92,6.56,6.74,0.12,1.81,19991880.0,135357654.25,2781.0
8230,2011-10-15,6.5,6.74,6.38,6.62,0.28,4.42,17189000.0,113149367.5,2387.0
8230,2011-10-12,6.62,6.78,6.28,6.34,-0.19,-2.91,18606506.0,122145385.75,2832.0
8230,2011-10-11,6.44,6.64,6.38,6.53,0.1,1.56,15198430.0,99081964.5,2172.0
8230,2011-10-10,6.4,6.56,6.32,6.43,0.09,1.42,9458406.0,60919874.75,1615.0
8230,2011-10-09,6.7,6.8,6.16,6.34,-0.37,-5.51,15618166.0,101120161.5,2913.0
8230,2011-10-08,6.32,6.74,6.28,6.71,0.55,8.93,16929670.0,110177805.25,2592.0
8230,2011-10-05,6.18,6.28,6.04,6.16,0.13,2.16,10027516.0,61926315.9,1790.0
8230,2011-10-04,5.94,6.34,5.94,6.03,0.09,1.52,20686566.0,126522035.55,3866.0
8230,2011-10-03,6.56,6.74,5.88,5.94,-0.19,-3.1,42086106.0,265242953.05,6639.0
8230,2011-10-02,5.58,6.12,5.52,6.13,0.55,9.86,15686506.0,92487116.5,2075.0
8230,2011-10-01,5.48,5.64,5.4,5.58,0.09,1.64,3503400.0,19499233.0,664.0
8230,2011-09-28,5.46,5.64,5.26,5.49,0.06,1.1,13931986.0,76686369.5,2336.0
8230,2011-09-27,5.78,5.78,5.4,5.43,-0.24,-4.23,7063226.0,39081947.1,1440.0
8230,2011-09-26,5.86,5.96,5.64,5.67,0.0,0.0,19231200.0,111765470.7,3263.0
8230,2011-09-25,5.12,5.68,5.12,5.67,0.51,9.88,26882870.0,145531580.2,3969.0
8230,2011-09-21,5.0,5.4,4.9,5.16,0.16,3.2,14676940.0,76578250.3,2464.0
8230,2011-09-20,5.02,5.12,4.93,5.0,0.04,0.81,8782240.0,44315770.7,1269.0
8230,2011-09-19,4.72,5.16,4.67,4.96,0.23,4.86,12445590.0,61568277.4,1646.0
8230,2011-09-18,4.73,4.81,4.7,4.73,-0.01,-0.21,3741190.0,17809039.4,629.0
8230,2011-09-17,4.7,4.84,4.7,4.74,0.09,1.94,4751090.0,22551513.6,923.0
8230,2011-09-14,4.68,4.77,4.58,4.65,-0.01,-0.21,5441506.0,25465038.7,1054.0
8230,2011-09-13,4.58,4.77,4.5,4.66,0.26,5.91,5328206.0,24622219.2,949.0
8230,2011-09-12,4.78,4.9,4.3,4.4,-0.38,-7.95,10561980.0,48548081.0,1755.0
8230,2011-09-11,4.35,4.78,4.35,4.78,0.43,9.89,7627406.0,35276417.1,1225.0
8230,2011-09-10,4.28,4.35,4.23,4.35,0.06,1.4,1939676.0,8335625.3,340.0
8230,2011-09-07,4.25,4.32,4.23,4.29,0.1,2.39,2711260.0,11583232.3,406.0
8230,2011-09-06,4.18,4.26,4.18,4.19,-0.01,-0.24,1355506.0,5741418.4,264.0
8230,2011-09-05,4.25,4.25,4.19,4.2,-0.07,-1.64,839446.0,3540493.2,208.0
8230,2011-09-04,4.24,4.34,4.24,4.27,-0.01,-0.23,1492446.0,6387047.7,300.0
8230,2011-09-03,4.26,4.31,4.19,4.28,0.17,4.14,2533936.0,10787679.8,440.0
8230,2011-08-24,4.15,4.41,4.06,4.11,0.0,0.0,7362770.0,31124159.1,1343.0
8230,2011-08-23,4.12,4.21,4.1,4.11,-0.01,-0.24,1833440.0,7601031.0,408.0
8230,2011-08-22,4.13,4.14,4.08,4.12,0.01,0.24,933546.0,3841905.7,234.0
8230,2011-08-21,4.13,4.19,4.1,4.11,0.0,0.0,1326446.0,5495786.1,300.0
8230,2011-08-20,3.96,4.24,3.95,4.11,-0.06,-1.44,2876770.0,11866898.7,594.0
8230,2011-08-17,4.17,4.32,4.17,4.17,0.0,0.0,3836280.0,16251307.4,718.0
8230,2011-08-16,4.23,4.25,4.15,4.17,-0.03,-0.71,1842350.0,7758691.7,327.0
8230,2011-08-15,4.2,4.25,4.19,4.2,0.03,0.72,1682530.0,7104839.3,338.0
8230,2011-08-14,4.24,4.25,4.15,4.17,-0.05,-1.18,1764340.0,7402428.4,423.0
8230,2011-08-13,4.1,4.36,4.09,4.22,0.19,4.71,4682530.0,19810139.2,846.0
8230,2011-08-10,4.1,4.14,4.03,4.03,0.11,2.81,1920950.0,7866270.7,418.0
8230,2011-08-09,3.76,3.98,3.76,3.92,-0.15,-3.69,1803270.0,7009962.4,466.0
8230,2011-08-08,4.17,4.17,4.04,4.07,0.01,0.25,2312770.0,9465828.3,427.0
8230,2011-08-07,4.14,4.21,3.95,4.06,-0.03,-0.73,2561270.0,10495498.4,515.0
8230,2011-08-06,4.17,4.34,4.09,4.09,-0.42,-9.31,1063536.0,4478065.9,277.0
8230,2011-08-03,4.44,4.51,4.44,4.51,-0.01,-0.22,589696.0,2633239.2,151.0
8230,2011-08-02,4.5,4.53,4.47,4.52,-0.02,-0.44,502820.0,2261707.4,147.0
8230,2011-08-01,4.45,4.61,4.45,4.54,0.13,2.95,1348820.0,6112816.1,374.0
8230,2011-07-31,4.52,4.57,4.39,4.41,-0.09,-2.0,1482540.0,6687533.1,351.0
8230,2011-07-30,4.55,4.63,4.5,4.5,-0.24,-5.06,2027210.0,9239755.2,468.0
8230,2011-07-27,4.81,4.84,4.74,4.74,-0.1,-2.07,838416.0,4026045.4,247.0
8230,2011-07-26,4.84,4.86,4.81,4.84,0.01,0.21,1014866.0,4908183.6,274.0
8230,2011-07-25,4.9,4.93,4.78,4.83,-0.11,-2.23,1679160.0,8145514.5,380.0
8230,2011-07-24,4.91,4.97,4.9,4.94,0.05,1.02,1904456.0,9406102.6,437.0
8230,2011-07-23,4.88,4.91,4.84,4.89,0.04,0.82,1307236.0,6400183.2,298.0
8230,2011-07-20,4.86,4.88,4.84,4.85,-0.02,-0.41,970560.0,4710865.6,268.0
8230,2011-07-19,4.88,4.89,4.66,4.87,-0.05,-1.02,2021386.0,9739245.4,478.0
8230,2011-07-18,4.93,5.02,4.9,4.92,-0.02,-0.4,2326426.0,11502842.2,534.0
8230,2011-07-17,4.94,5.06,4.91,4.94,0.0,0.0,2756250.0,13691719.9,690.0
8230,2011-07-16,4.93,4.96,4.91,4.94,0.02,0.41,941756.0,4656582.8,266.0
8230,2011-07-13,4.97,4.99,4.91,4.92,-0.01,-0.2,1260260.0,6224262.4,326.0
8230,2011-07-12,5.02,5.08,4.9,4.93,-0.1,-1.99,3133630.0,15620887.7,764.0
8230,2011-07-11,5.0,5.12,4.97,5.03,0.04,0.8,5282200.0,26624768.0,1008.0
8230,2011-07-10,4.88,5.14,4.85,4.99,0.14,2.89,6533550.0,32593429.4,1277.0
8230,2011-07-09,4.95,4.97,4.84,4.85,-0.1,-2.02,1609980.0,7903844.4,411.0
8230,2011-07-06,5.04,5.08,4.93,4.95,-0.11,-2.17,2825520.0,14099425.5,613.0
8230,2011-07-05,5.04,5.12,5.02,5.06,0.05,1.0,5717120.0,28954027.3,1145.0
8230,2011-07-04,5.14,5.16,5.0,5.01,-0.1,-1.96,5381940.0,27286351.0,1277.0
8230,2011-07-03,4.96,5.2,4.95,5.11,0.17,3.44,5901176.0,30023543.3,1259.0
8230,2011-07-02,4.96,5.02,4.94,4.94,0.0,0.0,986116.0,4904294.7,242.0
8230,2011-06-29,4.97,4.99,4.93,4.94,0.0,0.0,353650.0,1749419.3,138.0
8230,2011-06-28,4.96,4.99,4.93,4.94,-0.02,-0.4,417316.0,2065618.4,150.0
8230,2011-06-27,5.02,5.02,4.96,4.96,-0.05,-1.0,587566.0,2933478.3,159.0
8230,2011-06-26,5.04,5.06,4.99,5.01,0.03,0.6,638716.0,3201951.0,179.0
8230,2011-06-25,4.88,5.14,4.85,4.98,-0.01,-0.2,904470.0,4538441.6,285.0
8230,2011-06-22,5.08,5.08,4.96,4.99,-0.06,-1.19,907850.0,4550490.8,262.0
8230,2011-06-21,5.1,5.14,5.02,5.05,0.05,1.0,1237080.0,6262330.7,334.0
8230,2011-06-20,5.14,5.16,4.96,5.0,-0.16,-3.1,2288676.0,11583112.6,632.0
8230,2011-06-19,5.14,5.42,5.12,5.16,0.01,0.19,7462380.0,39524541.5,1642.0
8230,2011-06-18,5.12,5.14,5.08,5.15,0.05,0.98,909200.0,4650729.5,270.0
8230,2011-06-15,5.2,5.2,5.08,5.1,-0.07,-1.35,1366876.0,7025706.5,353.0
8230,2011-06-14,5.34,5.34,5.18,5.17,-0.1,-1.9,2146976.0,11316674.1,481.0
8230,2011-06-13,5.3,5.36,5.26,5.27,-0.04,-0.75,1421470.0,7552602.5,357.0
8230,2011-06-12,5.24,5.4,5.24,5.31,0.09,1.72,3092956.0,16377696.1,680.0
8230,2011-06-11,5.02,5.24,4.79,5.22,0.18,3.57,2287786.0,11585985.5,683.0
8230,2011-06-08,5.3,5.38,5.02,5.04,-0.34,-6.32,2141226.0,11157379.0,595.0
8230,2011-06-07,5.54,5.54,5.36,5.38,-0.16,-2.89,1282470.0,7030647.7,350.0
8230,2011-06-06,5.56,5.6,5.52,5.54,-0.02,-0.36,961550.0,5348416.6,216.0
8230,2011-06-05,5.58,5.64,5.54,5.56,-0.02,-0.36,1337376.0,7472442.2,359.0
8230,2011-06-04,5.62,5.64,5.52,5.58,-0.08,-1.41,2215986.0,12386068.8,517.0
8230,2011-06-01,5.82,5.84,5.64,5.66,-0.12,-2.08,5218636.0,29782785.0,986.0
8230,2011-05-31,5.68,5.9,5.68,5.78,0.08,1.4,5507156.0,31810416.2,1074.0
8230,2011-05-30,5.68,5.74,5.64,5.7,0.03,0.53,1893436.0,10782962.5,449.0
8230,2011-05-29,5.68,5.72,5.64,5.67,0.02,0.35,1287386.0,7307965.8,282.0
8230,2011-05-28,5.76,5.78,5.64,5.65,-0.02,-0.35,2023460.0,11524077.7,463.0
8230,2011-05-25,5.72,5.72,5.64,5.67,-0.08,-1.39,3154150.0,17920701.7,612.0
8230,2011-05-24,5.78,5.84,5.72,5.75,0.0,0.0,3783806.0,21907743.8,697.0
8230,2011-05-23,5.72,5.86,5.68,5.75,0.01,0.17,5196486.0,29954363.3,877.0
8230,2011-05-22,5.72,5.74,5.7,5.74,0.03,0.53,1868926.0,10693032.3,379.0
8230,2011-05-21,5.74,5.76,5.7,5.71,0.0,0.0,1582040.0,9060401.9,366.0
8230,2011-05-18,5.74,5.8,5.7,5.71,-0.03,-0.52,4650846.0,26740272.9,943.0
8230,2011-05-17,5.74,5.78,5.7,5.74,0.0,0.0,2225846.0,12770110.1,464.0
8230,2011-05-16,5.72,5.8,5.64,5.74,0.09,1.59,3816590.0,21927262.9,775.0
8230,2011-05-15,5.76,5.82,5.64,5.65,-0.13,-2.25,3160426.0,18183812.9,735.0
8230,2011-05-14,5.64,5.9,5.58,5.78,0.13,2.3,6690430.0,38690431.4,1467.0
8230,2011-05-11,5.74,5.78,5.64,5.65,-0.06,-1.05,2122340.0,12123000.6,533.0
8230,2011-05-10,5.7,5.84,5.68,5.71,0.02,0.35,4689886.0,26967527.3,1008.0
8230,2011-05-09,5.6,5.7,5.54,5.69,0.16,2.89,4485076.0,25160084.4,969.0
8230,2011-05-08,5.52,5.6,5.44,5.53,0.09,1.65,5559760.0,30651565.2,1235.0
8230,2011-05-07,5.64,5.68,5.44,5.44,-0.3,-5.23,3265120.0,18216094.5,870.0
8230,2011-05-04,5.76,5.8,5.72,5.74,-0.04,-0.69,2441556.0,14041252.8,707.0
8230,2011-05-03,5.84,5.9,5.76,5.78,-0.03,-0.52,4636040.0,26984065.6,1094.0
8230,2011-05-02,5.86,5.96,5.8,5.81,0.0,0.0,4550276.0,26808880.4,1160.0
8230,2011-05-01,5.68,6.02,5.58,5.81,0.1,1.75,11114506.0,65137690.4,2512.0
8230,2011-04-30,5.6,5.92,5.6,5.71,-0.14,-2.39,3625636.0,20966575.0,992.0
8230,2011-04-27,5.98,6.12,5.84,5.85,-0.18,-2.99,7816756.0,46676807.7,2102.0
8230,2011-04-26,5.8,6.22,5.72,6.03,0.33,5.79,19544416.0,116334088.25,3618.0
8230,2011-04-25,5.26,5.7,5.26,5.7,0.52,10.04,8548756.0,47865440.4,1558.0
8230,2011-04-24,4.78,5.24,4.69,5.18,0.33,6.8,6133426.0,30902374.8,1501.0
8230,2011-04-23,5.42,5.42,4.85,4.85,-0.54,-10.02,3883406.0,20002588.8,1046.0
8230,2011-04-20,5.68,5.68,5.4,5.39,-0.28,-4.94,3716290.0,20538303.3,969.0
8230,2011-04-19,5.88,5.88,5.52,5.67,-0.2,-3.41,6091206.0,34786426.4,1437.0
8230,2011-04-18,5.9,6.06,5.78,5.87,-0.01,-0.17,6577496.0,38889162.6,1298.0
8230,2011-04-17,5.76,6.0,5.72,5.88,0.19,3.34,9131720.0,53521239.9,1628.0
8230,2011-04-16,5.56,5.78,5.52,5.69,0.25,4.6,7320416.0,41519191.8,1520.0
8230,2011-04-13,5.4,5.76,5.3,5.44,0.02,0.37,14039850.0,77738460.4,2589.0
8230,2011-04-12,4.95,5.42,4.95,5.42,0.48,9.72,9973630.0,53091905.1,1581.0
8230,2011-04-11,5.0,5.14,4.93,4.94,-0.11,-2.18,3128790.0,15716856.8,724.0
8230,2011-04-10,4.96,5.18,4.86,5.05,0.13,2.64,5452266.0,27636674.5,1074.0
8230,2011-04-09,4.59,4.95,4.59,4.92,0.34,7.42,5816046.0,28148120.7,1053.0
8230,2011-04-06,4.32,4.61,4.32,4.58,0.18,4.09,3606766.0,16274152.8,726.0
8230,2011-04-05,4.7,4.7,4.31,4.4,-0.31,-6.58,4451540.0,20018542.7,1005.0
8230,2011-04-04,4.75,4.91,4.67,4.71,-0.01,-0.21,7786640.0,37647836.4,1317.0
8230,2011-04-03,4.26,4.75,4.24,4.72,0.39,9.01,8570336.0,38878153.3,1319.0
8230,2011-04-02,4.17,4.4,4.12,4.33,0.24,5.87,7385310.0,31530576.0,1185.0
8230,2011-03-30,4.14,4.26,4.04,4.09,-0.04,-0.97,7480390.0,31149924.4,1233.0
8230,2011-03-29,3.81,4.15,3.79,4.13,0.34,8.97,8793046.0,35712326.2,1040.0
8230,2011-03-28,3.83,3.9,3.76,3.79,0.05,1.34,5242010.0,20048152.1,1048.0
8230,2011-03-27,3.47,3.74,3.47,3.74,0.33,9.68,5224490.0,19196862.3,856.0
8230,2011-03-26,3.39,3.42,3.36,3.41,0.1,3.02,668356.0,2264228.6,176.0
8230,2011-03-23,3.32,3.37,3.28,3.31,0.0,0.0,852856.0,2834478.3,195.0
8230,2011-03-22,3.34,3.42,3.31,3.31,-0.06,-1.78,1322156.0,4456572.8,296.0
8230,2011-03-21,3.33,3.46,3.31,3.37,0.04,1.2,1773120.0,6001845.9,278.0
8230,2011-03-20,3.31,3.33,3.27,3.33,0.15,4.72,596266.0,1970526.9,166.0
8230,2011-03-16,3.15,3.2,3.14,3.18,0.07,2.25,549080.0,1742734.7,134.0
8230,2011-03-15,3.31,3.31,3.11,3.11,-0.25,-7.44,660386.0,2121389.3,166.0
8230,2011-03-14,3.31,3.42,3.27,3.36,-0.01,-0.3,1003366.0,3369315.7,238.0
8230,2011-03-13,3.28,3.46,3.25,3.37,0.08,2.43,1345270.0,4555551.5,291.0
8230,2011-03-12,3.01,3.31,3.01,3.29,0.25,8.22,2045496.0,6528956.7,318.0
8230,2011-03-09,3.01,3.08,2.99,3.04,0.02,0.66,775006.0,2350909.05,180.0
8230,2011-03-08,2.97,3.04,2.94,3.02,0.03,1.0,782370.0,2358595.9,152.0
8230,2011-03-07,3.04,3.08,2.96,2.99,-0.07,-2.29,672000.0,2023910.15,152.0
8230,2011-03-06,3.04,3.11,2.9,3.06,0.13,4.44,1797036.0,5437899.1,337.0
8230,2011-03-05,2.63,2.93,2.63,2.93,0.26,9.74,1215720.0,3487654.6,260.0
8230,2011-03-02,2.76,2.87,2.66,2.67,-0.29,-9.8,977030.0,2690684.9,231.0
8230,2011-03-01,3.28,3.28,2.96,2.96,-0.33,-10.03,991806.0,3079955.9,247.0
8230,2011-02-28,3.23,3.31,3.12,3.29,-0.02,-0.6,1436326.0,4633801.2,232.0
8230,2011-02-27,3.57,3.57,3.3,3.31,-0.25,-7.02,730410.0,2489303.1,181.0
8230,2011-02-23,3.64,3.71,3.54,3.56,-0.04,-1.11,478596.0,1735323.8,122.0
8230,2011-02-22,3.65,3.65,3.57,3.6,-0.07,-1.91,507116.0,1829981.6,139.0
8230,2011-02-21,3.68,3.7,3.65,3.67,0.0,0.0,505890.0,1857941.8,119.0
8230,2011-02-20,3.69,3.72,3.66,3.67,-0.03,-0.81,893860.0,3303496.7,183.0
8230,2011-02-19,3.7,3.71,3.65,3.7,-0.09,-2.37,816250.0,3003472.8,177.0
8230,2011-02-16,3.88,3.88,3.76,3.79,-0.11,-2.82,961150.0,3657018.9,163.0
8230,2011-02-15,3.88,3.91,3.87,3.9,0.0,0.0,256286.0,997571.3,85.0
8230,2011-02-14,3.9,3.91,3.86,3.9,-0.02,-0.51,348916.0,1353867.0,91.0
8230,2011-02-13,3.9,3.92,3.85,3.92,0.02,0.51,635406.0,2472279.5,158.0
8230,2011-02-12,3.92,3.93,3.9,3.9,0.0,0.0,734416.0,2875580.5,154.0
8230,2011-02-09,3.91,4.03,3.88,3.9,0.05,1.3,2013590.0,7928240.9,395.0
8230,2011-02-08,3.87,3.87,3.82,3.85,-0.01,-0.26,489086.0,1883477.2,133.0
8230,2011-02-07,3.77,3.86,3.77,3.86,0.1,2.66,867646.0,3321589.5,204.0
8230,2011-02-06,3.71,3.76,3.71,3.76,0.07,1.9,550240.0,2052520.1,131.0
8230,2011-02-05,3.68,3.7,3.68,3.69,0.02,0.54,455546.0,1678652.0,110.0
8230,2011-02-02,3.66,3.71,3.59,3.67,0.09,2.51,1579316.0,5760925.1,313.0
8230,2011-02-01,3.53,3.61,3.53,3.58,0.01,0.28,910406.0,3257072.0,204.0
8230,2011-01-31,3.71,3.71,3.5,3.57,-0.11,-2.99,1137696.0,4065196.8,253.0
8230,2011-01-30,3.66,3.76,3.66,3.68,-0.03,-0.81,1391876.0,5163742.7,301.0
8230,2011-01-29,3.86,3.91,3.7,3.71,-0.4,-9.73,1637190.0,6224446.1,413.0
8230,2011-01-26,4.17,4.19,4.09,4.11,-0.06,-1.44,1038110.0,4291799.6,229.0
8230,2011-01-25,4.14,4.24,4.13,4.17,0.0,0.0,1520980.0,6389983.9,308.0
8230,2011-01-24,4.15,4.18,4.13,4.17,0.01,0.24,630280.0,2617000.9,144.0
8230,2011-01-23,4.13,4.15,4.12,4.16,0.03,0.73,427780.0,1768659.2,119.0
8230,2011-01-22,4.08,4.18,4.04,4.13,0.0,0.0,1417950.0,5841495.7,326.0
8230,2011-01-19,4.12,4.14,4.07,4.13,0.01,0.24,607196.0,2498050.3,197.0
8230,2011-01-18,4.12,4.17,4.08,4.12,0.0,0.0,930786.0,3832391.3,218.0
8230,2011-01-17,4.19,4.19,4.1,4.12,-0.07,-1.67,1246500.0,5165546.8,296.0
8230,2011-01-16,4.24,4.24,4.18,4.19,-0.03,-0.71,300706.0,1263956.7,122.0
8230,2011-01-15,4.24,4.24,4.2,4.22,0.0,0.0,508006.0,2140751.8,145.0
8230,2011-01-12,4.23,4.25,4.2,4.22,-0.01,-0.24,716166.0,3020922.4,160.0
8230,2011-01-11,4.24,4.26,4.23,4.23,-0.01,-0.24,598396.0,2533122.1,152.0
8230,2011-01-10,4.25,4.26,4.24,4.24,-0.03,-0.7,479676.0,2036468.2,106.0
8230,2011-01-09,4.26,4.28,4.24,4.27,0.0,0.0,895036.0,3812678.4,171.0
8230,2011-01-08,4.28,4.3,4.24,4.27,0.0,0.0,2012736.0,8579443.2,253.0
8230,2011-01-05,4.29,4.29,4.26,4.27,-0.02,-0.47,1022806.0,4369725.9,172.0
8230,2011-01-04,4.29,4.3,4.25,4.29,0.01,0.23,2168866.0,9276143.6,242.0
8230,2011-01-03,4.26,4.29,4.25,4.28,0.0,0.0,977156.0,4170977.7,178.0
8230,2011-01-02,4.26,4.28,4.25,4.28,0.01,0.23,566360.0,2412818.8,112.0
8230,2011-01-01,4.28,4.29,4.26,4.27,0.0,0.0,604666.0,2585215.5,106.0
8230,2010-12-29,4.26,4.28,4.25,4.27,0.0,0.0,287466.0,1225630.5,91.0
8230,2010-12-28,4.26,4.28,4.25,4.27,0.02,0.47,404966.0,1724891.0,122.0
8230,2010-12-27,4.3,4.3,4.25,4.25,-0.04,-0.93,1113266.0,4749439.9,243.0
8230,2010-12-26,4.29,4.36,4.28,4.29,0.02,0.47,2233090.0,9646598.5,438.0
8230,2010-12-25,4.26,4.28,4.25,4.27,0.0,0.0,347940.0,1483640.1,104.0
8230,2010-12-22,4.26,4.28,4.25,4.27,0.0,0.0,238820.0,1018241.8,98.0
8230,2010-12-21,4.26,4.28,4.25,4.27,0.0,0.0,563646.0,2401948.9,120.0
8230,2010-12-20,4.26,4.29,4.25,4.27,0.02,0.47,736440.0,3143289.4,146.0
8230,2010-12-19,4.28,4.28,4.25,4.25,-0.03,-0.7,605746.0,2583687.2,121.0
8230,2010-12-18,4.3,4.3,4.26,4.28,-0.01,-0.23,587896.0,2518054.5,174.0
8230,2010-12-15,4.3,4.31,4.26,4.29,0.0,0.0,1676500.0,7189024.1,310.0
8230,2010-12-14,4.29,4.36,4.25,4.29,0.0,0.0,5030976.0,21622540.8,729.0
8230,2010-12-13,4.29,4.31,4.26,4.29,0.0,0.0,560740.0,2402224.2,119.0
8230,2010-12-12,4.25,4.3,4.25,4.29,0.05,1.18,465530.0,1992418.7,114.0
8230,2010-12-11,4.29,4.29,4.24,4.24,-0.03,-0.7,219316.0,935318.0,92.0
8230,2010-12-08,4.26,4.29,4.26,4.27,0.0,0.0,96736.0,413692.5,59.0
8230,2010-12-07,4.26,4.29,4.26,4.27,0.0,0.0,269926.0,1153414.7,79.0
8230,2010-12-06,4.28,4.3,4.26,4.27,-0.02,-0.47,304620.0,1303092.4,95.0
8230,2010-12-05,4.29,4.32,4.26,4.29,0.0,0.0,615000.0,2634941.4,130.0
8230,2010-12-04,4.29,4.34,4.29,4.29,0.01,0.23,387176.0,1666005.1,103.0
8230,2010-12-01,4.29,4.31,4.28,4.28,0.01,0.23,228536.0,979934.8,71.0
8230,2010-11-30,4.29,4.3,4.26,4.27,-0.02,-0.47,151936.0,650497.4,53.0
8230,2010-11-29,4.31,4.32,4.29,4.29,0.0,0.0,492920.0,2118180.3,112.0
8230,2010-11-28,4.29,4.39,4.28,4.29,0.02,0.47,1682286.0,7292658.8,357.0
8230,2010-11-27,4.26,4.31,4.26,4.27,-0.01,-0.23,258970.0,1110856.2,96.0
8230,2010-11-24,4.19,4.3,4.19,4.28,0.04,0.94,296680.0,1264271.9,103.0
8230,2010-11-23,4.25,4.28,4.21,4.24,-0.07,-1.62,333630.0,1413329.8,138.0
8230,2010-11-22,4.24,4.36,4.2,4.31,0.08,1.89,1432866.0,6149017.9,321.0
8230,2010-11-21,4.24,4.41,4.23,4.23,-0.05,-1.17,2622320.0,11363246.0,578.0
8230,2010-11-20,4.23,4.29,4.2,4.28,0.0,0.0,217780.0,926106.6,90.0
8230,2010-11-10,4.24,4.29,4.24,4.28,-0.01,-0.23,235516.0,1006296.8,117.0
8230,2010-11-09,4.3,4.31,4.29,4.29,-0.02,-0.46,122220.0,525668.8,78.0
8230,2010-11-08,4.3,4.32,4.3,4.31,0.02,0.47,360886.0,1556948.3,70.0
8230,2010-11-07,4.32,4.32,4.29,4.29,-0.01,-0.23,197466.0,849024.6,72.0
8230,2010-11-06,4.31,4.34,4.29,4.3,0.0,0.0,257276.0,1106850.0,110.0
8230,2010-11-03,4.35,4.35,4.29,4.3,-0.03,-0.69,190436.0,823470.1,82.0
8230,2010-11-02,4.35,4.37,4.31,4.33,-0.02,-0.46,154890.0,672217.2,67.0
8230,2010-11-01,4.37,4.39,4.34,4.35,-0.03,-0.68,289180.0,1261071.3,86.0
8230,2010-10-31,4.39,4.4,4.37,4.38,0.0,0.0,182960.0,801980.7,80.0
8230,2010-10-30,4.4,4.42,4.37,4.38,-0.03,-0.68,437596.0,1927935.4,123.0
8230,2010-10-27,4.41,4.44,4.4,4.41,0.01,0.23,158016.0,696346.6,85.0
8230,2010-10-26,4.42,4.42,4.4,4.4,-0.01,-0.23,172936.0,762557.0,80.0
8230,2010-10-25,4.39,4.46,4.36,4.41,0.0,0.0,340860.0,1502636.1,124.0
8230,2010-10-24,4.3,4.41,4.3,4.41,0.13,3.04,466940.0,2033299.9,172.0
8230,2010-10-23,4.34,4.46,4.23,4.28,-0.14,-3.17,590800.0,2565808.4,154.0
8230,2010-10-20,4.48,4.48,4.42,4.42,-0.07,-1.56,283816.0,1262817.7,83.0
8230,2010-10-19,4.45,4.53,4.45,4.49,0.04,0.9,504316.0,2270305.9,155.0
8230,2010-10-18,4.35,4.48,4.35,4.45,0.0,0.0,899920.0,4011401.2,197.0
8230,2010-10-17,4.47,4.47,4.37,4.45,-0.02,-0.45,439866.0,1950234.7,116.0
8230,2010-10-16,4.31,4.47,4.29,4.47,0.17,3.95,714410.0,3136190.5,200.0
8230,2010-10-13,4.31,4.31,4.21,4.3,-0.03,-0.69,165826.0,711108.7,84.0
8230,2010-10-12,4.34,4.34,4.3,4.33,-0.02,-0.46,101380.0,438032.6,61.0
8230,2010-10-11,4.35,4.39,4.35,4.35,-0.04,-0.91,137920.0,600761.7,75.0
8230,2010-10-10,4.41,4.41,4.29,4.39,0.0,0.0,133490.0,582922.5,76.0
8230,2010-10-09,4.41,4.44,4.39,4.39,-0.03,-0.68,163086.0,719570.5,84.0
8230,2010-10-06,4.44,4.44,4.4,4.42,0.01,0.23,277980.0,1229890.6,108.0
8230,2010-10-05,4.45,4.45,4.4,4.41,0.0,0.0,287116.0,1268927.0,131.0
8230,2010-10-04,4.41,4.46,4.41,4.41,0.0,0.0,236860.0,1050199.0,94.0
8230,2010-10-03,4.45,4.45,4.4,4.41,-0.05,-1.12,373716.0,1650682.0,107.0
8230,2010-10-02,4.47,4.47,4.45,4.46,0.0,0.0,164426.0,733767.9,80.0
8230,2010-09-29,4.47,4.51,4.46,4.46,-0.04,-0.89,239230.0,1070859.2,85.0
8230,2010-09-28,4.51,4.51,4.47,4.5,-0.04,-0.88,273976.0,1229455.9,102.0
8230,2010-09-27,4.55,4.62,4.52,4.54,0.0,0.0,843896.0,3833625.8,209.0
8230,2010-09-26,4.47,4.53,4.46,4.54,0.07,1.57,631166.0,2844276.1,190.0
8230,2010-09-25,4.47,4.51,4.45,4.47,0.02,0.45,450256.0,2014954.3,158.0
8230,2010-09-21,4.44,4.48,4.42,4.45,0.06,1.37,774926.0,3459368.7,201.0
8230,2010-09-20,4.42,4.42,4.39,4.39,-0.02,-0.45,384906.0,1696120.0,99.0
8230,2010-09-19,4.37,4.44,4.36,4.41,0.01,0.23,266430.0,1172446.5,104.0
8230,2010-09-18,4.4,4.4,4.35,4.4,0.0,0.0,329756.0,1443743.5,95.0
8230,2010-09-15,4.42,4.44,4.4,4.4,-0.04,-0.9,599660.0,2642764.6,131.0
8230,2010-09-14,4.41,4.51,4.41,4.44,0.1,2.3,1022136.0,4556390.7,232.0
8230,2010-09-06,4.3,4.4,4.3,4.34,0.06,1.4,731960.0,3177104.8,238.0
8230,2010-09-05,4.29,4.3,4.28,4.28,-0.01,-0.23,384530.0,1648899.8,128.0
8230,2010-09-04,4.29,4.35,4.26,4.29,0.07,1.66,734426.0,3159982.2,200.0
8230,2010-09-01,4.23,4.25,4.18,4.22,0.04,0.96,339596.0,1430302.2,148.0
8230,2010-08-31,4.17,4.28,4.17,4.18,0.01,0.24,634030.0,2671692.0,233.0
8230,2010-08-30,4.17,4.19,4.14,4.17,0.0,0.0,161886.0,674618.8,75.0
8230,2010-08-29,4.18,4.19,4.15,4.17,0.0,0.0,316000.0,1317387.5,94.0
8230,2010-08-28,4.18,4.2,4.17,4.17,0.01,0.24,485690.0,2030241.1,158.0
8230,2010-08-25,4.23,4.23,4.07,4.16,-0.09,-2.12,499776.0,2066118.9,165.0
8230,2010-08-24,4.31,4.31,4.24,4.25,-0.08,-1.85,354230.0,1512545.0,119.0
8230,2010-08-23,4.35,4.37,4.29,4.33,-0.02,-0.46,442706.0,1917183.6,126.0
8230,2010-08-22,4.39,4.4,4.34,4.35,0.0,0.0,337840.0,1473893.1,129.0
8230,2010-08-21,4.47,4.47,4.35,4.35,-0.19,-4.19,357660.0,1572564.4,127.0
8230,2010-08-18,4.62,4.62,4.53,4.54,-0.09,-1.94,300036.0,1372081.2,111.0
8230,2010-08-17,4.63,4.63,4.59,4.63,-0.02,-0.43,138160.0,638478.9,67.0
8230,2010-08-16,4.66,4.7,4.63,4.65,0.02,0.43,398770.0,1861069.3,133.0
8230,2010-08-15,4.63,4.63,4.61,4.63,0.05,1.09,234500.0,1082921.5,105.0
8230,2010-08-14,4.63,4.64,4.52,4.58,-0.13,-2.76,748556.0,3416502.5,266.0
8230,2010-08-11,4.75,4.77,4.66,4.71,-0.11,-2.28,1099016.0,5140260.2,257.0
8230,2010-08-10,4.89,4.93,4.81,4.82,-0.06,-1.23,678126.0,3304494.1,225.0
8230,2010-08-09,4.9,4.95,4.88,4.88,-0.1,-2.01,870860.0,4262278.7,248.0
8230,2010-08-08,4.97,5.02,4.96,4.98,-0.01,-0.2,1114016.0,5548247.7,260.0
8230,2010-08-07,4.91,5.12,4.9,4.99,0.12,2.46,3559596.0,17857138.6,789.0
8230,2010-08-04,4.81,4.97,4.81,4.87,0.09,1.88,3737380.0,18342364.0,932.0
8230,2010-08-03,4.78,4.8,4.77,4.78,0.02,0.42,1022536.0,4890192.8,299.0
8230,2010-08-02,4.75,4.8,4.73,4.76,0.04,0.85,1081000.0,5151788.4,298.0
8230,2010-08-01,4.73,4.78,4.72,4.72,0.0,0.0,1202566.0,5708932.7,272.0
8230,2010-07-31,4.73,4.75,4.72,4.72,0.01,0.21,534080.0,2524391.6,192.0
8230,2010-07-28,4.72,4.74,4.69,4.71,0.0,0.0,640210.0,3017648.3,213.0
8230,2010-07-27,4.69,4.84,4.69,4.71,0.03,0.64,3726576.0,17828295.2,904.0
8230,2010-07-26,4.72,4.74,4.66,4.68,-0.05,-1.06,680980.0,3198642.7,250.0
8230,2010-07-25,4.77,4.81,4.73,4.73,-0.01,-0.21,1201986.0,5740011.0,241.0
8230,2010-07-24,4.69,4.78,4.69,4.74,0.07,1.5,606790.0,2873273.3,218.0
8230,2010-07-21,4.74,4.74,4.66,4.67,-0.06,-1.27,390226.0,1825207.9,143.0
8230,2010-07-20,4.78,4.8,4.72,4.73,-0.03,-0.63,369200.0,1757727.5,143.0
8230,2010-07-19,4.75,4.78,4.74,4.76,0.03,0.63,373780.0,1780363.4,151.0
8230,2010-07-18,4.75,4.84,4.72,4.73,-0.03,-0.63,543976.0,2600473.3,176.0
8230,2010-07-17,4.78,4.78,4.66,4.76,-0.06,-1.24,528220.0,2495062.5,191.0
8230,2010-07-14,4.89,4.95,4.8,4.82,-0.07,-1.43,936680.0,4558194.4,319.0
8230,2010-07-13,4.86,5.0,4.85,4.89,0.06,1.24,1244226.0,6126162.2,396.0
8230,2010-07-12,4.88,4.91,4.83,4.83,-0.07,-1.43,498946.0,2430553.0,211.0
8230,2010-07-11,4.96,4.96,4.9,4.9,-0.06,-1.21,808650.0,3984897.4,346.0
8230,2010-07-10,5.02,5.06,4.93,4.96,0.02,0.4,1827226.0,9076093.7,547.0
8230,2010-07-07,5.02,5.06,4.93,4.94,-0.12,-2.37,1165656.0,5808238.7,371.0
8230,2010-07-06,5.2,5.22,5.06,5.06,-0.14,-2.69,2036280.0,10479643.3,662.0
8230,2010-07-05,5.04,5.2,5.02,5.2,0.14,2.77,1358720.0,6954561.8,465.0
8230,2010-07-04,4.96,5.2,4.9,5.06,0.14,2.85,2454200.0,12459968.1,676.0
8230,2010-07-03,4.96,4.96,4.8,4.92,-0.06,-1.2,494276.0,2412276.7,233.0
8230,2010-06-30,4.91,5.06,4.91,4.98,-0.07,-1.39,1673186.0,8336655.7,541.0
8230,2010-06-29,5.34,5.42,5.02,5.05,-0.32,-5.96,5719490.0,29671375.0,1477.0
8230,2010-06-28,4.96,5.4,4.94,5.37,0.44,8.92,5702110.0,29756294.6,1294.0
8230,2010-06-27,4.79,4.99,4.79,4.93,0.13,2.71,2723690.0,13330616.6,608.0
8230,2010-06-26,4.72,4.84,4.7,4.8,0.09,1.91,658216.0,3145901.2,230.0
8230,2010-06-23,4.67,4.75,4.67,4.71,-0.06,-1.26,611700.0,2877407.5,233.0
8230,2010-06-22,4.83,4.83,4.77,4.77,-0.12,-2.45,660680.0,3162673.3,210.0
8230,2010-06-21,4.9,4.95,4.88,4.89,0.02,0.41,767186.0,3761178.7,261.0
8230,2010-06-20,4.75,5.02,4.75,4.87,0.09,1.88,3338560.0,16518794.3,761.0
8230,2010-06-19,4.8,4.85,4.77,4.78,0.01,0.21,785860.0,3772912.0,232.0
8230,2010-06-16,4.84,4.84,4.77,4.77,-0.01,-0.21,765246.0,3667498.0,270.0
8230,2010-06-15,4.69,4.88,4.69,4.78,0.09,1.92,2028810.0,9745833.1,546.0
8230,2010-06-14,4.58,4.7,4.58,4.69,0.11,2.4,1383190.0,6446405.6,405.0
8230,2010-06-13,4.59,4.66,4.56,4.58,-0.04,-0.87,1160166.0,5344516.6,321.0
8230,2010-06-12,4.53,4.64,4.53,4.62,0.13,2.9,1121020.0,5134542.7,350.0
8230,2010-06-09,4.53,4.55,4.48,4.49,-0.01,-0.22,503850.0,2274998.9,205.0
8230,2010-06-08,4.68,4.68,4.48,4.5,-0.04,-0.88,569686.0,2592293.7,210.0
8230,2010-06-07,4.44,4.57,4.44,4.54,0.02,0.44,680236.0,3087417.5,259.0
8230,2010-06-06,4.56,4.56,4.48,4.52,-0.03,-0.66,554810.0,2505912.0,215.0
8230,2010-06-05,4.48,4.62,4.47,4.55,-0.23,-4.81,793910.0,3596841.6,293.0
8230,2010-06-02,4.8,4.84,4.78,4.78,-0.02,-0.42,756886.0,3630284.8,286.0
8230,2010-06-01,5.02,5.02,4.78,4.8,-0.27,-5.33,1240230.0,6056298.8,322.0
8230,2010-05-31,5.08,5.1,5.02,5.07,-0.03,-0.59,573006.0,2901004.2,206.0
8230,2010-05-30,5.26,5.26,5.08,5.1,-0.07,-1.35,359070.0,1847264.7,209.0
8230,2010-05-29,5.14,5.18,5.08,5.17,0.13,2.58,1025816.0,5273686.0,378.0
8230,2010-05-26,4.96,5.04,4.78,5.04,0.14,2.86,1038356.0,5108992.9,405.0
8230,2010-05-25,5.26,5.26,4.85,4.9,-0.49,-9.09,1369306.0,6779569.3,524.0
8230,2010-05-24,5.48,5.52,5.36,5.39,-0.1,-1.82,319006.0,1737693.6,169.0
8230,2010-05-23,5.48,5.58,5.48,5.49,0.0,0.0,606740.0,3343091.8,221.0
8230,2010-05-22,5.42,5.56,5.42,5.49,-0.12,-2.14,735306.0,4028935.7,242.0
8230,2010-05-19,5.78,5.78,5.62,5.61,-0.17,-2.94,706216.0,3994888.9,268.0
8230,2010-05-18,5.78,5.8,5.76,5.78,0.02,0.35,414760.0,2398455.0,172.0
8230,2010-05-17,5.82,5.82,5.66,5.76,-0.06,-1.03,643290.0,3710058.2,262.0
8230,2010-05-16,5.8,5.94,5.8,5.82,0.08,1.39,1745396.0,10236828.6,507.0
8230,2010-05-15,5.56,5.76,5.52,5.74,-0.22,-3.69,730720.0,4164210.8,314.0
8230,2010-05-12,5.92,6.06,5.9,5.96,-0.01,-0.17,711080.0,4264528.8,260.0
8230,2010-05-11,6.0,6.04,5.96,5.97,-0.02,-0.33,780116.0,4689022.3,261.0
8230,2010-05-10,5.94,6.12,5.9,5.99,0.09,1.53,1049796.0,6300311.9,351.0
8230,2010-05-09,5.82,5.92,5.76,5.9,0.1,1.72,990550.0,5809033.3,291.0
8230,2010-05-08,6.22,6.22,5.8,5.8,-0.63,-9.8,2220276.0,13095257.95,625.0
8230,2010-05-05,6.5,6.5,6.44,6.43,-0.1,-1.53,463570.0,2989516.0,189.0
8230,2010-05-04,6.56,6.56,6.5,6.53,-0.03,-0.46,299766.0,1957619.0,130.0
8230,2010-05-03,6.52,6.56,6.52,6.56,0.0,0.0,294136.0,1924071.0,142.0
8230,2010-05-02,6.5,6.58,6.5,6.56,0.06,0.92,553670.0,3624496.5,198.0
8230,2010-05-01,6.62,6.62,6.46,6.5,-0.06,-0.91,630230.0,4120628.5,203.0
8230,2010-04-28,6.62,6.74,6.56,6.56,-0.06,-0.91,866036.0,5743524.0,313.0
8230,2010-04-27,6.62,6.7,6.58,6.62,-0.06,-0.9,289076.0,1919562.25,131.0
8230,2010-04-26,6.5,6.84,6.5,6.68,0.18,2.77,1899330.0,12748351.0,521.0
8230,2010-04-25,6.5,6.58,6.5,6.5,0.0,0.0,498390.0,3257729.75,190.0
8230,2010-04-24,6.46,6.58,6.46,6.5,0.0,0.0,469216.0,3051178.25,184.0
8230,2010-04-21,6.52,6.56,6.46,6.5,-0.09,-1.37,329310.0,2140544.5,161.0
8230,2010-04-20,6.62,6.68,6.46,6.59,-0.06,-0.9,536250.0,3521904.75,214.0
8230,2010-04-19,6.62,6.7,6.62,6.65,0.0,0.0,270316.0,1800856.25,134.0
8230,2010-04-18,6.64,6.64,6.62,6.65,-0.03,-0.45,319526.0,2121736.5,169.0
8230,2010-04-17,6.74,6.78,6.62,6.68,-0.06,-0.89,865996.0,5770728.75,261.0
8230,2010-04-14,6.74,6.78,6.7,6.74,0.0,0.0,522036.0,3516639.25,213.0
8230,2010-04-13,6.8,6.8,6.74,6.74,-0.03,-0.44,438910.0,2968866.25,169.0
8230,2010-04-12,6.84,6.84,6.74,6.77,-0.06,-0.88,745216.0,5047005.0,275.0
8230,2010-04-11,6.8,6.92,6.8,6.83,0.03,0.44,1268480.0,8691862.25,353.0
8230,2010-04-10,6.86,6.9,6.78,6.8,0.0,0.0,756910.0,5165044.75,210.0
8230,2010-04-07,6.9,6.92,6.7,6.8,-0.06,-0.87,1198410.0,8162299.75,368.0
8230,2010-04-06,6.92,7.08,6.86,6.86,-0.03,-0.44,2124550.0,14842512.0,559.0
8230,2010-04-05,6.86,6.96,6.8,6.89,0.06,0.88,1047666.0,7202534.5,336.0
8230,2010-04-04,6.84,6.92,6.78,6.83,0.06,0.89,1132020.0,7760107.0,365.0
8230,2010-04-03,6.74,6.84,6.74,6.77,0.03,0.45,378610.0,2573666.5,214.0
8230,2010-03-31,6.74,6.78,6.74,6.74,-0.03,-0.44,365390.0,2467176.25,157.0
8230,2010-03-30,6.78,6.8,6.74,6.77,0.0,0.0,316190.0,2138138.75,151.0
8230,2010-03-29,6.78,6.78,6.7,6.77,0.03,0.45,339980.0,2293751.0,146.0
8230,2010-03-28,6.78,6.8,6.74,6.74,-0.06,-0.88,479950.0,3244119.75,230.0
8230,2010-03-27,6.8,6.84,6.78,6.8,-0.03,-0.44,506160.0,3437907.75,267.0
8230,2010-03-24,6.86,6.86,6.8,6.83,-0.06,-0.87,492686.0,3358820.0,235.0
8230,2010-03-23,6.9,6.92,6.86,6.89,-0.03,-0.43,323330.0,2230866.0,198.0
8230,2010-03-22,6.98,6.98,6.92,6.92,-0.07,-1.0,514670.0,3567281.75,183.0
8230,2010-03-21,6.96,6.98,6.92,6.99,0.0,0.0,494176.0,3433116.25,191.0
8230,2010-03-20,6.98,7.02,6.92,6.99,0.0,0.0,551680.0,3842692.5,224.0
8230,2010-03-17,6.92,6.98,6.9,6.99,0.04,0.58,1022416.0,7099306.25,329.0
8230,2010-03-16,6.98,7.02,6.9,6.95,-0.04,-0.57,977750.0,6802506.25,384.0
8230,2010-03-15,7.04,7.22,6.9,6.99,0.0,0.0,4325356.0,30383537.0,1385.0
8230,2010-03-14,6.68,7.14,6.64,6.99,0.34,5.11,4029066.0,27784734.25,1067.0
8230,2010-03-13,6.68,6.7,6.62,6.65,0.0,0.0,586786.0,3913103.0,253.0
8230,2010-03-10,6.64,6.68,6.62,6.65,0.03,0.45,555530.0,3689463.0,242.0
8230,2010-03-09,6.62,6.68,6.56,6.62,0.0,0.0,1259506.0,8355656.5,387.0
8230,2010-03-08,6.84,6.86,6.58,6.62,-0.18,-2.65,1002246.0,6710870.5,314.0
8230,2010-03-07,6.8,6.92,6.74,6.8,-0.03,-0.44,1085786.0,7398877.25,360.0
8230,2010-03-06,6.86,6.92,6.78,6.83,0.0,0.0,775260.0,5294846.5,266.0
8230,2010-03-03,6.86,6.92,6.84,6.83,-0.06,-0.87,691150.0,4743002.5,277.0
8230,2010-03-02,6.9,6.96,6.84,6.89,-0.03,-0.43,590030.0,4060323.0,216.0
8230,2010-03-01,6.96,7.02,6.8,6.92,0.0,0.0,1017956.0,7070333.75,330.0
8230,2010-02-28,7.04,7.04,6.92,6.92,-0.16,-2.26,853720.0,5959991.0,348.0
8230,2010-02-27,7.14,7.14,7.04,7.08,-0.03,-0.42,540186.0,3825794.0,235.0
8230,2010-02-24,7.16,7.2,7.08,7.11,-0.09,-1.25,417170.0,2978599.75,263.0
8230,2010-02-23,7.22,7.26,7.2,7.2,-0.03,-0.41,293360.0,2115337.75,176.0
8230,2010-02-22,7.3,7.3,7.2,7.23,-0.06,-0.82,554626.0,4005343.0,192.0
8230,2010-02-21,7.3,7.3,7.22,7.29,0.0,0.0,338046.0,2456949.5,189.0
8230,2010-02-20,7.32,7.32,7.26,7.29,0.06,0.83,453586.0,3307946.5,222.0
8230,2010-02-17,7.2,7.26,7.2,7.23,0.0,0.0,374066.0,2707133.75,206.0
8230,2010-02-16,7.26,7.26,7.16,7.23,0.0,0.0,535780.0,3871109.75,259.0
8230,2010-02-15,7.38,7.38,7.2,7.23,-0.12,-1.63,591036.0,4304340.25,262.0
8230,2010-02-14,7.42,7.44,7.32,7.35,0.03,0.41,956090.0,7046936.5,325.0
8230,2010-02-13,7.22,7.42,7.22,7.32,0.09,1.24,1142550.0,8371735.75,370.0
8230,2010-02-10,7.22,7.32,7.2,7.23,0.0,0.0,436996.0,3164618.0,216.0
8230,2010-02-09,7.3,7.3,7.16,7.23,-0.06,-0.82,523366.0,3782091.0,254.0
8230,2010-02-08,7.36,7.36,7.3,7.29,-0.09,-1.22,557196.0,4074445.25,300.0
8230,2010-02-07,7.36,7.42,7.32,7.38,0.06,0.82,892040.0,6579285.0,328.0
8230,2010-02-06,7.36,7.42,7.3,7.32,-0.09,-1.21,847020.0,6223461.25,321.0
8230,2010-02-03,7.32,7.42,7.32,7.41,0.09,1.23,545026.0,4016293.0,276.0
8230,2010-02-02,7.42,7.42,7.2,7.32,-0.09,-1.21,848270.0,6205787.5,310.0
8230,2010-02-01,7.5,7.5,7.42,7.41,-0.1,-1.33,824976.0,6154882.25,280.0
8230,2010-01-31,7.38,7.6,7.38,7.51,0.1,1.35,1195196.0,8920357.25,344.0
8230,2010-01-30,7.26,7.42,7.2,7.41,0.03,0.41,1428866.0,10455441.25,522.0
8230,2010-01-27,7.44,7.44,7.32,7.38,-0.03,-0.4,739076.0,5445282.25,367.0
8230,2010-01-26,7.6,7.62,7.42,7.41,-0.16,-2.11,778336.0,5845873.0,377.0
8230,2010-01-25,7.5,7.82,7.5,7.57,0.19,2.57,3352086.0,25700364.25,1069.0
8230,2010-01-24,7.32,7.42,7.32,7.38,0.03,0.41,731380.0,5396328.5,300.0
8230,2010-01-23,7.36,7.38,7.3,7.35,-0.16,-2.13,1641150.0,12035784.75,560.0
8230,2010-01-20,7.54,7.6,7.5,7.51,-0.03,-0.4,871520.0,6585279.75,396.0
8230,2010-01-19,7.56,7.56,7.5,7.54,-0.03,-0.4,843136.0,6352674.5,293.0
8230,2010-01-18,7.56,7.6,7.5,7.57,0.0,0.0,785150.0,5920731.0,300.0
8230,2010-01-17,7.6,7.6,7.44,7.57,0.0,0.0,1064596.0,7989078.0,427.0
8230,2010-01-16,7.62,7.62,7.54,7.57,-0.06,-0.79,678270.0,5136351.75,279.0
8230,2010-01-13,7.66,7.68,7.6,7.63,-0.06,-0.78,446340.0,3405297.0,244.0
8230,2010-01-12,7.66,7.68,7.62,7.69,0.03,0.39,412620.0,3161882.5,231.0
8230,2010-01-11,7.72,7.72,7.62,7.66,-0.09,-1.16,649590.0,4983555.75,287.0
8230,2010-01-10,7.76,7.78,7.72,7.75,0.03,0.39,1208680.0,9363019.25,389.0
8230,2010-01-09,7.66,7.82,7.6,7.72,0.12,1.58,2084470.0,16068503.25,556.0
8230,2010-01-06,7.6,7.68,7.54,7.6,-0.06,-0.78,1121850.0,8513243.25,406.0
8230,2010-01-05,7.84,7.84,7.56,7.66,-0.18,-2.3,1365700.0,10445790.75,479.0
8230,2010-01-04,7.9,7.94,7.82,7.84,-0.03,-0.38,644896.0,5063245.5,307.0
8230,2010-01-03,7.84,8.08,7.82,7.87,0.06,0.77,1535836.0,12187546.25,577.0
8230,2010-01-02,7.9,7.9,7.78,7.81,-0.09,-1.14,903116.0,7058944.25,410.0
8230,2009-12-30,8.08,8.12,7.76,7.9,-0.19,-2.35,1852750.0,14569017.0,524.0
8230,2009-12-29,8.14,8.18,8.02,8.09,-0.06,-0.74,839330.0,6786666.0,344.0
8230,2009-12-28,8.28,8.34,8.14,8.15,-0.21,-2.51,660076.0,5441435.5,350.0
8230,2009-12-27,8.4,8.46,8.3,8.36,-0.03,-0.36,1237426.0,10349699.75,495.0
8230,2009-12-26,8.54,8.64,8.4,8.39,-0.16,-1.87,1725176.0,14599139.0,629.0
8230,2009-12-23,8.48,8.54,8.42,8.55,0.03,0.35,661140.0,5612507.75,265.0
8230,2009-12-22,8.4,8.54,8.36,8.52,0.13,1.55,1483266.0,12514658.25,464.0
8230,2009-12-21,8.28,8.42,8.24,8.39,0.12,1.45,950296.0,7919355.25,362.0
8230,2009-12-20,8.28,8.3,8.24,8.27,0.0,0.0,484220.0,4007088.25,220.0
8230,2009-12-19,8.24,8.28,8.2,8.27,0.06,0.73,479870.0,3954416.75,243.0
8230,2009-12-16,8.2,8.24,8.18,8.21,0.0,0.0,752020.0,6174250.0,337.0
8230,2009-12-15,8.2,8.28,8.18,8.21,0.0,0.0,567040.0,4662764.25,297.0
8230,2009-12-14,8.2,8.28,8.18,8.21,0.06,0.74,759156.0,6243520.75,385.0
8230,2009-12-13,8.28,8.34,8.12,8.15,-0.09,-1.09,723106.0,5945160.75,398.0
8230,2009-12-12,8.46,8.48,8.24,8.24,-0.03,-0.36,771800.0,6456613.25,393.0
8230,2009-12-09,8.34,8.4,8.18,8.27,-0.19,-2.25,1178120.0,9783079.0,571.0
8230,2009-12-08,8.7,8.8,8.2,8.46,-0.33,-3.75,2922390.0,24615894.25,1116.0
8230,2009-12-07,8.92,9.06,8.8,8.79,0.03,0.34,4927696.0,44206173.25,1500.0
8230,2009-12-06,8.66,8.8,8.66,8.76,0.12,1.39,652586.0,5706614.25,317.0
8230,2009-12-05,8.4,8.7,8.4,8.64,-0.18,-2.04,1276200.0,10994041.25,505.0
8230,2009-11-25,8.8,8.86,8.8,8.82,0.0,0.0,517790.0,4570862.75,330.0
8230,2009-11-24,8.86,8.86,8.8,8.82,0.0,0.0,558746.0,4924952.75,336.0
8230,2009-11-23,8.82,8.86,8.8,8.82,0.06,0.68,692366.0,6109300.0,296.0
8230,2009-11-22,8.8,8.82,8.76,8.76,-0.03,-0.34,531650.0,4672233.75,304.0
8230,2009-11-21,8.82,8.82,8.76,8.79,-0.06,-0.68,885886.0,7800569.25,410.0
8230,2009-11-18,8.92,8.92,8.82,8.85,-0.07,-0.78,1210746.0,10728241.75,477.0
8230,2009-11-17,8.94,8.98,8.92,8.92,-0.03,-0.34,685600.0,6122454.0,389.0
8230,2009-11-16,8.98,9.0,8.92,8.95,-0.03,-0.33,988940.0,8848338.5,465.0
8230,2009-11-15,9.0,9.04,8.94,8.98,0.03,0.34,1427396.0,12824708.25,512.0
8230,2009-11-14,8.94,9.0,8.88,8.95,-0.03,-0.33,1009150.0,9033235.25,515.0
8230,2009-11-11,9.04,9.06,8.86,8.98,-0.09,-0.99,3128770.0,28001798.25,977.0
8230,2009-11-10,9.18,9.18,9.06,9.07,-0.03,-0.33,1809506.0,16524679.25,642.0
8230,2009-11-09,9.12,9.18,9.06,9.1,-0.03,-0.33,2722600.0,24798526.0,830.0
8230,2009-11-08,9.32,9.44,9.0,9.13,-0.18,-1.93,3305000.0,30470478.25,1057.0
8230,2009-11-07,9.38,9.44,9.22,9.31,0.03,0.32,2810160.0,26163036.75,889.0
8230,2009-11-04,9.34,9.68,9.22,9.28,0.0,0.0,7109806.0,66966334.5,1865.0
8230,2009-11-03,9.4,9.5,9.22,9.28,-0.16,-1.69,2985246.0,27818883.0,992.0
8230,2009-11-02,9.1,9.56,9.06,9.44,0.34,3.74,6972456.0,64831335.0,1517.0
8230,2009-11-01,9.0,9.18,8.98,9.1,0.09,1.0,2896546.0,26322992.75,943.0
8230,2009-10-31,9.04,9.18,8.98,9.01,-0.27,-2.91,2563450.0,23244960.5,860.0
8230,2009-10-28,9.46,9.5,9.18,9.28,-0.16,-1.69,2180756.0,20332812.0,895.0
8230,2009-10-27,9.44,9.62,9.4,9.44,0.0,0.0,3877316.0,36730729.75,1085.0
8230,2009-10-26,9.34,9.46,9.28,9.44,0.03,0.32,2407496.0,22578823.25,896.0
8230,2009-10-25,9.68,9.8,9.34,9.41,-0.21,-2.18,6753926.0,64424284.25,1848.0
8230,2009-10-24,9.74,9.96,9.58,9.62,-0.03,-0.31,8218286.0,80036078.0,2142.0
8230,2009-10-21,9.62,9.9,9.5,9.65,-0.03,-0.31,8624066.0,83648296.0,2178.0
8230,2009-10-20,9.38,9.72,9.32,9.68,0.34,3.64,9003936.0,85697305.25,2259.0
8230,2009-10-19,9.5,9.64,9.28,9.34,-0.16,-1.68,7100220.0,67055279.0,1998.0
8230,2009-10-18,9.18,9.8,9.16,9.5,0.4,4.4,21043776.0,200218457.5,4846.0
8230,2009-10-17,9.1,9.34,9.06,9.1,0.0,0.0,5979840.0,54922664.0,1650.0
8230,2009-10-14,9.06,9.12,9.06,9.1,0.06,0.66,2436260.0,22162634.0,800.0
8230,2009-10-13,9.18,9.26,9.0,9.04,-0.12,-1.31,2288820.0,20896137.5,787.0
8230,2009-10-12,9.12,9.4,9.1,9.16,0.0,0.0,5272456.0,48765410.5,1598.0
8230,2009-10-11,9.12,9.18,9.04,9.16,0.03,0.33,3100596.0,28250598.25,940.0
8230,2009-10-10,9.18,9.22,9.04,9.13,0.0,0.0,2170196.0,19784629.0,801.0
8230,2009-10-07,9.12,9.26,9.06,9.13,0.0,0.0,2989766.0,27370313.25,1186.0
8230,2009-10-06,9.1,9.16,9.06,9.13,0.0,0.0,1414656.0,12883553.0,790.0
8230,2009-10-05,9.22,9.28,9.1,9.13,-0.06,-0.65,2982600.0,27405754.75,1065.0
8230,2009-10-04,9.22,9.44,9.16,9.19,-0.03,-0.33,3815130.0,35319154.0,1207.0
8230,2009-10-03,9.1,9.46,9.0,9.22,0.21,2.33,7734100.0,71796185.0,2186.0
8230,2009-09-30,8.94,9.34,8.82,9.01,0.0,0.0,8496986.0,77684096.25,2351.0
8230,2009-09-29,9.06,9.12,8.94,9.01,-0.03,-0.33,4397300.0,39667184.0,1334.0
8230,2009-09-28,8.82,9.06,8.8,9.04,0.19,2.15,2818266.0,25233067.25,989.0
8230,2009-09-27,8.82,8.92,8.8,8.85,0.0,0.0,1278660.0,11292219.75,595.0
8230,2009-09-26,8.86,8.98,8.82,8.85,0.03,0.34,1834980.0,16288585.5,818.0
8230,2009-09-16,8.8,8.94,8.8,8.82,0.03,0.34,2262116.0,20027157.5,880.0
8230,2009-09-15,8.8,8.82,8.74,8.79,0.09,1.03,1791120.0,15738075.75,739.0
8230,2009-09-14,8.82,8.82,8.6,8.7,-0.15,-1.69,3022610.0,26286979.5,1114.0
8230,2009-09-13,9.04,9.06,8.8,8.85,-0.16,-1.78,4546820.0,40334930.25,1476.0
8230,2009-09-12,9.18,9.22,8.98,9.01,-0.12,-1.31,3998236.0,36332560.25,1320.0
8230,2009-09-09,9.06,9.38,9.06,9.13,0.03,0.33,2934116.0,27061301.25,1160.0
8230,2009-09-08,9.0,9.12,8.98,9.1,0.09,1.0,1147686.0,10405972.25,591.0
8230,2009-09-07,8.98,9.06,8.88,9.01,-0.06,-0.66,1164250.0,10434330.5,633.0
8230,2009-09-06,8.98,9.12,8.94,9.07,0.15,1.68,2395736.0,21620173.75,962.0
8230,2009-09-05,8.66,9.0,8.66,8.92,0.4,4.69,2383176.0,21152279.25,1013.0
8230,2009-09-02,8.7,8.7,8.34,8.52,-0.3,-3.4,1704216.0,14486747.0,868.0
8230,2009-09-01,8.92,8.92,8.7,8.82,-0.1,-1.12,1355930.0,11906566.0,673.0
8230,2009-08-31,8.94,9.06,8.8,8.92,0.0,0.0,1774206.0,15817471.25,841.0
8230,2009-08-30,9.0,9.12,8.76,8.92,-0.21,-2.3,2315420.0,20574370.25,931.0
8230,2009-08-29,9.44,9.44,9.1,9.13,-0.31,-3.28,2133866.0,19767372.5,967.0
8230,2009-08-26,9.58,9.62,9.34,9.44,-0.21,-2.18,2726200.0,25784895.75,1121.0
8230,2009-08-25,9.78,9.86,9.58,9.65,-0.15,-1.53,3217136.0,31181958.0,1151.0
8230,2009-08-24,9.86,9.86,9.72,9.8,0.0,0.0,2737560.0,26833619.75,1078.0
8230,2009-08-23,9.68,9.92,9.62,9.8,0.21,2.19,3127346.0,30524266.75,1307.0
8230,2009-08-22,9.64,9.74,9.44,9.59,0.34,3.68,2433836.0,23391315.75,1165.0
8230,2009-08-19,9.98,10.0,9.18,9.25,-0.8,-7.96,5441400.0,52118183.25,2213.0
8230,2009-08-18,9.98,10.1,9.8,10.05,0.06,0.6,3207730.0,32124869.25,1474.0
8230,2009-08-17,10.3,10.45,9.98,9.99,-0.49,-4.68,6313096.0,64542012.75,2136.0
8230,2009-08-16,10.7,10.8,10.45,10.48,-0.24,-2.24,5648960.0,59583393.25,2062.0
8230,2009-08-15,10.85,10.95,10.65,10.72,-0.03,-0.28,10584810.0,114204408.25,3259.0
8230,2009-08-12,10.35,11.25,10.3,10.75,0.36,3.46,25708316.0,279728704.75,6822.0
8230,2009-08-11,10.15,10.45,10.1,10.39,0.25,2.47,12575570.0,129479610.5,3426.0
8230,2009-08-10,10.15,10.3,10.1,10.14,0.0,0.0,3319136.0,33694130.25,1684.0
8230,2009-08-09,9.92,10.3,9.86,10.14,0.24,2.42,8631340.0,87272434.5,3150.0
8230,2009-08-08,9.86,9.98,9.84,9.9,-0.03,-0.3,3271450.0,32425356.5,1646.0
8230,2009-08-05,9.92,10.15,9.9,9.93,0.0,0.0,4648530.0,46702501.0,2308.0
8230,2009-08-04,10.1,10.15,9.86,9.93,-0.18,-1.78,3188780.0,31830867.0,1575.0
8230,2009-08-03,10.15,10.3,10.04,10.11,-0.06,-0.59,4284650.0,43617495.25,1906.0
8230,2009-08-02,10.3,10.5,10.1,10.17,-0.12,-1.17,7552096.0,77640802.5,2950.0
8230,2009-08-01,10.3,10.55,10.15,10.29,0.09,0.88,8715676.0,90506755.25,3826.0
8230,2009-07-29,10.0,10.35,9.74,10.2,0.09,0.89,13481370.0,135534221.25,5551.0
8230,2009-07-28,10.35,10.65,9.96,10.11,-0.31,-2.98,12587496.0,129695047.25,5130.0
8230,2009-07-27,10.85,11.2,10.25,10.42,-0.61,-5.53,13901820.0,150037549.75,6056.0
8230,2009-07-26,11.2,11.3,10.7,11.03,-0.15,-1.34,22813576.0,251867311.5,8456.0
8230,2009-07-25,11.55,11.85,10.9,11.18,-0.06,-0.53,24743846.0,285492708.5,9839.0
8230,2009-07-22,10.85,11.5,10.8,11.24,0.61,5.74,46868520.0,521194658.0,14071.0
8230,2009-07-21,10.3,10.95,10.25,10.63,0.49,4.83,43631986.0,463237739.75,12392.0
8230,2009-07-20,9.92,10.65,9.74,10.14,0.18,1.81,38648376.0,395344323.75,12371.0
8230,2009-07-19,9.58,10.2,9.32,9.96,0.49,5.17,46532560.0,455951270.25,16475.0
8230,2009-07-18,8.74,9.46,8.64,9.47,0.86,9.99,39489920.0,358298012.5,13819.0
8230,2009-07-15,9.0,9.12,8.54,8.61,-0.46,-5.07,29729490.0,261366683.5,15347.0
8230,2009-07-14,9.84,9.9,8.94,9.07,-0.37,-3.92,46657650.0,438993321.75,30185.0
8230,2009-07-13,10.15,12.85,8.82,9.44,9.44,0.0,133098550.0,1426464153.75,125508.0
